[2026-08-30T23:13:28.111+0330] {manager.py:483} INFO - Processing files using up to 2 processes at a time 
[2026-08-30T23:13:28.112+0330] {manager.py:484} INFO - Process each file at most once every 30 seconds
[2026-08-30T23:13:28.113+0330] {manager.py:485} INFO - Checking for new files in /home/mmirnezamina/de_final_project/airflow/dags every 300 seconds
[2026-08-30T23:13:28.114+0330] {manager.py:821} INFO - Searching for files in /home/mmirnezamina/de_final_project/airflow/dags
[2026-08-30T23:13:28.180+0330] {manager.py:824} INFO - There are 57 files in /home/mmirnezamina/de_final_project/airflow/dags
[2026-08-30T23:13:29.470+0330] {manager.py:997} INFO - 
================================================================================
DAG File Processing Stats

File Path                                                                                                                                                      PID  Runtime      # DAGs    # Errors  Last Runtime    Last Run               Last # of DB Queries
-----------------------------------------------------------------------------------------------------------------------------------------------------------  -----  ---------  --------  ----------  --------------  -------------------  ----------------------
/home/mmirnezamina/de_final_project/airflowenv/lib/python3.10/site-packages/airflow/example_dags/subdags/subdag.py                                                                    0           0  0.21s           2026-08-30T19:43:29                       3
/home/mmirnezamina/de_final_project/airflowenv/lib/python3.10/site-packages/airflow/example_dags/example_setup_teardown_taskflow.py                                                   0           0                                                            0
/home/mmirnezamina/de_final_project/airflowenv/lib/python3.10/site-packages/airflow/example_dags/example_workday_timetable.py                                                         0           0                                                            0
/home/mmirnezamina/de_final_project/airflowenv/lib/python3.10/site-packages/airflow/example_dags/example_external_task_marker_dag.py                                                  0           0                                                            0
/home/mmirnezamina/de_final_project/airflowenv/lib/python3.10/site-packages/airflow/example_dags/example_outlet_event_extra.py                                                        0           0                                                            0
/home/mmirnezamina/de_final_project/airflowenv/lib/python3.10/site-packages/airflow/example_dags/example_params_ui_tutorial.py                                                        0           0                                                            0
/home/mmirnezamina/de_final_project/airflowenv/lib/python3.10/site-packages/airflow/example_dags/example_sensors.py                                                                   0           0                                                            0
/home/mmirnezamina/de_final_project/airflowenv/lib/python3.10/site-packages/airflow/example_dags/example_python_operator.py                                                           0           0                                                            0
/home/mmirnezamina/de_final_project/airflowenv/lib/python3.10/site-packages/airflow/example_dags/example_branch_datetime_operator.py                                                  0           0                                                            0
/home/mmirnezamina/de_final_project/airflowenv/lib/python3.10/site-packages/airflow/example_dags/example_datasets.py                                                                  0           0                                                            0
/home/mmirnezamina/de_final_project/airflowenv/lib/python3.10/site-packages/airflow/example_dags/example_bash_decorator.py                                                            0           0                                                            0
/home/mmirnezamina/de_final_project/airflowenv/lib/python3.10/site-packages/airflow/example_dags/example_branch_day_of_week_operator.py                                               0           0                                                            0
/home/mmirnezamina/de_final_project/airflowenv/lib/python3.10/site-packages/airflow/example_dags/example_kubernetes_executor.py                                                       0           0                                                            0
/home/mmirnezamina/de_final_project/airflowenv/lib/python3.10/site-packages/airflow/example_dags/example_inlet_event_extra.py                                                         0           0                                                            0
/home/mmirnezamina/de_final_project/airflowenv/lib/python3.10/site-packages/airflow/example_dags/example_dynamic_task_mapping.py                                                      0           0                                                            0
/home/mmirnezamina/de_final_project/airflowenv/lib/python3.10/site-packages/airflow/example_dags/example_display_name.py                                                              0           0                                                            0
/home/mmirnezamina/de_final_project/airflowenv/lib/python3.10/site-packages/airflow/example_dags/example_latest_only_with_trigger.py                                                  0           0                                                            0
/home/mmirnezamina/de_final_project/airflowenv/lib/python3.10/site-packages/airflow/example_dags/example_dataset_alias.py                                                             0           0                                                            0
/home/mmirnezamina/de_final_project/airflowenv/lib/python3.10/site-packages/airflow/example_dags/example_short_circuit_operator.py                                                    0           0                                                            0
/home/mmirnezamina/de_final_project/airflowenv/lib/python3.10/site-packages/airflow/example_dags/example_trigger_target_dag.py                                                        0           0                                                            0
/home/mmirnezamina/de_final_project/airflowenv/lib/python3.10/site-packages/airflow/example_dags/example_branch_python_dop_operator_3.py                                              0           0                                                            0
/home/mmirnezamina/de_final_project/airflowenv/lib/python3.10/site-packages/airflow/example_dags/example_task_group_decorator.py                                                      0           0                                                            0
/home/mmirnezamina/de_final_project/airflowenv/lib/python3.10/site-packages/airflow/example_dags/example_short_circuit_decorator.py                                                   0           0                                                            0
/home/mmirnezamina/de_final_project/airflowenv/lib/python3.10/site-packages/airflow/example_dags/tutorial_taskflow_api_virtualenv.py                                                  0           0                                                            0
/home/mmirnezamina/de_final_project/airflowenv/lib/python3.10/site-packages/airflow/example_dags/tutorial_dag.py                                                                      0           0                                                            0
/home/mmirnezamina/de_final_project/airflowenv/lib/python3.10/site-packages/airflow/example_dags/example_local_kubernetes_executor.py                                                 0           0                                                            0
/home/mmirnezamina/de_final_project/airflowenv/lib/python3.10/site-packages/airflow/example_dags/example_branch_operator.py                                                           0           0                                                            0
/home/mmirnezamina/de_final_project/airflowenv/lib/python3.10/site-packages/airflow/example_dags/example_branch_labels.py                                                             0           0                                                            0
/home/mmirnezamina/de_final_project/airflowenv/lib/python3.10/site-packages/airflow/example_dags/example_dynamic_task_mapping_with_no_taskflow_operators.py                           0           0                                                            0
/home/mmirnezamina/de_final_project/airflowenv/lib/python3.10/site-packages/airflow/example_dags/example_params_trigger_ui.py                                                         0           0                                                            0
/home/mmirnezamina/de_final_project/airflowenv/lib/python3.10/site-packages/airflow/example_dags/example_sensor_decorator.py                                                          0           0                                                            0
/home/mmirnezamina/de_final_project/airflowenv/lib/python3.10/site-packages/airflow/example_dags/example_task_group.py                                                                0           0                                                            0
/home/mmirnezamina/de_final_project/airflowenv/lib/python3.10/site-packages/airflow/example_dags/example_complex.py                                                                   0           0                                                            0
/home/mmirnezamina/de_final_project/airflowenv/lib/python3.10/site-packages/airflow/example_dags/tutorial_taskflow_api.py                                                             0           0                                                            0
/home/mmirnezamina/de_final_project/airflowenv/lib/python3.10/site-packages/airflow/example_dags/tutorial.py                                                                          0           0                                                            0
/home/mmirnezamina/de_final_project/airflowenv/lib/python3.10/site-packages/airflow/example_dags/example_latest_only.py                                                               0           0                                                            0
/home/mmirnezamina/de_final_project/airflowenv/lib/python3.10/site-packages/airflow/example_dags/example_dataset_alias_with_no_taskflow.py                                            0           0                                                            0
/home/mmirnezamina/de_final_project/airflowenv/lib/python3.10/site-packages/airflow/example_dags/example_time_delta_sensor_async.py                                                   0           0                                                            0
/home/mmirnezamina/de_final_project/airflowenv/lib/python3.10/site-packages/airflow/example_dags/example_dag_decorator.py                                                             0           0                                                            0
/home/mmirnezamina/de_final_project/airflowenv/lib/python3.10/site-packages/airflow/example_dags/example_subdag_operator.py                                                           0           0                                                            0
/home/mmirnezamina/de_final_project/airflowenv/lib/python3.10/site-packages/airflow/example_dags/example_xcomargs.py                                                                  0           0                                                            0
/home/mmirnezamina/de_final_project/airflowenv/lib/python3.10/site-packages/airflow/example_dags/example_bash_operator.py                                                             0           0                                                            0
/home/mmirnezamina/de_final_project/airflowenv/lib/python3.10/site-packages/airflow/example_dags/example_xcom.py                                                                      0           0                                                            0
/home/mmirnezamina/de_final_project/airflowenv/lib/python3.10/site-packages/airflow/example_dags/example_skip_dag.py                                                                  0           0                                                            0
/home/mmirnezamina/de_final_project/airflowenv/lib/python3.10/site-packages/airflow/example_dags/example_python_decorator.py                                                          0           0                                                            0
/home/mmirnezamina/de_final_project/airflowenv/lib/python3.10/site-packages/airflow/example_dags/tutorial_objectstorage.py                                                            0           0                                                            0
/home/mmirnezamina/de_final_project/airflowenv/lib/python3.10/site-packages/airflow/example_dags/example_trigger_controller_dag.py                                                    0           0                                                            0
/home/mmirnezamina/de_final_project/airflowenv/lib/python3.10/site-packages/airflow/example_dags/example_branch_operator_decorator.py                                                 0           0                                                            0
/home/mmirnezamina/de_final_project/airflowenv/lib/python3.10/site-packages/airflow/example_dags/example_setup_teardown.py                                                            0           0                                                            0
/home/mmirnezamina/de_final_project/airflowenv/lib/python3.10/site-packages/airflow/example_dags/tutorial_taskflow_templates.py                                                       0           0                                                            0
/home/mmirnezamina/de_final_project/airflowenv/lib/python3.10/site-packages/airflow/example_dags/example_nested_branch_dag.py                                                         0           0                                                            0
/home/mmirnezamina/de_final_project/airflowenv/lib/python3.10/site-packages/airflow/example_dags/example_passing_params_via_test_command.py                                           0           0                                                            0
/home/mmirnezamina/de_final_project/airflowenv/lib/python3.10/site-packages/airflow/example_dags/example_sla_dag.py                                                                   0           0                                                            0
/home/mmirnezamina/de_final_project/airflowenv/lib/python3.10/site-packages/airflow/example_dags/plugins/decreasing_priority_weight_strategy.py                                       0           0                                                            0
/home/mmirnezamina/de_final_project/airflowenv/lib/python3.10/site-packages/airflow/example_dags/plugins/event_listener.py                                                            0           0                                                            0
/home/mmirnezamina/de_final_project/airflowenv/lib/python3.10/site-packages/airflow/example_dags/plugins/workday.py                                          13097  0.18s             0           0                                                            0
/home/mmirnezamina/de_final_project/airflowenv/lib/python3.10/site-packages/airflow/example_dags/plugins/listener_plugin.py                                                           0           0                                                            0
================================================================================
[2026-08-30T23:13:59.633+0330] {manager.py:997} INFO - 
================================================================================
DAG File Processing Stats

File Path                                                                                                                                                      PID  Runtime      # DAGs    # Errors  Last Runtime    Last Run               Last # of DB Queries
-----------------------------------------------------------------------------------------------------------------------------------------------------------  -----  ---------  --------  ----------  --------------  -------------------  ----------------------
/home/mmirnezamina/de_final_project/airflowenv/lib/python3.10/site-packages/airflow/example_dags/example_datasets.py                                                                 10           0  2.63s           2026-08-30T19:43:54                     379
/home/mmirnezamina/de_final_project/airflowenv/lib/python3.10/site-packages/airflow/example_dags/example_task_group_decorator.py                                                      1           0  1.77s           2026-08-30T19:43:39                      43
/home/mmirnezamina/de_final_project/airflowenv/lib/python3.10/site-packages/airflow/example_dags/example_subdag_operator.py                                                           3           0  1.68s           2026-08-30T19:43:40                      53
/home/mmirnezamina/de_final_project/airflowenv/lib/python3.10/site-packages/airflow/example_dags/example_time_delta_sensor_async.py                                                   1           0  1.68s           2026-08-30T19:43:38                      43
/home/mmirnezamina/de_final_project/airflowenv/lib/python3.10/site-packages/airflow/example_dags/example_python_operator.py                                                           1           0  1.64s           2026-08-30T19:43:45                      43
/home/mmirnezamina/de_final_project/airflowenv/lib/python3.10/site-packages/airflow/example_dags/example_python_decorator.py                                                          1           0  1.63s           2026-08-30T19:43:46                      43
/home/mmirnezamina/de_final_project/airflowenv/lib/python3.10/site-packages/airflow/example_dags/example_outlet_event_extra.py                                                        3           0  1.62s           2026-08-30T19:43:49                     118
/home/mmirnezamina/de_final_project/airflowenv/lib/python3.10/site-packages/airflow/example_dags/example_task_group.py                                                                1           0  1.57s           2026-08-30T19:43:40                      43
/home/mmirnezamina/de_final_project/airflowenv/lib/python3.10/site-packages/airflow/example_dags/example_trigger_controller_dag.py                                                    1           0  1.52s           2026-08-30T19:43:37                      45
/home/mmirnezamina/de_final_project/airflowenv/lib/python3.10/site-packages/airflow/example_dags/example_trigger_target_dag.py                                                        1           0  1.52s           2026-08-30T19:43:36                      43
/home/mmirnezamina/de_final_project/airflowenv/lib/python3.10/site-packages/airflow/example_dags/example_xcomargs.py                                                                  2           0  1.52s           2026-08-30T19:43:34                      79
/home/mmirnezamina/de_final_project/airflowenv/lib/python3.10/site-packages/airflow/example_dags/example_dataset_alias_with_no_taskflow.py                                            4           0  1.48s           2026-08-30T19:43:53                     157
/home/mmirnezamina/de_final_project/airflowenv/lib/python3.10/site-packages/airflow/example_dags/tutorial_dag.py                                                                      1           0  1.40s           2026-08-30T19:43:33                      43
/home/mmirnezamina/de_final_project/airflowenv/lib/python3.10/site-packages/airflow/example_dags/example_xcom.py                                                                      1           0  1.38s           2026-08-30T19:43:34                      45
/home/mmirnezamina/de_final_project/airflowenv/lib/python3.10/site-packages/airflow/example_dags/example_dataset_alias.py                                                             4           0  1.24s           2026-08-30T19:43:55                     157
/home/mmirnezamina/de_final_project/airflowenv/lib/python3.10/site-packages/airflow/example_dags/example_passing_params_via_test_command.py                                           1           0  1.23s           2026-08-30T19:43:47                      45
/home/mmirnezamina/de_final_project/airflowenv/lib/python3.10/site-packages/airflow/example_dags/tutorial_taskflow_api.py                                                             1           0  1.22s           2026-08-30T19:43:32                      43
/home/mmirnezamina/de_final_project/airflowenv/lib/python3.10/site-packages/airflow/example_dags/tutorial_taskflow_templates.py                                                       1           0  1.19s           2026-08-30T19:43:31                      45
/home/mmirnezamina/de_final_project/airflowenv/lib/python3.10/site-packages/airflow/example_dags/tutorial.py                                                                          1           0  1.19s           2026-08-30T19:43:33                      45
/home/mmirnezamina/de_final_project/airflowenv/lib/python3.10/site-packages/airflow/example_dags/example_params_ui_tutorial.py                                                        1           0  1.14s           2026-08-30T19:43:47                      43
/home/mmirnezamina/de_final_project/airflowenv/lib/python3.10/site-packages/airflow/example_dags/example_nested_branch_dag.py                                                         1           0  1.11s           2026-08-30T19:43:49                      45
/home/mmirnezamina/de_final_project/airflowenv/lib/python3.10/site-packages/airflow/example_dags/example_sensor_decorator.py                                                          1           0  1.06s           2026-08-30T19:43:44                      43
/home/mmirnezamina/de_final_project/airflowenv/lib/python3.10/site-packages/airflow/example_dags/example_workday_timetable.py                                                         1           0  1.03s           2026-08-30T19:43:35                      45
/home/mmirnezamina/de_final_project/airflowenv/lib/python3.10/site-packages/airflow/example_dags/example_sla_dag.py                                                                   1           0  1.02s           2026-08-30T19:43:41                      45
/home/mmirnezamina/de_final_project/airflowenv/lib/python3.10/site-packages/airflow/example_dags/example_params_trigger_ui.py                                                         1           0  1.00s           2026-08-30T19:43:48                      43
/home/mmirnezamina/de_final_project/airflowenv/lib/python3.10/site-packages/airflow/example_dags/example_skip_dag.py                                                                  1           0  0.95s           2026-08-30T19:43:42                      45
/home/mmirnezamina/de_final_project/airflowenv/lib/python3.10/site-packages/airflow/example_dags/example_short_circuit_operator.py                                                    1           0  0.90s           2026-08-30T19:43:42                      43
/home/mmirnezamina/de_final_project/airflowenv/lib/python3.10/site-packages/airflow/example_dags/example_inlet_event_extra.py                                                         2           0  0.85s           2026-08-30T19:43:51                      81
/home/mmirnezamina/de_final_project/airflowenv/lib/python3.10/site-packages/airflow/example_dags/example_short_circuit_decorator.py                                                   1           0  0.77s           2026-08-30T19:43:43                      43
/home/mmirnezamina/de_final_project/airflowenv/lib/python3.10/site-packages/airflow/example_dags/example_external_task_marker_dag.py                                                  2           0  0.76s           2026-08-30T19:43:51                      79
/home/mmirnezamina/de_final_project/airflowenv/lib/python3.10/site-packages/airflow/example_dags/example_branch_datetime_operator.py                                                  3           0  0.75s           2026-08-30T19:43:57                     117
/home/mmirnezamina/de_final_project/airflowenv/lib/python3.10/site-packages/airflow/example_dags/example_latest_only_with_trigger.py                                                  1           0  0.72s           2026-08-30T19:43:50                      45
/home/mmirnezamina/de_final_project/airflowenv/lib/python3.10/site-packages/airflow/example_dags/example_dag_decorator.py                                                             1           0  0.69s           2026-08-30T19:43:55                      43
/home/mmirnezamina/de_final_project/airflowenv/lib/python3.10/site-packages/airflow/example_dags/example_latest_only.py                                                               1           0  0.67s           2026-08-30T19:43:50                      45
/home/mmirnezamina/de_final_project/airflowenv/lib/python3.10/site-packages/airflow/example_dags/example_sensors.py                                                                   1           0  0.66s           2026-08-30T19:43:44                      43
/home/mmirnezamina/de_final_project/airflowenv/lib/python3.10/site-packages/airflow/example_dags/example_setup_teardown_taskflow.py                                                   1           0  0.66s           2026-08-30T19:43:43                      43
/home/mmirnezamina/de_final_project/airflowenv/lib/python3.10/site-packages/airflow/example_dags/tutorial_taskflow_api_virtualenv.py                                                  0           0  0.64s           2026-08-30T19:43:30                       3
/home/mmirnezamina/de_final_project/airflowenv/lib/python3.10/site-packages/airflow/example_dags/example_setup_teardown.py                                                            1           0  0.63s           2026-08-30T19:43:43                      43
/home/mmirnezamina/de_final_project/airflowenv/lib/python3.10/site-packages/airflow/example_dags/example_display_name.py                                                              1           0  0.61s           2026-08-30T19:43:52                      43
/home/mmirnezamina/de_final_project/airflowenv/lib/python3.10/site-packages/airflow/example_dags/example_complex.py                                                                   1           0  0.56s           2026-08-30T19:43:55                      43
/home/mmirnezamina/de_final_project/airflowenv/lib/python3.10/site-packages/airflow/example_dags/example_dynamic_task_mapping_with_no_taskflow_operators.py                           1           0  0.55s           2026-08-30T19:43:51                      43
/home/mmirnezamina/de_final_project/airflowenv/lib/python3.10/site-packages/airflow/example_dags/example_dynamic_task_mapping.py                                                      1           0  0.54s           2026-08-30T19:43:51                      43
/home/mmirnezamina/de_final_project/airflowenv/lib/python3.10/site-packages/airflow/example_dags/example_bash_operator.py                                                             1           0  0.50s           2026-08-30T19:43:57                      45
/home/mmirnezamina/de_final_project/airflowenv/lib/python3.10/site-packages/airflow/example_dags/example_branch_python_dop_operator_3.py                                              1           0  0.49s           2026-08-30T19:43:56                      45
/home/mmirnezamina/de_final_project/airflowenv/lib/python3.10/site-packages/airflow/example_dags/example_bash_decorator.py                                                            1           0  0.46s           2026-08-30T19:43:57                      43
/home/mmirnezamina/de_final_project/airflowenv/lib/python3.10/site-packages/airflow/example_dags/example_branch_labels.py                                                             1           0  0.44s           2026-08-30T19:43:56                      45
/home/mmirnezamina/de_final_project/airflowenv/lib/python3.10/site-packages/airflow/example_dags/example_branch_day_of_week_operator.py                                               1           0  0.43s           2026-08-30T19:43:57                      45
/home/mmirnezamina/de_final_project/airflowenv/lib/python3.10/site-packages/airflow/example_dags/tutorial_objectstorage.py                                                            0           1  0.37s           2026-08-30T19:43:31                       3
/home/mmirnezamina/de_final_project/airflowenv/lib/python3.10/site-packages/airflow/example_dags/plugins/event_listener.py                                                            0           0  0.28s           2026-08-30T19:43:29                       3
/home/mmirnezamina/de_final_project/airflowenv/lib/python3.10/site-packages/airflow/example_dags/plugins/workday.py                                          13227  0.01s             0           0  0.27s           2026-08-30T19:43:29                       3
/home/mmirnezamina/de_final_project/airflowenv/lib/python3.10/site-packages/airflow/example_dags/example_branch_operator.py                                                           0           0  0.24s           2026-08-30T19:43:56                       3
/home/mmirnezamina/de_final_project/airflowenv/lib/python3.10/site-packages/airflow/example_dags/example_branch_operator_decorator.py                                                 0           0  0.24s           2026-08-30T19:43:55                       3
/home/mmirnezamina/de_final_project/airflowenv/lib/python3.10/site-packages/airflow/example_dags/plugins/listener_plugin.py                                                           0           0  0.22s           2026-08-30T19:43:29                       3
/home/mmirnezamina/de_final_project/airflowenv/lib/python3.10/site-packages/airflow/example_dags/subdags/subdag.py                                           13226  0.02s             0           0  0.21s           2026-08-30T19:43:29                       3
/home/mmirnezamina/de_final_project/airflowenv/lib/python3.10/site-packages/airflow/example_dags/example_kubernetes_executor.py                                                       0           0  0.17s           2026-08-30T19:43:50                       3
/home/mmirnezamina/de_final_project/airflowenv/lib/python3.10/site-packages/airflow/example_dags/plugins/decreasing_priority_weight_strategy.py                                       0           0  0.17s           2026-08-30T19:43:30                       3
/home/mmirnezamina/de_final_project/airflowenv/lib/python3.10/site-packages/airflow/example_dags/example_local_kubernetes_executor.py                                                 0           0  0.14s           2026-08-30T19:43:49                       3
================================================================================
[2026-08-30T23:14:30.203+0330] {manager.py:997} INFO - 
================================================================================
DAG File Processing Stats

File Path                                                                                                                                                      PID  Runtime      # DAGs    # Errors  Last Runtime    Last Run               Last # of DB Queries
-----------------------------------------------------------------------------------------------------------------------------------------------------------  -----  ---------  --------  ----------  --------------  -------------------  ----------------------
/home/mmirnezamina/de_final_project/airflowenv/lib/python3.10/site-packages/airflow/example_dags/example_outlet_event_extra.py                                                        3           0  0.45s           2026-08-30T19:44:19                      19
/home/mmirnezamina/de_final_project/airflowenv/lib/python3.10/site-packages/airflow/example_dags/example_python_operator.py                                                           1           0  0.40s           2026-08-30T19:44:16                      10
/home/mmirnezamina/de_final_project/airflowenv/lib/python3.10/site-packages/airflow/example_dags/example_nested_branch_dag.py                                                         1           0  0.38s           2026-08-30T19:44:19                      12
/home/mmirnezamina/de_final_project/airflowenv/lib/python3.10/site-packages/airflow/example_dags/example_passing_params_via_test_command.py                                           1           0  0.35s           2026-08-30T19:44:18                      12
/home/mmirnezamina/de_final_project/airflowenv/lib/python3.10/site-packages/airflow/example_dags/example_python_decorator.py                                                          1           0  0.32s           2026-08-30T19:44:16                      10
/home/mmirnezamina/de_final_project/airflowenv/lib/python3.10/site-packages/airflow/example_dags/tutorial_taskflow_api_virtualenv.py                                                  0           0  0.31s           2026-08-30T19:44:01                       3
/home/mmirnezamina/de_final_project/airflowenv/lib/python3.10/site-packages/airflow/example_dags/example_params_trigger_ui.py                                                         1           0  0.29s           2026-08-30T19:44:18                      10
/home/mmirnezamina/de_final_project/airflowenv/lib/python3.10/site-packages/airflow/example_dags/example_params_ui_tutorial.py                                                        1           0  0.29s           2026-08-30T19:44:18                      10
/home/mmirnezamina/de_final_project/airflowenv/lib/python3.10/site-packages/airflow/example_dags/example_bash_operator.py                                                             1           0  0.29s           2026-08-30T19:44:28                      12
/home/mmirnezamina/de_final_project/airflowenv/lib/python3.10/site-packages/airflow/example_dags/example_inlet_event_extra.py                                                         2           0  0.27s           2026-08-30T19:44:21                      15
/home/mmirnezamina/de_final_project/airflowenv/lib/python3.10/site-packages/airflow/example_dags/example_bash_decorator.py                                                            1           0  0.25s           2026-08-30T19:44:28                      10
/home/mmirnezamina/de_final_project/airflowenv/lib/python3.10/site-packages/airflow/example_dags/example_external_task_marker_dag.py                                                  2           0  0.24s           2026-08-30T19:44:21                      13
/home/mmirnezamina/de_final_project/airflowenv/lib/python3.10/site-packages/airflow/example_dags/example_dag_decorator.py                                                             1           0  0.24s           2026-08-30T19:44:25                      32
/home/mmirnezamina/de_final_project/airflowenv/lib/python3.10/site-packages/airflow/example_dags/example_branch_datetime_operator.py                                                  3           0  0.24s           2026-08-30T19:44:27                      18
/home/mmirnezamina/de_final_project/airflowenv/lib/python3.10/site-packages/airflow/example_dags/example_branch_operator_decorator.py                                                 0           0  0.22s           2026-08-30T19:44:26                       3
/home/mmirnezamina/de_final_project/airflowenv/lib/python3.10/site-packages/airflow/example_dags/tutorial_taskflow_templates.py                                                       1           0  0.22s           2026-08-30T19:44:02                      12
/home/mmirnezamina/de_final_project/airflowenv/lib/python3.10/site-packages/airflow/example_dags/example_branch_day_of_week_operator.py                                               1           0  0.21s           2026-08-30T19:44:27                      12
/home/mmirnezamina/de_final_project/airflowenv/lib/python3.10/site-packages/airflow/example_dags/example_xcom.py                                                                      1           0  0.21s           2026-08-30T19:44:05                      12
/home/mmirnezamina/de_final_project/airflowenv/lib/python3.10/site-packages/airflow/example_dags/example_branch_labels.py                                                             1           0  0.21s           2026-08-30T19:44:27                      12
/home/mmirnezamina/de_final_project/airflowenv/lib/python3.10/site-packages/airflow/example_dags/example_datasets.py                                                                 10           0  0.20s           2026-08-30T19:44:24                      49
/home/mmirnezamina/de_final_project/airflowenv/lib/python3.10/site-packages/airflow/example_dags/example_latest_only.py                                                               1           0  0.20s           2026-08-30T19:44:21                      12
/home/mmirnezamina/de_final_project/airflowenv/lib/python3.10/site-packages/airflow/example_dags/example_latest_only_with_trigger.py                                                  1           0  0.19s           2026-08-30T19:44:21                      12
/home/mmirnezamina/de_final_project/airflowenv/lib/python3.10/site-packages/airflow/example_dags/example_branch_operator.py                                                           0           0  0.18s           2026-08-30T19:44:26                       3
/home/mmirnezamina/de_final_project/airflowenv/lib/python3.10/site-packages/airflow/example_dags/tutorial_taskflow_api.py                                                             1           0  0.18s           2026-08-30T19:44:02                      10
/home/mmirnezamina/de_final_project/airflowenv/lib/python3.10/site-packages/airflow/example_dags/example_short_circuit_operator.py                                                    1           0  0.18s           2026-08-30T19:44:13                      10
/home/mmirnezamina/de_final_project/airflowenv/lib/python3.10/site-packages/airflow/example_dags/example_complex.py                                                                   1           0  0.17s           2026-08-30T19:44:26                      10
/home/mmirnezamina/de_final_project/airflowenv/lib/python3.10/site-packages/airflow/example_dags/example_sla_dag.py                                                                   1           0  0.17s           2026-08-30T19:44:12                      12
/home/mmirnezamina/de_final_project/airflowenv/lib/python3.10/site-packages/airflow/example_dags/example_dataset_alias_with_no_taskflow.py                                            4           0  0.17s           2026-08-30T19:44:24                      27
/home/mmirnezamina/de_final_project/airflowenv/lib/python3.10/site-packages/airflow/example_dags/example_dataset_alias.py                                                             4           0  0.16s           2026-08-30T19:44:25                      27
/home/mmirnezamina/de_final_project/airflowenv/lib/python3.10/site-packages/airflow/example_dags/example_branch_python_dop_operator_3.py                                              1           0  0.16s           2026-08-30T19:44:26                      12
/home/mmirnezamina/de_final_project/airflowenv/lib/python3.10/site-packages/airflow/example_dags/example_skip_dag.py                                                                  1           0  0.16s           2026-08-30T19:44:13                      12
/home/mmirnezamina/de_final_project/airflowenv/lib/python3.10/site-packages/airflow/example_dags/example_subdag_operator.py                                                           3           0  0.16s           2026-08-30T19:44:11                      20
/home/mmirnezamina/de_final_project/airflowenv/lib/python3.10/site-packages/airflow/example_dags/example_xcomargs.py                                                                  2           0  0.16s           2026-08-30T19:44:05                      13
/home/mmirnezamina/de_final_project/airflowenv/lib/python3.10/site-packages/airflow/example_dags/example_dynamic_task_mapping.py                                                      1           0  0.15s           2026-08-30T19:44:22                      10
/home/mmirnezamina/de_final_project/airflowenv/lib/python3.10/site-packages/airflow/example_dags/example_short_circuit_decorator.py                                                   1           0  0.15s           2026-08-30T19:44:13                      10
/home/mmirnezamina/de_final_project/airflowenv/lib/python3.10/site-packages/airflow/example_dags/example_local_kubernetes_executor.py                                                 0           0  0.15s           2026-08-30T19:44:20                       3
/home/mmirnezamina/de_final_project/airflowenv/lib/python3.10/site-packages/airflow/example_dags/example_setup_teardown.py                                                            1           0  0.15s           2026-08-30T19:44:14                      10
/home/mmirnezamina/de_final_project/airflowenv/lib/python3.10/site-packages/airflow/example_dags/example_workday_timetable.py                                                         1           0  0.15s           2026-08-30T19:44:06                      12
/home/mmirnezamina/de_final_project/airflowenv/lib/python3.10/site-packages/airflow/example_dags/example_dynamic_task_mapping_with_no_taskflow_operators.py                           1           0  0.15s           2026-08-30T19:44:22                      10
/home/mmirnezamina/de_final_project/airflowenv/lib/python3.10/site-packages/airflow/example_dags/tutorial.py                                                                          1           0  0.14s           2026-08-30T19:44:03                      12
/home/mmirnezamina/de_final_project/airflowenv/lib/python3.10/site-packages/airflow/example_dags/example_display_name.py                                                              1           0  0.14s           2026-08-30T19:44:22                      10
/home/mmirnezamina/de_final_project/airflowenv/lib/python3.10/site-packages/airflow/example_dags/example_setup_teardown_taskflow.py                                                   1           0  0.13s           2026-08-30T19:44:14                      10
/home/mmirnezamina/de_final_project/airflowenv/lib/python3.10/site-packages/airflow/example_dags/example_task_group_decorator.py                                                      1           0  0.13s           2026-08-30T19:44:09                      10
/home/mmirnezamina/de_final_project/airflowenv/lib/python3.10/site-packages/airflow/example_dags/example_sensor_decorator.py                                                          1           0  0.13s           2026-08-30T19:44:15                      10
/home/mmirnezamina/de_final_project/airflowenv/lib/python3.10/site-packages/airflow/example_dags/example_sensors.py                                                                   1           0  0.12s           2026-08-30T19:44:14                      10
/home/mmirnezamina/de_final_project/airflowenv/lib/python3.10/site-packages/airflow/example_dags/example_trigger_controller_dag.py                                                    1           0  0.12s           2026-08-30T19:44:07                      12
/home/mmirnezamina/de_final_project/airflowenv/lib/python3.10/site-packages/airflow/example_dags/example_trigger_target_dag.py                                                        1           0  0.12s           2026-08-30T19:44:07                      10
/home/mmirnezamina/de_final_project/airflowenv/lib/python3.10/site-packages/airflow/example_dags/tutorial_dag.py                                                                      1           0  0.11s           2026-08-30T19:44:03                      10
/home/mmirnezamina/de_final_project/airflowenv/lib/python3.10/site-packages/airflow/example_dags/example_task_group.py                                                                1           0  0.11s           2026-08-30T19:44:10                      10
/home/mmirnezamina/de_final_project/airflowenv/lib/python3.10/site-packages/airflow/example_dags/example_kubernetes_executor.py                                                       0           0  0.11s           2026-08-30T19:44:21                       3
/home/mmirnezamina/de_final_project/airflowenv/lib/python3.10/site-packages/airflow/example_dags/plugins/decreasing_priority_weight_strategy.py                                       0           0  0.10s           2026-08-30T19:44:00                       3
/home/mmirnezamina/de_final_project/airflowenv/lib/python3.10/site-packages/airflow/example_dags/tutorial_objectstorage.py                                                            0           1  0.10s           2026-08-30T19:44:02                       5
/home/mmirnezamina/de_final_project/airflowenv/lib/python3.10/site-packages/airflow/example_dags/example_time_delta_sensor_async.py                                                   1           0  0.09s           2026-08-30T19:44:08                      10
/home/mmirnezamina/de_final_project/airflowenv/lib/python3.10/site-packages/airflow/example_dags/plugins/workday.py                                          13348  0.01s             0           0  0.08s           2026-08-30T19:43:59                       3
/home/mmirnezamina/de_final_project/airflowenv/lib/python3.10/site-packages/airflow/example_dags/subdags/subdag.py                                           13347  0.02s             0           0  0.08s           2026-08-30T19:43:59                       3
/home/mmirnezamina/de_final_project/airflowenv/lib/python3.10/site-packages/airflow/example_dags/plugins/event_listener.py                                                            0           0  0.08s           2026-08-30T19:44:00                       3
/home/mmirnezamina/de_final_project/airflowenv/lib/python3.10/site-packages/airflow/example_dags/plugins/listener_plugin.py                                                           0           0  0.08s           2026-08-30T19:44:00                       3
================================================================================
[2026-08-30T23:15:00.422+0330] {manager.py:997} INFO - 
================================================================================
DAG File Processing Stats

File Path                                                                                                                                                      PID  Runtime      # DAGs    # Errors  Last Runtime    Last Run               Last # of DB Queries
-----------------------------------------------------------------------------------------------------------------------------------------------------------  -----  ---------  --------  ----------  --------------  -------------------  ----------------------
/home/mmirnezamina/de_final_project/airflowenv/lib/python3.10/site-packages/airflow/example_dags/example_datasets.py                                                                 10           0  1.12s           2026-08-30T19:44:56                      49
/home/mmirnezamina/de_final_project/airflowenv/lib/python3.10/site-packages/airflow/example_dags/example_dag_decorator.py                                                             1           0  1.02s           2026-08-30T19:44:57                      32
/home/mmirnezamina/de_final_project/airflowenv/lib/python3.10/site-packages/airflow/example_dags/example_dataset_alias_with_no_taskflow.py                                            4           0  0.92s           2026-08-30T19:44:56                      27
/home/mmirnezamina/de_final_project/airflowenv/lib/python3.10/site-packages/airflow/example_dags/example_branch_python_dop_operator_3.py                                              1           0  0.67s           2026-08-30T19:44:58                      12
/home/mmirnezamina/de_final_project/airflowenv/lib/python3.10/site-packages/airflow/example_dags/example_dataset_alias.py                                                             4           0  0.66s           2026-08-30T19:44:57                      27
/home/mmirnezamina/de_final_project/airflowenv/lib/python3.10/site-packages/airflow/example_dags/example_branch_datetime_operator.py                                                  3           0  0.63s           2026-08-30T19:45:00                      18
/home/mmirnezamina/de_final_project/airflowenv/lib/python3.10/site-packages/airflow/example_dags/example_branch_operator.py                                                           0           0  0.62s           2026-08-30T19:44:59                       3
/home/mmirnezamina/de_final_project/airflowenv/lib/python3.10/site-packages/airflow/example_dags/example_branch_operator_decorator.py                                                 0           0  0.58s           2026-08-30T19:44:58                       3
/home/mmirnezamina/de_final_project/airflowenv/lib/python3.10/site-packages/airflow/example_dags/example_branch_day_of_week_operator.py                                               1           0  0.58s           2026-08-30T19:44:59                      12
/home/mmirnezamina/de_final_project/airflowenv/lib/python3.10/site-packages/airflow/example_dags/example_bash_operator.py                                                             1           0  0.57s           2026-08-30T19:45:00                      12
/home/mmirnezamina/de_final_project/airflowenv/lib/python3.10/site-packages/airflow/example_dags/example_complex.py                                                                   1           0  0.50s           2026-08-30T19:44:57                      10
/home/mmirnezamina/de_final_project/airflowenv/lib/python3.10/site-packages/airflow/example_dags/example_branch_labels.py                                                             1           0  0.47s           2026-08-30T19:44:59                      12
/home/mmirnezamina/de_final_project/airflowenv/lib/python3.10/site-packages/airflow/example_dags/example_params_ui_tutorial.py                                                        1           0  0.30s           2026-08-30T19:44:48                      10
/home/mmirnezamina/de_final_project/airflowenv/lib/python3.10/site-packages/airflow/example_dags/example_python_operator.py                                                           1           0  0.28s           2026-08-30T19:44:47                      10
/home/mmirnezamina/de_final_project/airflowenv/lib/python3.10/site-packages/airflow/example_dags/example_params_trigger_ui.py                                                         1           0  0.27s           2026-08-30T19:44:48                      10
/home/mmirnezamina/de_final_project/airflowenv/lib/python3.10/site-packages/airflow/example_dags/example_passing_params_via_test_command.py                                           1           0  0.26s           2026-08-30T19:44:48                      12
/home/mmirnezamina/de_final_project/airflowenv/lib/python3.10/site-packages/airflow/example_dags/example_dynamic_task_mapping.py                                                      1           0  0.25s           2026-08-30T19:44:53                      10
/home/mmirnezamina/de_final_project/airflowenv/lib/python3.10/site-packages/airflow/example_dags/example_bash_decorator.py                                   13464  0.30s             1           0  0.25s           2026-08-30T19:44:28                      10
/home/mmirnezamina/de_final_project/airflowenv/lib/python3.10/site-packages/airflow/example_dags/example_inlet_event_extra.py                                                         2           0  0.25s           2026-08-30T19:44:52                      15
/home/mmirnezamina/de_final_project/airflowenv/lib/python3.10/site-packages/airflow/example_dags/example_display_name.py                                                              1           0  0.23s           2026-08-30T19:44:53                      10
/home/mmirnezamina/de_final_project/airflowenv/lib/python3.10/site-packages/airflow/example_dags/example_subdag_operator.py                                                           3           0  0.23s           2026-08-30T19:44:41                      20
/home/mmirnezamina/de_final_project/airflowenv/lib/python3.10/site-packages/airflow/example_dags/example_external_task_marker_dag.py                                                  2           0  0.22s           2026-08-30T19:44:52                      13
/home/mmirnezamina/de_final_project/airflowenv/lib/python3.10/site-packages/airflow/example_dags/example_python_decorator.py                                                          1           0  0.22s           2026-08-30T19:44:47                      10
/home/mmirnezamina/de_final_project/airflowenv/lib/python3.10/site-packages/airflow/example_dags/example_dynamic_task_mapping_with_no_taskflow_operators.py                           1           0  0.21s           2026-08-30T19:44:53                      10
/home/mmirnezamina/de_final_project/airflowenv/lib/python3.10/site-packages/airflow/example_dags/example_latest_only_with_trigger.py                                                  1           0  0.20s           2026-08-30T19:44:52                      12
/home/mmirnezamina/de_final_project/airflowenv/lib/python3.10/site-packages/airflow/example_dags/example_setup_teardown.py                                                            1           0  0.19s           2026-08-30T19:44:44                      10
/home/mmirnezamina/de_final_project/airflowenv/lib/python3.10/site-packages/airflow/example_dags/example_xcomargs.py                                                                  2           0  0.18s           2026-08-30T19:44:35                      13
/home/mmirnezamina/de_final_project/airflowenv/lib/python3.10/site-packages/airflow/example_dags/example_setup_teardown_taskflow.py                                                   1           0  0.18s           2026-08-30T19:44:44                      10
/home/mmirnezamina/de_final_project/airflowenv/lib/python3.10/site-packages/airflow/example_dags/example_sensors.py                                                                   1           0  0.18s           2026-08-30T19:44:44                      10
/home/mmirnezamina/de_final_project/airflowenv/lib/python3.10/site-packages/airflow/example_dags/example_xcom.py                                                                      1           0  0.18s           2026-08-30T19:44:35                      12
/home/mmirnezamina/de_final_project/airflowenv/lib/python3.10/site-packages/airflow/example_dags/example_task_group.py                                                                1           0  0.17s           2026-08-30T19:44:41                      10
/home/mmirnezamina/de_final_project/airflowenv/lib/python3.10/site-packages/airflow/example_dags/example_outlet_event_extra.py                                                        3           0  0.17s           2026-08-30T19:44:50                      19
/home/mmirnezamina/de_final_project/airflowenv/lib/python3.10/site-packages/airflow/example_dags/example_latest_only.py                                                               1           0  0.16s           2026-08-30T19:44:52                      12
/home/mmirnezamina/de_final_project/airflowenv/lib/python3.10/site-packages/airflow/example_dags/example_workday_timetable.py                                                         1           0  0.16s           2026-08-30T19:44:37                      12
/home/mmirnezamina/de_final_project/airflowenv/lib/python3.10/site-packages/airflow/example_dags/example_task_group_decorator.py                                                      1           0  0.14s           2026-08-30T19:44:40                      10
/home/mmirnezamina/de_final_project/airflowenv/lib/python3.10/site-packages/airflow/example_dags/example_trigger_target_dag.py                                                        1           0  0.14s           2026-08-30T19:44:38                      10
/home/mmirnezamina/de_final_project/airflowenv/lib/python3.10/site-packages/airflow/example_dags/tutorial_taskflow_templates.py                                                       1           0  0.14s           2026-08-30T19:44:32                      12
/home/mmirnezamina/de_final_project/airflowenv/lib/python3.10/site-packages/airflow/example_dags/example_trigger_controller_dag.py                                                    1           0  0.14s           2026-08-30T19:44:38                      12
/home/mmirnezamina/de_final_project/airflowenv/lib/python3.10/site-packages/airflow/example_dags/tutorial_taskflow_api_virtualenv.py                                                  0           0  0.14s           2026-08-30T19:44:31                       3
/home/mmirnezamina/de_final_project/airflowenv/lib/python3.10/site-packages/airflow/example_dags/example_sensor_decorator.py                                                          1           0  0.14s           2026-08-30T19:44:45                      10
/home/mmirnezamina/de_final_project/airflowenv/lib/python3.10/site-packages/airflow/example_dags/example_nested_branch_dag.py                                                         1           0  0.13s           2026-08-30T19:44:50                      12
/home/mmirnezamina/de_final_project/airflowenv/lib/python3.10/site-packages/airflow/example_dags/tutorial.py                                                                          1           0  0.12s           2026-08-30T19:44:33                      12
/home/mmirnezamina/de_final_project/airflowenv/lib/python3.10/site-packages/airflow/example_dags/example_time_delta_sensor_async.py                                                   1           0  0.12s           2026-08-30T19:44:39                      10
/home/mmirnezamina/de_final_project/airflowenv/lib/python3.10/site-packages/airflow/example_dags/tutorial_taskflow_api.py                                                             1           0  0.12s           2026-08-30T19:44:32                      10
/home/mmirnezamina/de_final_project/airflowenv/lib/python3.10/site-packages/airflow/example_dags/example_short_circuit_operator.py                                                    1           0  0.12s           2026-08-30T19:44:43                      10
/home/mmirnezamina/de_final_project/airflowenv/lib/python3.10/site-packages/airflow/example_dags/example_sla_dag.py                                                                   1           0  0.12s           2026-08-30T19:44:42                      12
/home/mmirnezamina/de_final_project/airflowenv/lib/python3.10/site-packages/airflow/example_dags/example_short_circuit_decorator.py                                                   1           0  0.12s           2026-08-30T19:44:43                      10
/home/mmirnezamina/de_final_project/airflowenv/lib/python3.10/site-packages/airflow/example_dags/example_skip_dag.py                                                                  1           0  0.12s           2026-08-30T19:44:43                      12
/home/mmirnezamina/de_final_project/airflowenv/lib/python3.10/site-packages/airflow/example_dags/tutorial_dag.py                                                                      1           0  0.12s           2026-08-30T19:44:33                      10
/home/mmirnezamina/de_final_project/airflowenv/lib/python3.10/site-packages/airflow/example_dags/example_kubernetes_executor.py                                                       0           0  0.07s           2026-08-30T19:44:52                       3
/home/mmirnezamina/de_final_project/airflowenv/lib/python3.10/site-packages/airflow/example_dags/tutorial_objectstorage.py                                                            0           1  0.07s           2026-08-30T19:44:32                       5
/home/mmirnezamina/de_final_project/airflowenv/lib/python3.10/site-packages/airflow/example_dags/example_local_kubernetes_executor.py                                                 0           0  0.07s           2026-08-30T19:44:50                       3
/home/mmirnezamina/de_final_project/airflowenv/lib/python3.10/site-packages/airflow/example_dags/plugins/workday.py                                                                   0           0  0.07s           2026-08-30T19:44:30                       3
/home/mmirnezamina/de_final_project/airflowenv/lib/python3.10/site-packages/airflow/example_dags/subdags/subdag.py                                           13466  0.01s             0           0  0.07s           2026-08-30T19:44:30                       3
/home/mmirnezamina/de_final_project/airflowenv/lib/python3.10/site-packages/airflow/example_dags/plugins/event_listener.py                                                            0           0  0.06s           2026-08-30T19:44:31                       3
/home/mmirnezamina/de_final_project/airflowenv/lib/python3.10/site-packages/airflow/example_dags/plugins/listener_plugin.py                                                           0           0  0.05s           2026-08-30T19:44:31                       3
/home/mmirnezamina/de_final_project/airflowenv/lib/python3.10/site-packages/airflow/example_dags/plugins/decreasing_priority_weight_strategy.py                                       0           0  0.05s           2026-08-30T19:44:31                       3
================================================================================
[2026-08-30T23:15:30.562+0330] {manager.py:997} INFO - 
================================================================================
DAG File Processing Stats

File Path                                                                                                                                                      PID  Runtime      # DAGs    # Errors  Last Runtime    Last Run               Last # of DB Queries
-----------------------------------------------------------------------------------------------------------------------------------------------------------  -----  ---------  --------  ----------  --------------  -------------------  ----------------------
/home/mmirnezamina/de_final_project/airflowenv/lib/python3.10/site-packages/airflow/example_dags/example_datasets.py                                                                 10           0  1.61s           2026-08-30T19:45:28                      49
/home/mmirnezamina/de_final_project/airflowenv/lib/python3.10/site-packages/airflow/example_dags/example_dag_decorator.py                                                             1           0  1.29s           2026-08-30T19:45:29                      32
/home/mmirnezamina/de_final_project/airflowenv/lib/python3.10/site-packages/airflow/example_dags/example_dataset_alias.py                                                             4           0  1.19s           2026-08-30T19:45:29                      27
/home/mmirnezamina/de_final_project/airflowenv/lib/python3.10/site-packages/airflow/example_dags/example_dataset_alias_with_no_taskflow.py                                            4           0  1.16s           2026-08-30T19:45:27                      27
/home/mmirnezamina/de_final_project/airflowenv/lib/python3.10/site-packages/airflow/example_dags/example_python_decorator.py                                                          1           0  1.13s           2026-08-30T19:45:18                      10
/home/mmirnezamina/de_final_project/airflowenv/lib/python3.10/site-packages/airflow/example_dags/example_inlet_event_extra.py                                                         2           0  0.96s           2026-08-30T19:45:24                      15
/home/mmirnezamina/de_final_project/airflowenv/lib/python3.10/site-packages/airflow/example_dags/example_python_operator.py                                                           1           0  0.93s           2026-08-30T19:45:18                      10
/home/mmirnezamina/de_final_project/airflowenv/lib/python3.10/site-packages/airflow/example_dags/example_setup_teardown.py                                                            1           0  0.91s           2026-08-30T19:45:16                      10
/home/mmirnezamina/de_final_project/airflowenv/lib/python3.10/site-packages/airflow/example_dags/example_setup_teardown_taskflow.py                                                   1           0  0.90s           2026-08-30T19:45:15                      10
/home/mmirnezamina/de_final_project/airflowenv/lib/python3.10/site-packages/airflow/example_dags/example_sensors.py                                                                   1           0  0.87s           2026-08-30T19:45:16                      10
/home/mmirnezamina/de_final_project/airflowenv/lib/python3.10/site-packages/airflow/example_dags/example_external_task_marker_dag.py                                                  2           0  0.85s           2026-08-30T19:45:24                      13
/home/mmirnezamina/de_final_project/airflowenv/lib/python3.10/site-packages/airflow/example_dags/example_params_trigger_ui.py                                                         1           0  0.79s           2026-08-30T19:45:20                      10
/home/mmirnezamina/de_final_project/airflowenv/lib/python3.10/site-packages/airflow/example_dags/example_dynamic_task_mapping.py                                                      1           0  0.69s           2026-08-30T19:45:25                      10
/home/mmirnezamina/de_final_project/airflowenv/lib/python3.10/site-packages/airflow/example_dags/example_dynamic_task_mapping_with_no_taskflow_operators.py                           1           0  0.68s           2026-08-30T19:45:25                      10
/home/mmirnezamina/de_final_project/airflowenv/lib/python3.10/site-packages/airflow/example_dags/example_branch_python_dop_operator_3.py                                              1           0  0.67s           2026-08-30T19:45:30                      12
/home/mmirnezamina/de_final_project/airflowenv/lib/python3.10/site-packages/airflow/example_dags/example_complex.py                                                                   1           0  0.64s           2026-08-30T19:45:29                      10
/home/mmirnezamina/de_final_project/airflowenv/lib/python3.10/site-packages/airflow/example_dags/example_display_name.py                                                              1           0  0.64s           2026-08-30T19:45:25                      10
/home/mmirnezamina/de_final_project/airflowenv/lib/python3.10/site-packages/airflow/example_dags/example_branch_datetime_operator.py                                                  3           0  0.63s           2026-08-30T19:45:00                      18
/home/mmirnezamina/de_final_project/airflowenv/lib/python3.10/site-packages/airflow/example_dags/example_params_ui_tutorial.py                                                        1           0  0.63s           2026-08-30T19:45:19                      10
/home/mmirnezamina/de_final_project/airflowenv/lib/python3.10/site-packages/airflow/example_dags/example_branch_operator.py                                  13572  0.03s             0           0  0.62s           2026-08-30T19:44:59                       3
/home/mmirnezamina/de_final_project/airflowenv/lib/python3.10/site-packages/airflow/example_dags/example_sensor_decorator.py                                                          1           0  0.58s           2026-08-30T19:45:17                      10
/home/mmirnezamina/de_final_project/airflowenv/lib/python3.10/site-packages/airflow/example_dags/example_branch_operator_decorator.py                        13571  0.34s             0           0  0.58s           2026-08-30T19:44:58                       3
/home/mmirnezamina/de_final_project/airflowenv/lib/python3.10/site-packages/airflow/example_dags/example_latest_only.py                                                               1           0  0.58s           2026-08-30T19:45:23                      12
/home/mmirnezamina/de_final_project/airflowenv/lib/python3.10/site-packages/airflow/example_dags/example_branch_day_of_week_operator.py                                               1           0  0.58s           2026-08-30T19:44:59                      12
/home/mmirnezamina/de_final_project/airflowenv/lib/python3.10/site-packages/airflow/example_dags/example_bash_operator.py                                                             1           0  0.57s           2026-08-30T19:45:00                      12
/home/mmirnezamina/de_final_project/airflowenv/lib/python3.10/site-packages/airflow/example_dags/example_latest_only_with_trigger.py                                                  1           0  0.48s           2026-08-30T19:45:23                      12
/home/mmirnezamina/de_final_project/airflowenv/lib/python3.10/site-packages/airflow/example_dags/example_passing_params_via_test_command.py                                           1           0  0.47s           2026-08-30T19:45:19                      12
/home/mmirnezamina/de_final_project/airflowenv/lib/python3.10/site-packages/airflow/example_dags/example_branch_labels.py                                                             1           0  0.47s           2026-08-30T19:44:59                      12
/home/mmirnezamina/de_final_project/airflowenv/lib/python3.10/site-packages/airflow/example_dags/example_kubernetes_executor.py                                                       0           0  0.42s           2026-08-30T19:45:23                       3
/home/mmirnezamina/de_final_project/airflowenv/lib/python3.10/site-packages/airflow/example_dags/example_outlet_event_extra.py                                                        3           0  0.41s           2026-08-30T19:45:21                      19
/home/mmirnezamina/de_final_project/airflowenv/lib/python3.10/site-packages/airflow/example_dags/example_bash_decorator.py                                                            1           0  0.40s           2026-08-30T19:45:00                      10
/home/mmirnezamina/de_final_project/airflowenv/lib/python3.10/site-packages/airflow/example_dags/tutorial_taskflow_templates.py                                                       1           0  0.33s           2026-08-30T19:45:03                      12
/home/mmirnezamina/de_final_project/airflowenv/lib/python3.10/site-packages/airflow/example_dags/example_nested_branch_dag.py                                                         1           0  0.31s           2026-08-30T19:45:21                      12
/home/mmirnezamina/de_final_project/airflowenv/lib/python3.10/site-packages/airflow/example_dags/tutorial_taskflow_api.py                                                             1           0  0.27s           2026-08-30T19:45:03                      10
/home/mmirnezamina/de_final_project/airflowenv/lib/python3.10/site-packages/airflow/example_dags/example_short_circuit_decorator.py                                                   1           0  0.27s           2026-08-30T19:45:14                      10
/home/mmirnezamina/de_final_project/airflowenv/lib/python3.10/site-packages/airflow/example_dags/example_short_circuit_operator.py                                                    1           0  0.26s           2026-08-30T19:45:14                      10
/home/mmirnezamina/de_final_project/airflowenv/lib/python3.10/site-packages/airflow/example_dags/tutorial_taskflow_api_virtualenv.py                                                  0           0  0.25s           2026-08-30T19:45:01                       3
/home/mmirnezamina/de_final_project/airflowenv/lib/python3.10/site-packages/airflow/example_dags/example_skip_dag.py                                                                  1           0  0.24s           2026-08-30T19:45:14                      12
/home/mmirnezamina/de_final_project/airflowenv/lib/python3.10/site-packages/airflow/example_dags/example_local_kubernetes_executor.py                                                 0           0  0.23s           2026-08-30T19:45:21                       3
/home/mmirnezamina/de_final_project/airflowenv/lib/python3.10/site-packages/airflow/example_dags/example_sla_dag.py                                                                   1           0  0.18s           2026-08-30T19:45:12                      12
/home/mmirnezamina/de_final_project/airflowenv/lib/python3.10/site-packages/airflow/example_dags/example_time_delta_sensor_async.py                                                   1           0  0.16s           2026-08-30T19:45:09                      10
/home/mmirnezamina/de_final_project/airflowenv/lib/python3.10/site-packages/airflow/example_dags/subdags/subdag.py                                                                    0           0  0.15s           2026-08-30T19:45:00                       3
/home/mmirnezamina/de_final_project/airflowenv/lib/python3.10/site-packages/airflow/example_dags/example_xcomargs.py                                                                  2           0  0.14s           2026-08-30T19:45:06                      13
/home/mmirnezamina/de_final_project/airflowenv/lib/python3.10/site-packages/airflow/example_dags/example_xcom.py                                                                      1           0  0.14s           2026-08-30T19:45:06                      12
/home/mmirnezamina/de_final_project/airflowenv/lib/python3.10/site-packages/airflow/example_dags/example_subdag_operator.py                                                           3           0  0.14s           2026-08-30T19:45:11                      20
/home/mmirnezamina/de_final_project/airflowenv/lib/python3.10/site-packages/airflow/example_dags/tutorial_objectstorage.py                                                            0           1  0.14s           2026-08-30T19:45:03                       5
/home/mmirnezamina/de_final_project/airflowenv/lib/python3.10/site-packages/airflow/example_dags/tutorial.py                                                                          1           0  0.14s           2026-08-30T19:45:04                      12
/home/mmirnezamina/de_final_project/airflowenv/lib/python3.10/site-packages/airflow/example_dags/example_task_group_decorator.py                                                      1           0  0.13s           2026-08-30T19:45:10                      10
/home/mmirnezamina/de_final_project/airflowenv/lib/python3.10/site-packages/airflow/example_dags/tutorial_dag.py                                                                      1           0  0.13s           2026-08-30T19:45:04                      10
/home/mmirnezamina/de_final_project/airflowenv/lib/python3.10/site-packages/airflow/example_dags/plugins/workday.py                                                                   0           0  0.12s           2026-08-30T19:45:00                       3
/home/mmirnezamina/de_final_project/airflowenv/lib/python3.10/site-packages/airflow/example_dags/example_task_group.py                                                                1           0  0.11s           2026-08-30T19:45:11                      10
/home/mmirnezamina/de_final_project/airflowenv/lib/python3.10/site-packages/airflow/example_dags/example_workday_timetable.py                                                         1           0  0.11s           2026-08-30T19:45:07                      12
/home/mmirnezamina/de_final_project/airflowenv/lib/python3.10/site-packages/airflow/example_dags/example_trigger_target_dag.py                                                        1           0  0.09s           2026-08-30T19:45:08                      10
/home/mmirnezamina/de_final_project/airflowenv/lib/python3.10/site-packages/airflow/example_dags/example_trigger_controller_dag.py                                                    1           0  0.09s           2026-08-30T19:45:08                      12
/home/mmirnezamina/de_final_project/airflowenv/lib/python3.10/site-packages/airflow/example_dags/plugins/event_listener.py                                                            0           0  0.06s           2026-08-30T19:45:01                       3
/home/mmirnezamina/de_final_project/airflowenv/lib/python3.10/site-packages/airflow/example_dags/plugins/decreasing_priority_weight_strategy.py                                       0           0  0.06s           2026-08-30T19:45:01                       3
/home/mmirnezamina/de_final_project/airflowenv/lib/python3.10/site-packages/airflow/example_dags/plugins/listener_plugin.py                                                           0           0  0.06s           2026-08-30T19:45:01                       3
================================================================================
[2026-08-30T23:16:01.153+0330] {manager.py:997} INFO - 
================================================================================
DAG File Processing Stats

File Path                                                                                                                                                      PID  Runtime      # DAGs    # Errors  Last Runtime    Last Run               Last # of DB Queries
-----------------------------------------------------------------------------------------------------------------------------------------------------------  -----  ---------  --------  ----------  --------------  -------------------  ----------------------
/home/mmirnezamina/de_final_project/airflowenv/lib/python3.10/site-packages/airflow/example_dags/example_branch_python_dop_operator_3.py                     13688  0.01s             1           0  0.67s           2026-08-30T19:45:30                      12
/home/mmirnezamina/de_final_project/airflowenv/lib/python3.10/site-packages/airflow/example_dags/example_branch_datetime_operator.py                                                  3           0  0.65s           2026-08-30T19:45:32                      18
/home/mmirnezamina/de_final_project/airflowenv/lib/python3.10/site-packages/airflow/example_dags/example_branch_operator_decorator.py                        13689  0.00s             0           0  0.63s           2026-08-30T19:45:30                       3
/home/mmirnezamina/de_final_project/airflowenv/lib/python3.10/site-packages/airflow/example_dags/example_bash_operator.py                                                             1           0  0.58s           2026-08-30T19:45:32                      12
/home/mmirnezamina/de_final_project/airflowenv/lib/python3.10/site-packages/airflow/example_dags/example_branch_operator.py                                                           0           0  0.55s           2026-08-30T19:45:31                       3
/home/mmirnezamina/de_final_project/airflowenv/lib/python3.10/site-packages/airflow/example_dags/example_bash_decorator.py                                                            1           0  0.50s           2026-08-30T19:45:32                      10
/home/mmirnezamina/de_final_project/airflowenv/lib/python3.10/site-packages/airflow/example_dags/example_branch_day_of_week_operator.py                                               1           0  0.50s           2026-08-30T19:45:31                      12
/home/mmirnezamina/de_final_project/airflowenv/lib/python3.10/site-packages/airflow/example_dags/example_branch_labels.py                                                             1           0  0.49s           2026-08-30T19:45:31                      12
/home/mmirnezamina/de_final_project/airflowenv/lib/python3.10/site-packages/airflow/example_dags/tutorial_taskflow_templates.py                                                       1           0  0.45s           2026-08-30T19:45:33                      12
/home/mmirnezamina/de_final_project/airflowenv/lib/python3.10/site-packages/airflow/example_dags/tutorial_taskflow_api_virtualenv.py                                                  0           0  0.43s           2026-08-30T19:45:33                       3
/home/mmirnezamina/de_final_project/airflowenv/lib/python3.10/site-packages/airflow/example_dags/example_dag_decorator.py                                                             1           0  0.37s           2026-08-30T19:46:00                      32
/home/mmirnezamina/de_final_project/airflowenv/lib/python3.10/site-packages/airflow/example_dags/example_datasets.py                                                                 10           0  0.35s           2026-08-30T19:45:58                      49
/home/mmirnezamina/de_final_project/airflowenv/lib/python3.10/site-packages/airflow/example_dags/tutorial_taskflow_api.py                                                             1           0  0.30s           2026-08-30T19:45:33                      10
/home/mmirnezamina/de_final_project/airflowenv/lib/python3.10/site-packages/airflow/example_dags/example_dataset_alias_with_no_taskflow.py                                            4           0  0.28s           2026-08-30T19:45:58                      27
/home/mmirnezamina/de_final_project/airflowenv/lib/python3.10/site-packages/airflow/example_dags/example_dataset_alias.py                                                             4           0  0.25s           2026-08-30T19:45:59                      27
/home/mmirnezamina/de_final_project/airflowenv/lib/python3.10/site-packages/airflow/example_dags/example_dynamic_task_mapping_with_no_taskflow_operators.py                           1           0  0.24s           2026-08-30T19:45:56                      10
/home/mmirnezamina/de_final_project/airflowenv/lib/python3.10/site-packages/airflow/example_dags/plugins/listener_plugin.py                                                           0           0  0.23s           2026-08-30T19:45:32                       3
/home/mmirnezamina/de_final_project/airflowenv/lib/python3.10/site-packages/airflow/example_dags/example_complex.py                                                                   1           0  0.23s           2026-08-30T19:46:00                      10
/home/mmirnezamina/de_final_project/airflowenv/lib/python3.10/site-packages/airflow/example_dags/tutorial.py                                                                          1           0  0.22s           2026-08-30T19:45:34                      12
/home/mmirnezamina/de_final_project/airflowenv/lib/python3.10/site-packages/airflow/example_dags/example_skip_dag.py                                                                  1           0  0.21s           2026-08-30T19:45:44                      12
/home/mmirnezamina/de_final_project/airflowenv/lib/python3.10/site-packages/airflow/example_dags/example_dynamic_task_mapping.py                                                      1           0  0.20s           2026-08-30T19:45:56                      10
/home/mmirnezamina/de_final_project/airflowenv/lib/python3.10/site-packages/airflow/example_dags/example_display_name.py                                                              1           0  0.20s           2026-08-30T19:45:56                      10
/home/mmirnezamina/de_final_project/airflowenv/lib/python3.10/site-packages/airflow/example_dags/tutorial_dag.py                                                                      1           0  0.19s           2026-08-30T19:45:34                      10
/home/mmirnezamina/de_final_project/airflowenv/lib/python3.10/site-packages/airflow/example_dags/subdags/subdag.py                                                                    0           0  0.19s           2026-08-30T19:45:31                       3
/home/mmirnezamina/de_final_project/airflowenv/lib/python3.10/site-packages/airflow/example_dags/plugins/event_listener.py                                                            0           0  0.19s           2026-08-30T19:45:32                       3
/home/mmirnezamina/de_final_project/airflowenv/lib/python3.10/site-packages/airflow/example_dags/example_short_circuit_operator.py                                                    1           0  0.18s           2026-08-30T19:45:44                      10
/home/mmirnezamina/de_final_project/airflowenv/lib/python3.10/site-packages/airflow/example_dags/example_inlet_event_extra.py                                                         2           0  0.18s           2026-08-30T19:45:55                      15
/home/mmirnezamina/de_final_project/airflowenv/lib/python3.10/site-packages/airflow/example_dags/example_subdag_operator.py                                                           3           0  0.17s           2026-08-30T19:45:42                      20
/home/mmirnezamina/de_final_project/airflowenv/lib/python3.10/site-packages/airflow/example_dags/tutorial_objectstorage.py                                                            0           1  0.17s           2026-08-30T19:45:33                       5
/home/mmirnezamina/de_final_project/airflowenv/lib/python3.10/site-packages/airflow/example_dags/plugins/decreasing_priority_weight_strategy.py                                       0           0  0.17s           2026-08-30T19:45:33                       3
/home/mmirnezamina/de_final_project/airflowenv/lib/python3.10/site-packages/airflow/example_dags/example_latest_only.py                                                               1           0  0.17s           2026-08-30T19:45:53                      12
/home/mmirnezamina/de_final_project/airflowenv/lib/python3.10/site-packages/airflow/example_dags/example_python_operator.py                                                           1           0  0.16s           2026-08-30T19:45:49                      10
/home/mmirnezamina/de_final_project/airflowenv/lib/python3.10/site-packages/airflow/example_dags/example_outlet_event_extra.py                                                        3           0  0.16s           2026-08-30T19:45:52                      19
/home/mmirnezamina/de_final_project/airflowenv/lib/python3.10/site-packages/airflow/example_dags/example_latest_only_with_trigger.py                                                  1           0  0.16s           2026-08-30T19:45:53                      12
/home/mmirnezamina/de_final_project/airflowenv/lib/python3.10/site-packages/airflow/example_dags/example_short_circuit_decorator.py                                                   1           0  0.16s           2026-08-30T19:45:45                      10
/home/mmirnezamina/de_final_project/airflowenv/lib/python3.10/site-packages/airflow/example_dags/example_xcom.py                                                                      1           0  0.16s           2026-08-30T19:45:37                      12
/home/mmirnezamina/de_final_project/airflowenv/lib/python3.10/site-packages/airflow/example_dags/plugins/workday.py                                                                   0           0  0.15s           2026-08-30T19:45:31                       3
/home/mmirnezamina/de_final_project/airflowenv/lib/python3.10/site-packages/airflow/example_dags/example_external_task_marker_dag.py                                                  2           0  0.15s           2026-08-30T19:45:55                      13
/home/mmirnezamina/de_final_project/airflowenv/lib/python3.10/site-packages/airflow/example_dags/example_python_decorator.py                                                          1           0  0.15s           2026-08-30T19:45:48                      10
/home/mmirnezamina/de_final_project/airflowenv/lib/python3.10/site-packages/airflow/example_dags/example_task_group.py                                                                1           0  0.15s           2026-08-30T19:45:42                      10
/home/mmirnezamina/de_final_project/airflowenv/lib/python3.10/site-packages/airflow/example_dags/example_params_ui_tutorial.py                                                        1           0  0.14s           2026-08-30T19:45:50                      10
/home/mmirnezamina/de_final_project/airflowenv/lib/python3.10/site-packages/airflow/example_dags/example_xcomargs.py                                                                  2           0  0.14s           2026-08-30T19:45:37                      13
/home/mmirnezamina/de_final_project/airflowenv/lib/python3.10/site-packages/airflow/example_dags/example_params_trigger_ui.py                                                         1           0  0.14s           2026-08-30T19:45:50                      10
/home/mmirnezamina/de_final_project/airflowenv/lib/python3.10/site-packages/airflow/example_dags/example_nested_branch_dag.py                                                         1           0  0.13s           2026-08-30T19:45:52                      12
/home/mmirnezamina/de_final_project/airflowenv/lib/python3.10/site-packages/airflow/example_dags/example_trigger_controller_dag.py                                                    1           0  0.13s           2026-08-30T19:45:39                      12
/home/mmirnezamina/de_final_project/airflowenv/lib/python3.10/site-packages/airflow/example_dags/example_sla_dag.py                                                                   1           0  0.12s           2026-08-30T19:45:43                      12
/home/mmirnezamina/de_final_project/airflowenv/lib/python3.10/site-packages/airflow/example_dags/example_sensors.py                                                                   1           0  0.12s           2026-08-30T19:45:47                      10
/home/mmirnezamina/de_final_project/airflowenv/lib/python3.10/site-packages/airflow/example_dags/example_trigger_target_dag.py                                                        1           0  0.12s           2026-08-30T19:45:39                      10
/home/mmirnezamina/de_final_project/airflowenv/lib/python3.10/site-packages/airflow/example_dags/example_workday_timetable.py                                                         1           0  0.11s           2026-08-30T19:45:38                      12
/home/mmirnezamina/de_final_project/airflowenv/lib/python3.10/site-packages/airflow/example_dags/example_task_group_decorator.py                                                      1           0  0.11s           2026-08-30T19:45:41                      10
/home/mmirnezamina/de_final_project/airflowenv/lib/python3.10/site-packages/airflow/example_dags/example_time_delta_sensor_async.py                                                   1           0  0.11s           2026-08-30T19:45:40                      10
/home/mmirnezamina/de_final_project/airflowenv/lib/python3.10/site-packages/airflow/example_dags/example_sensor_decorator.py                                                          1           0  0.11s           2026-08-30T19:45:47                      10
/home/mmirnezamina/de_final_project/airflowenv/lib/python3.10/site-packages/airflow/example_dags/example_passing_params_via_test_command.py                                           1           0  0.11s           2026-08-30T19:45:49                      12
/home/mmirnezamina/de_final_project/airflowenv/lib/python3.10/site-packages/airflow/example_dags/example_setup_teardown_taskflow.py                                                   1           0  0.10s           2026-08-30T19:45:46                      10
/home/mmirnezamina/de_final_project/airflowenv/lib/python3.10/site-packages/airflow/example_dags/example_setup_teardown.py                                                            1           0  0.09s           2026-08-30T19:45:46                      10
/home/mmirnezamina/de_final_project/airflowenv/lib/python3.10/site-packages/airflow/example_dags/example_kubernetes_executor.py                                                       0           0  0.07s           2026-08-30T19:45:54                       3
/home/mmirnezamina/de_final_project/airflowenv/lib/python3.10/site-packages/airflow/example_dags/example_local_kubernetes_executor.py                                                 0           0  0.06s           2026-08-30T19:45:52                       3
================================================================================
[2026-08-30T23:16:31.482+0330] {manager.py:997} INFO - 
================================================================================
DAG File Processing Stats

File Path                                                                                                                                                      PID  Runtime      # DAGs    # Errors  Last Runtime    Last Run               Last # of DB Queries
-----------------------------------------------------------------------------------------------------------------------------------------------------------  -----  ---------  --------  ----------  --------------  -------------------  ----------------------
/home/mmirnezamina/de_final_project/airflowenv/lib/python3.10/site-packages/airflow/example_dags/example_bash_decorator.py                                                            1           0  0.45s           2026-08-30T19:46:03                      10
/home/mmirnezamina/de_final_project/airflowenv/lib/python3.10/site-packages/airflow/example_dags/tutorial_taskflow_api_virtualenv.py                                                  0           0  0.43s           2026-08-30T19:46:03                       3
/home/mmirnezamina/de_final_project/airflowenv/lib/python3.10/site-packages/airflow/example_dags/example_python_operator.py                                                           1           0  0.35s           2026-08-30T19:46:20                      10
/home/mmirnezamina/de_final_project/airflowenv/lib/python3.10/site-packages/airflow/example_dags/example_complex.py                                                                   1           0  0.33s           2026-08-30T19:46:30                      10
/home/mmirnezamina/de_final_project/airflowenv/lib/python3.10/site-packages/airflow/example_dags/example_passing_params_via_test_command.py                                           1           0  0.27s           2026-08-30T19:46:20                      12
/home/mmirnezamina/de_final_project/airflowenv/lib/python3.10/site-packages/airflow/example_dags/example_dag_decorator.py                                                             1           0  0.25s           2026-08-30T19:46:30                      32
/home/mmirnezamina/de_final_project/airflowenv/lib/python3.10/site-packages/airflow/example_dags/tutorial_taskflow_templates.py                                                       1           0  0.25s           2026-08-30T19:46:04                      12
/home/mmirnezamina/de_final_project/airflowenv/lib/python3.10/site-packages/airflow/example_dags/example_subdag_operator.py                                                           3           0  0.24s           2026-08-30T19:46:13                      20
/home/mmirnezamina/de_final_project/airflowenv/lib/python3.10/site-packages/airflow/example_dags/example_params_ui_tutorial.py                                                        1           0  0.24s           2026-08-30T19:46:21                      10
/home/mmirnezamina/de_final_project/airflowenv/lib/python3.10/site-packages/airflow/example_dags/tutorial.py                                                                          1           0  0.23s           2026-08-30T19:46:05                      12
/home/mmirnezamina/de_final_project/airflowenv/lib/python3.10/site-packages/airflow/example_dags/example_setup_teardown_taskflow.py                                                   1           0  0.23s           2026-08-30T19:46:16                      10
/home/mmirnezamina/de_final_project/airflowenv/lib/python3.10/site-packages/airflow/example_dags/example_latest_only.py                                                               1           0  0.22s           2026-08-30T19:46:24                      12
/home/mmirnezamina/de_final_project/airflowenv/lib/python3.10/site-packages/airflow/example_dags/example_datasets.py                                                                 10           0  0.22s           2026-08-30T19:46:29                      49
/home/mmirnezamina/de_final_project/airflowenv/lib/python3.10/site-packages/airflow/example_dags/example_setup_teardown.py                                                            1           0  0.22s           2026-08-30T19:46:16                      10
/home/mmirnezamina/de_final_project/airflowenv/lib/python3.10/site-packages/airflow/example_dags/example_latest_only_with_trigger.py                                                  1           0  0.22s           2026-08-30T19:46:24                      12
/home/mmirnezamina/de_final_project/airflowenv/lib/python3.10/site-packages/airflow/example_dags/example_python_decorator.py                                                          1           0  0.21s           2026-08-30T19:46:18                      10
/home/mmirnezamina/de_final_project/airflowenv/lib/python3.10/site-packages/airflow/example_dags/example_params_trigger_ui.py                                                         1           0  0.21s           2026-08-30T19:46:21                      10
/home/mmirnezamina/de_final_project/airflowenv/lib/python3.10/site-packages/airflow/example_dags/tutorial_dag.py                                                                      1           0  0.21s           2026-08-30T19:46:05                      10
/home/mmirnezamina/de_final_project/airflowenv/lib/python3.10/site-packages/airflow/example_dags/plugins/listener_plugin.py                                                           0           0  0.21s           2026-08-30T19:46:03                       3
/home/mmirnezamina/de_final_project/airflowenv/lib/python3.10/site-packages/airflow/example_dags/tutorial_taskflow_api.py                                                             1           0  0.21s           2026-08-30T19:46:04                      10
/home/mmirnezamina/de_final_project/airflowenv/lib/python3.10/site-packages/airflow/example_dags/example_sensors.py                                                                   1           0  0.21s           2026-08-30T19:46:17                      10
/home/mmirnezamina/de_final_project/airflowenv/lib/python3.10/site-packages/airflow/example_dags/plugins/event_listener.py                                                            0           0  0.19s           2026-08-30T19:46:03                       3
/home/mmirnezamina/de_final_project/airflowenv/lib/python3.10/site-packages/airflow/example_dags/example_bash_operator.py                                                             1           0  0.18s           2026-08-30T19:46:02                      12
/home/mmirnezamina/de_final_project/airflowenv/lib/python3.10/site-packages/airflow/example_dags/example_sensor_decorator.py                                                          1           0  0.18s           2026-08-30T19:46:17                      10
/home/mmirnezamina/de_final_project/airflowenv/lib/python3.10/site-packages/airflow/example_dags/example_branch_operator_decorator.py                                                 0           0  0.18s           2026-08-30T19:46:01                       3
/home/mmirnezamina/de_final_project/airflowenv/lib/python3.10/site-packages/airflow/example_dags/example_outlet_event_extra.py                                                        3           0  0.18s           2026-08-30T19:46:23                      19
/home/mmirnezamina/de_final_project/airflowenv/lib/python3.10/site-packages/airflow/example_dags/example_dataset_alias_with_no_taskflow.py                                            4           0  0.17s           2026-08-30T19:46:29                      27
/home/mmirnezamina/de_final_project/airflowenv/lib/python3.10/site-packages/airflow/example_dags/example_branch_operator.py                                                           0           0  0.17s           2026-08-30T19:46:01                       3
/home/mmirnezamina/de_final_project/airflowenv/lib/python3.10/site-packages/airflow/example_dags/plugins/decreasing_priority_weight_strategy.py                                       0           0  0.17s           2026-08-30T19:46:03                       3
/home/mmirnezamina/de_final_project/airflowenv/lib/python3.10/site-packages/airflow/example_dags/example_short_circuit_operator.py                                                    1           0  0.17s           2026-08-30T19:46:15                      10
/home/mmirnezamina/de_final_project/airflowenv/lib/python3.10/site-packages/airflow/example_dags/example_branch_python_dop_operator_3.py                     13807  0.01s             1           0  0.17s           2026-08-30T19:46:01                      12
/home/mmirnezamina/de_final_project/airflowenv/lib/python3.10/site-packages/airflow/example_dags/example_task_group.py                                                                1           0  0.16s           2026-08-30T19:46:12                      10
/home/mmirnezamina/de_final_project/airflowenv/lib/python3.10/site-packages/airflow/example_dags/example_dataset_alias.py                                                             4           0  0.16s           2026-08-30T19:46:30                      27
/home/mmirnezamina/de_final_project/airflowenv/lib/python3.10/site-packages/airflow/example_dags/example_skip_dag.py                                                                  1           0  0.16s           2026-08-30T19:46:15                      12
/home/mmirnezamina/de_final_project/airflowenv/lib/python3.10/site-packages/airflow/example_dags/example_branch_datetime_operator.py                                                  3           0  0.16s           2026-08-30T19:46:02                      18
/home/mmirnezamina/de_final_project/airflowenv/lib/python3.10/site-packages/airflow/example_dags/example_short_circuit_decorator.py                                                   1           0  0.16s           2026-08-30T19:46:15                      10
/home/mmirnezamina/de_final_project/airflowenv/lib/python3.10/site-packages/airflow/example_dags/example_inlet_event_extra.py                                                         2           0  0.15s           2026-08-30T19:46:25                      15
/home/mmirnezamina/de_final_project/airflowenv/lib/python3.10/site-packages/airflow/example_dags/example_nested_branch_dag.py                                                         1           0  0.15s           2026-08-30T19:46:23                      12
/home/mmirnezamina/de_final_project/airflowenv/lib/python3.10/site-packages/airflow/example_dags/example_trigger_controller_dag.py                                                    1           0  0.14s           2026-08-30T19:46:09                      12
/home/mmirnezamina/de_final_project/airflowenv/lib/python3.10/site-packages/airflow/example_dags/example_trigger_target_dag.py                                                        1           0  0.13s           2026-08-30T19:46:09                      10
/home/mmirnezamina/de_final_project/airflowenv/lib/python3.10/site-packages/airflow/example_dags/example_sla_dag.py                                                                   1           0  0.13s           2026-08-30T19:46:14                      12
/home/mmirnezamina/de_final_project/airflowenv/lib/python3.10/site-packages/airflow/example_dags/example_branch_labels.py                                                             1           0  0.13s           2026-08-30T19:46:01                      12
/home/mmirnezamina/de_final_project/airflowenv/lib/python3.10/site-packages/airflow/example_dags/example_external_task_marker_dag.py                                                  2           0  0.13s           2026-08-30T19:46:25                      13
/home/mmirnezamina/de_final_project/airflowenv/lib/python3.10/site-packages/airflow/example_dags/example_dynamic_task_mapping.py                                                      1           0  0.13s           2026-08-30T19:46:26                      10
/home/mmirnezamina/de_final_project/airflowenv/lib/python3.10/site-packages/airflow/example_dags/example_display_name.py                                                              1           0  0.13s           2026-08-30T19:46:27                      10
/home/mmirnezamina/de_final_project/airflowenv/lib/python3.10/site-packages/airflow/example_dags/example_branch_day_of_week_operator.py                                               1           0  0.13s           2026-08-30T19:46:02                      12
/home/mmirnezamina/de_final_project/airflowenv/lib/python3.10/site-packages/airflow/example_dags/example_dynamic_task_mapping_with_no_taskflow_operators.py                           1           0  0.13s           2026-08-30T19:46:26                      10
/home/mmirnezamina/de_final_project/airflowenv/lib/python3.10/site-packages/airflow/example_dags/example_xcom.py                                                                      1           0  0.12s           2026-08-30T19:46:07                      12
/home/mmirnezamina/de_final_project/airflowenv/lib/python3.10/site-packages/airflow/example_dags/example_xcomargs.py                                                                  2           0  0.12s           2026-08-30T19:46:07                      13
/home/mmirnezamina/de_final_project/airflowenv/lib/python3.10/site-packages/airflow/example_dags/tutorial_objectstorage.py                                                            0           1  0.11s           2026-08-30T19:46:04                       5
/home/mmirnezamina/de_final_project/airflowenv/lib/python3.10/site-packages/airflow/example_dags/example_workday_timetable.py                                                         1           0  0.10s           2026-08-30T19:46:08                      12
/home/mmirnezamina/de_final_project/airflowenv/lib/python3.10/site-packages/airflow/example_dags/example_task_group_decorator.py                                                      1           0  0.09s           2026-08-30T19:46:11                      10
/home/mmirnezamina/de_final_project/airflowenv/lib/python3.10/site-packages/airflow/example_dags/example_time_delta_sensor_async.py                                                   1           0  0.09s           2026-08-30T19:46:10                      10
/home/mmirnezamina/de_final_project/airflowenv/lib/python3.10/site-packages/airflow/example_dags/example_kubernetes_executor.py                                                       0           0  0.08s           2026-08-30T19:46:24                       3
/home/mmirnezamina/de_final_project/airflowenv/lib/python3.10/site-packages/airflow/example_dags/subdags/subdag.py                                           13806  0.02s             0           0  0.07s           2026-08-30T19:46:01                       3
/home/mmirnezamina/de_final_project/airflowenv/lib/python3.10/site-packages/airflow/example_dags/example_local_kubernetes_executor.py                                                 0           0  0.06s           2026-08-30T19:46:23                       3
/home/mmirnezamina/de_final_project/airflowenv/lib/python3.10/site-packages/airflow/example_dags/plugins/workday.py                                                                   0           0  0.06s           2026-08-30T19:46:01                       3
================================================================================
[2026-08-30T23:17:01.621+0330] {manager.py:997} INFO - 
================================================================================
DAG File Processing Stats

File Path                                                                                                                                                      PID  Runtime      # DAGs    # Errors  Last Runtime    Last Run               Last # of DB Queries
-----------------------------------------------------------------------------------------------------------------------------------------------------------  -----  ---------  --------  ----------  --------------  -------------------  ----------------------
/home/mmirnezamina/de_final_project/airflowenv/lib/python3.10/site-packages/airflow/example_dags/example_dataset_alias.py                                                             4           0  0.76s           2026-08-30T19:47:01                      27
/home/mmirnezamina/de_final_project/airflowenv/lib/python3.10/site-packages/airflow/example_dags/example_bash_operator.py                                                             1           0  0.43s           2026-08-30T19:46:34                      12
/home/mmirnezamina/de_final_project/airflowenv/lib/python3.10/site-packages/airflow/example_dags/example_branch_operator.py                                                           0           0  0.41s           2026-08-30T19:46:32                       3
/home/mmirnezamina/de_final_project/airflowenv/lib/python3.10/site-packages/airflow/example_dags/example_branch_datetime_operator.py                                                  3           0  0.40s           2026-08-30T19:46:34                      18
/home/mmirnezamina/de_final_project/airflowenv/lib/python3.10/site-packages/airflow/example_dags/tutorial_taskflow_templates.py                                                       1           0  0.37s           2026-08-30T19:46:34                      12
/home/mmirnezamina/de_final_project/airflowenv/lib/python3.10/site-packages/airflow/example_dags/tutorial_taskflow_api_virtualenv.py                                                  0           0  0.37s           2026-08-30T19:46:35                       3
/home/mmirnezamina/de_final_project/airflowenv/lib/python3.10/site-packages/airflow/example_dags/tutorial_taskflow_api.py                                                             1           0  0.35s           2026-08-30T19:46:35                      10
/home/mmirnezamina/de_final_project/airflowenv/lib/python3.10/site-packages/airflow/example_dags/example_sensors.py                                                                   1           0  0.33s           2026-08-30T19:46:48                      10
/home/mmirnezamina/de_final_project/airflowenv/lib/python3.10/site-packages/airflow/example_dags/example_complex.py                                          13965  0.35s             1           0  0.33s           2026-08-30T19:46:30                      10
/home/mmirnezamina/de_final_project/airflowenv/lib/python3.10/site-packages/airflow/example_dags/example_sensor_decorator.py                                                          1           0  0.33s           2026-08-30T19:46:48                      10
/home/mmirnezamina/de_final_project/airflowenv/lib/python3.10/site-packages/airflow/example_dags/example_branch_labels.py                                                             1           0  0.31s           2026-08-30T19:46:32                      12
/home/mmirnezamina/de_final_project/airflowenv/lib/python3.10/site-packages/airflow/example_dags/example_bash_decorator.py                                                            1           0  0.31s           2026-08-30T19:46:34                      10
/home/mmirnezamina/de_final_project/airflowenv/lib/python3.10/site-packages/airflow/example_dags/example_branch_operator_decorator.py                                                 0           0  0.30s           2026-08-30T19:46:31                       3
/home/mmirnezamina/de_final_project/airflowenv/lib/python3.10/site-packages/airflow/example_dags/example_dag_decorator.py                                    13962  1.07s             1           0  0.25s           2026-08-30T19:46:30                      32
/home/mmirnezamina/de_final_project/airflowenv/lib/python3.10/site-packages/airflow/example_dags/example_python_decorator.py                                                          1           0  0.25s           2026-08-30T19:46:49                      10
/home/mmirnezamina/de_final_project/airflowenv/lib/python3.10/site-packages/airflow/example_dags/example_datasets.py                                                                 10           0  0.23s           2026-08-30T19:46:59                      49
/home/mmirnezamina/de_final_project/airflowenv/lib/python3.10/site-packages/airflow/example_dags/example_branch_day_of_week_operator.py                                               1           0  0.23s           2026-08-30T19:46:33                      12
/home/mmirnezamina/de_final_project/airflowenv/lib/python3.10/site-packages/airflow/example_dags/example_branch_python_dop_operator_3.py                                              1           0  0.22s           2026-08-30T19:46:31                      12
/home/mmirnezamina/de_final_project/airflowenv/lib/python3.10/site-packages/airflow/example_dags/example_setup_teardown.py                                                            1           0  0.22s           2026-08-30T19:46:46                      10
/home/mmirnezamina/de_final_project/airflowenv/lib/python3.10/site-packages/airflow/example_dags/example_params_ui_tutorial.py                                                        1           0  0.21s           2026-08-30T19:46:51                      10
/home/mmirnezamina/de_final_project/airflowenv/lib/python3.10/site-packages/airflow/example_dags/tutorial_objectstorage.py                                                            0           1  0.21s           2026-08-30T19:46:35                       5
/home/mmirnezamina/de_final_project/airflowenv/lib/python3.10/site-packages/airflow/example_dags/example_params_trigger_ui.py                                                         1           0  0.21s           2026-08-30T19:46:51                      10
/home/mmirnezamina/de_final_project/airflowenv/lib/python3.10/site-packages/airflow/example_dags/example_setup_teardown_taskflow.py                                                   1           0  0.21s           2026-08-30T19:46:46                      10
/home/mmirnezamina/de_final_project/airflowenv/lib/python3.10/site-packages/airflow/example_dags/example_dataset_alias_with_no_taskflow.py                                            4           0  0.20s           2026-08-30T19:46:59                      27
/home/mmirnezamina/de_final_project/airflowenv/lib/python3.10/site-packages/airflow/example_dags/example_python_operator.py                                                           1           0  0.20s           2026-08-30T19:46:50                      10
/home/mmirnezamina/de_final_project/airflowenv/lib/python3.10/site-packages/airflow/example_dags/plugins/workday.py                                                                   0           0  0.18s           2026-08-30T19:46:31                       3
/home/mmirnezamina/de_final_project/airflowenv/lib/python3.10/site-packages/airflow/example_dags/plugins/decreasing_priority_weight_strategy.py                                       0           0  0.17s           2026-08-30T19:46:34                       3
/home/mmirnezamina/de_final_project/airflowenv/lib/python3.10/site-packages/airflow/example_dags/tutorial.py                                                                          1           0  0.17s           2026-08-30T19:46:36                      12
/home/mmirnezamina/de_final_project/airflowenv/lib/python3.10/site-packages/airflow/example_dags/example_latest_only.py                                                               1           0  0.17s           2026-08-30T19:46:54                      12
/home/mmirnezamina/de_final_project/airflowenv/lib/python3.10/site-packages/airflow/example_dags/tutorial_dag.py                                                                      1           0  0.16s           2026-08-30T19:46:36                      10
/home/mmirnezamina/de_final_project/airflowenv/lib/python3.10/site-packages/airflow/example_dags/example_skip_dag.py                                                                  1           0  0.16s           2026-08-30T19:46:45                      12
/home/mmirnezamina/de_final_project/airflowenv/lib/python3.10/site-packages/airflow/example_dags/example_latest_only_with_trigger.py                                                  1           0  0.16s           2026-08-30T19:46:54                      12
/home/mmirnezamina/de_final_project/airflowenv/lib/python3.10/site-packages/airflow/example_dags/example_outlet_event_extra.py                                                        3           0  0.14s           2026-08-30T19:46:53                      19
/home/mmirnezamina/de_final_project/airflowenv/lib/python3.10/site-packages/airflow/example_dags/example_passing_params_via_test_command.py                                           1           0  0.14s           2026-08-30T19:46:50                      12
/home/mmirnezamina/de_final_project/airflowenv/lib/python3.10/site-packages/airflow/example_dags/example_inlet_event_extra.py                                                         2           0  0.14s           2026-08-30T19:46:56                      15
/home/mmirnezamina/de_final_project/airflowenv/lib/python3.10/site-packages/airflow/example_dags/example_short_circuit_operator.py                                                    1           0  0.14s           2026-08-30T19:46:45                      10
/home/mmirnezamina/de_final_project/airflowenv/lib/python3.10/site-packages/airflow/example_dags/example_subdag_operator.py                                                           3           0  0.14s           2026-08-30T19:46:43                      20
/home/mmirnezamina/de_final_project/airflowenv/lib/python3.10/site-packages/airflow/example_dags/example_sla_dag.py                                                                   1           0  0.14s           2026-08-30T19:46:44                      12
/home/mmirnezamina/de_final_project/airflowenv/lib/python3.10/site-packages/airflow/example_dags/plugins/event_listener.py                                                            0           0  0.13s           2026-08-30T19:46:33                       3
/home/mmirnezamina/de_final_project/airflowenv/lib/python3.10/site-packages/airflow/example_dags/example_dynamic_task_mapping.py                                                      1           0  0.13s           2026-08-30T19:46:57                      10
/home/mmirnezamina/de_final_project/airflowenv/lib/python3.10/site-packages/airflow/example_dags/plugins/listener_plugin.py                                                           0           0  0.13s           2026-08-30T19:46:33                       3
/home/mmirnezamina/de_final_project/airflowenv/lib/python3.10/site-packages/airflow/example_dags/example_dynamic_task_mapping_with_no_taskflow_operators.py                           1           0  0.13s           2026-08-30T19:46:57                      10
/home/mmirnezamina/de_final_project/airflowenv/lib/python3.10/site-packages/airflow/example_dags/example_external_task_marker_dag.py                                                  2           0  0.12s           2026-08-30T19:46:56                      13
/home/mmirnezamina/de_final_project/airflowenv/lib/python3.10/site-packages/airflow/example_dags/example_short_circuit_decorator.py                                                   1           0  0.12s           2026-08-30T19:46:45                      10
/home/mmirnezamina/de_final_project/airflowenv/lib/python3.10/site-packages/airflow/example_dags/example_nested_branch_dag.py                                                         1           0  0.12s           2026-08-30T19:46:53                      12
/home/mmirnezamina/de_final_project/airflowenv/lib/python3.10/site-packages/airflow/example_dags/example_xcom.py                                                                      1           0  0.12s           2026-08-30T19:46:37                      12
/home/mmirnezamina/de_final_project/airflowenv/lib/python3.10/site-packages/airflow/example_dags/example_display_name.py                                                              1           0  0.12s           2026-08-30T19:46:57                      10
/home/mmirnezamina/de_final_project/airflowenv/lib/python3.10/site-packages/airflow/example_dags/example_time_delta_sensor_async.py                                                   1           0  0.11s           2026-08-30T19:46:40                      10
/home/mmirnezamina/de_final_project/airflowenv/lib/python3.10/site-packages/airflow/example_dags/example_xcomargs.py                                                                  2           0  0.11s           2026-08-30T19:46:37                      13
/home/mmirnezamina/de_final_project/airflowenv/lib/python3.10/site-packages/airflow/example_dags/example_task_group_decorator.py                                                      1           0  0.10s           2026-08-30T19:46:42                      10
/home/mmirnezamina/de_final_project/airflowenv/lib/python3.10/site-packages/airflow/example_dags/example_trigger_controller_dag.py                                                    1           0  0.10s           2026-08-30T19:46:39                      12
/home/mmirnezamina/de_final_project/airflowenv/lib/python3.10/site-packages/airflow/example_dags/example_workday_timetable.py                                                         1           0  0.10s           2026-08-30T19:46:38                      12
/home/mmirnezamina/de_final_project/airflowenv/lib/python3.10/site-packages/airflow/example_dags/example_trigger_target_dag.py                                                        1           0  0.09s           2026-08-30T19:46:39                      10
/home/mmirnezamina/de_final_project/airflowenv/lib/python3.10/site-packages/airflow/example_dags/example_task_group.py                                                                1           0  0.09s           2026-08-30T19:46:43                      10
/home/mmirnezamina/de_final_project/airflowenv/lib/python3.10/site-packages/airflow/example_dags/subdags/subdag.py                                                                    0           0  0.09s           2026-08-30T19:46:31                       3
/home/mmirnezamina/de_final_project/airflowenv/lib/python3.10/site-packages/airflow/example_dags/example_kubernetes_executor.py                                                       0           0  0.06s           2026-08-30T19:46:54                       3
/home/mmirnezamina/de_final_project/airflowenv/lib/python3.10/site-packages/airflow/example_dags/example_local_kubernetes_executor.py                                                 0           0  0.06s           2026-08-30T19:46:53                       3
================================================================================
[2026-08-30T23:17:32.412+0330] {manager.py:997} INFO - 
================================================================================
DAG File Processing Stats

File Path                                                                                                                                                      PID  Runtime      # DAGs    # Errors  Last Runtime    Last Run               Last # of DB Queries
-----------------------------------------------------------------------------------------------------------------------------------------------------------  -----  ---------  --------  ----------  --------------  -------------------  ----------------------
/home/mmirnezamina/de_final_project/airflowenv/lib/python3.10/site-packages/airflow/example_dags/example_dag_decorator.py                                    14096  0.05s             1           0  1.18s           2026-08-30T19:47:01                      32
/home/mmirnezamina/de_final_project/airflowenv/lib/python3.10/site-packages/airflow/example_dags/example_datasets.py                                                                 10           0  0.99s           2026-08-30T19:47:30                      49
/home/mmirnezamina/de_final_project/airflowenv/lib/python3.10/site-packages/airflow/example_dags/example_dataset_alias.py                                                             4           0  0.95s           2026-08-30T19:47:32                      27
/home/mmirnezamina/de_final_project/airflowenv/lib/python3.10/site-packages/airflow/example_dags/example_python_decorator.py                                                          1           0  0.79s           2026-08-30T19:47:20                      10
/home/mmirnezamina/de_final_project/airflowenv/lib/python3.10/site-packages/airflow/example_dags/example_complex.py                                                                   1           0  0.78s           2026-08-30T19:47:02                      10
/home/mmirnezamina/de_final_project/airflowenv/lib/python3.10/site-packages/airflow/example_dags/example_dataset_alias_with_no_taskflow.py                                            4           0  0.71s           2026-08-30T19:47:30                      27
/home/mmirnezamina/de_final_project/airflowenv/lib/python3.10/site-packages/airflow/example_dags/example_branch_operator_decorator.py                                                 0           0  0.71s           2026-08-30T19:47:03                       3
/home/mmirnezamina/de_final_project/airflowenv/lib/python3.10/site-packages/airflow/example_dags/example_branch_operator.py                                                           0           0  0.67s           2026-08-30T19:47:03                       3
/home/mmirnezamina/de_final_project/airflowenv/lib/python3.10/site-packages/airflow/example_dags/example_branch_labels.py                                                             1           0  0.63s           2026-08-30T19:47:03                      12
/home/mmirnezamina/de_final_project/airflowenv/lib/python3.10/site-packages/airflow/example_dags/example_setup_teardown_taskflow.py                                                   1           0  0.58s           2026-08-30T19:47:17                      10
/home/mmirnezamina/de_final_project/airflowenv/lib/python3.10/site-packages/airflow/example_dags/example_setup_teardown.py                                                            1           0  0.58s           2026-08-30T19:47:17                      10
/home/mmirnezamina/de_final_project/airflowenv/lib/python3.10/site-packages/airflow/example_dags/example_params_trigger_ui.py                                                         1           0  0.57s           2026-08-30T19:47:22                      10
/home/mmirnezamina/de_final_project/airflowenv/lib/python3.10/site-packages/airflow/example_dags/example_params_ui_tutorial.py                                                        1           0  0.56s           2026-08-30T19:47:22                      10
/home/mmirnezamina/de_final_project/airflowenv/lib/python3.10/site-packages/airflow/example_dags/example_branch_python_dop_operator_3.py                                              1           0  0.53s           2026-08-30T19:47:02                      12
/home/mmirnezamina/de_final_project/airflowenv/lib/python3.10/site-packages/airflow/example_dags/example_python_operator.py                                                           1           0  0.52s           2026-08-30T19:47:21                      10
/home/mmirnezamina/de_final_project/airflowenv/lib/python3.10/site-packages/airflow/example_dags/example_bash_operator.py                                                             1           0  0.50s           2026-08-30T19:47:04                      12
/home/mmirnezamina/de_final_project/airflowenv/lib/python3.10/site-packages/airflow/example_dags/tutorial_taskflow_api_virtualenv.py                                                  0           0  0.50s           2026-08-30T19:47:06                       3
/home/mmirnezamina/de_final_project/airflowenv/lib/python3.10/site-packages/airflow/example_dags/example_branch_datetime_operator.py                                                  3           0  0.49s           2026-08-30T19:47:04                      18
/home/mmirnezamina/de_final_project/airflowenv/lib/python3.10/site-packages/airflow/example_dags/example_display_name.py                                                              1           0  0.45s           2026-08-30T19:47:28                      10
/home/mmirnezamina/de_final_project/airflowenv/lib/python3.10/site-packages/airflow/example_dags/tutorial_taskflow_templates.py                                                       1           0  0.44s           2026-08-30T19:47:05                      12
/home/mmirnezamina/de_final_project/airflowenv/lib/python3.10/site-packages/airflow/example_dags/example_sensors.py                                                                   1           0  0.42s           2026-08-30T19:47:18                      10
/home/mmirnezamina/de_final_project/airflowenv/lib/python3.10/site-packages/airflow/example_dags/example_passing_params_via_test_command.py                                           1           0  0.42s           2026-08-30T19:47:20                      12
/home/mmirnezamina/de_final_project/airflowenv/lib/python3.10/site-packages/airflow/example_dags/example_dynamic_task_mapping_with_no_taskflow_operators.py                           1           0  0.39s           2026-08-30T19:47:28                      10
/home/mmirnezamina/de_final_project/airflowenv/lib/python3.10/site-packages/airflow/example_dags/example_bash_decorator.py                                                            1           0  0.38s           2026-08-30T19:47:05                      10
/home/mmirnezamina/de_final_project/airflowenv/lib/python3.10/site-packages/airflow/example_dags/example_sensor_decorator.py                                                          1           0  0.38s           2026-08-30T19:47:18                      10
/home/mmirnezamina/de_final_project/airflowenv/lib/python3.10/site-packages/airflow/example_dags/example_branch_day_of_week_operator.py                                               1           0  0.37s           2026-08-30T19:47:04                      12
/home/mmirnezamina/de_final_project/airflowenv/lib/python3.10/site-packages/airflow/example_dags/example_inlet_event_extra.py                                                         2           0  0.36s           2026-08-30T19:47:26                      15
/home/mmirnezamina/de_final_project/airflowenv/lib/python3.10/site-packages/airflow/example_dags/subdags/subdag.py                                           14095  0.11s             0           0  0.34s           2026-08-30T19:47:02                       3
/home/mmirnezamina/de_final_project/airflowenv/lib/python3.10/site-packages/airflow/example_dags/example_kubernetes_executor.py                                                       0           0  0.34s           2026-08-30T19:47:26                       3
/home/mmirnezamina/de_final_project/airflowenv/lib/python3.10/site-packages/airflow/example_dags/tutorial_taskflow_api.py                                                             1           0  0.33s           2026-08-30T19:47:06                      10
/home/mmirnezamina/de_final_project/airflowenv/lib/python3.10/site-packages/airflow/example_dags/example_external_task_marker_dag.py                                                  2           0  0.31s           2026-08-30T19:47:26                      13
/home/mmirnezamina/de_final_project/airflowenv/lib/python3.10/site-packages/airflow/example_dags/example_outlet_event_extra.py                                                        3           0  0.29s           2026-08-30T19:47:24                      19
/home/mmirnezamina/de_final_project/airflowenv/lib/python3.10/site-packages/airflow/example_dags/example_nested_branch_dag.py                                                         1           0  0.25s           2026-08-30T19:47:24                      12
/home/mmirnezamina/de_final_project/airflowenv/lib/python3.10/site-packages/airflow/example_dags/example_latest_only.py                                                               1           0  0.23s           2026-08-30T19:47:26                      12
/home/mmirnezamina/de_final_project/airflowenv/lib/python3.10/site-packages/airflow/example_dags/plugins/event_listener.py                                                            0           0  0.23s           2026-08-30T19:47:03                       3
/home/mmirnezamina/de_final_project/airflowenv/lib/python3.10/site-packages/airflow/example_dags/tutorial.py                                                                          1           0  0.22s           2026-08-30T19:47:07                      12
/home/mmirnezamina/de_final_project/airflowenv/lib/python3.10/site-packages/airflow/example_dags/example_latest_only_with_trigger.py                                                  1           0  0.22s           2026-08-30T19:47:26                      12
/home/mmirnezamina/de_final_project/airflowenv/lib/python3.10/site-packages/airflow/example_dags/plugins/workday.py                                                                   0           0  0.21s           2026-08-30T19:47:02                       3
/home/mmirnezamina/de_final_project/airflowenv/lib/python3.10/site-packages/airflow/example_dags/example_workday_timetable.py                                                         1           0  0.21s           2026-08-30T19:47:08                      12
/home/mmirnezamina/de_final_project/airflowenv/lib/python3.10/site-packages/airflow/example_dags/example_dynamic_task_mapping.py                                                      1           0  0.21s           2026-08-30T19:47:27                      10
/home/mmirnezamina/de_final_project/airflowenv/lib/python3.10/site-packages/airflow/example_dags/tutorial_dag.py                                                                      1           0  0.20s           2026-08-30T19:47:07                      10
/home/mmirnezamina/de_final_project/airflowenv/lib/python3.10/site-packages/airflow/example_dags/plugins/decreasing_priority_weight_strategy.py                                       0           0  0.20s           2026-08-30T19:47:05                       3
/home/mmirnezamina/de_final_project/airflowenv/lib/python3.10/site-packages/airflow/example_dags/example_skip_dag.py                                                                  1           0  0.19s           2026-08-30T19:47:15                      12
/home/mmirnezamina/de_final_project/airflowenv/lib/python3.10/site-packages/airflow/example_dags/example_task_group_decorator.py                                                      1           0  0.19s           2026-08-30T19:47:12                      10
/home/mmirnezamina/de_final_project/airflowenv/lib/python3.10/site-packages/airflow/example_dags/example_xcom.py                                                                      1           0  0.19s           2026-08-30T19:47:08                      12
/home/mmirnezamina/de_final_project/airflowenv/lib/python3.10/site-packages/airflow/example_dags/example_xcomargs.py                                                                  2           0  0.18s           2026-08-30T19:47:08                      13
/home/mmirnezamina/de_final_project/airflowenv/lib/python3.10/site-packages/airflow/example_dags/tutorial_objectstorage.py                                                            0           1  0.17s           2026-08-30T19:47:06                       5
/home/mmirnezamina/de_final_project/airflowenv/lib/python3.10/site-packages/airflow/example_dags/example_subdag_operator.py                                                           3           0  0.17s           2026-08-30T19:47:13                      20
/home/mmirnezamina/de_final_project/airflowenv/lib/python3.10/site-packages/airflow/example_dags/example_short_circuit_operator.py                                                    1           0  0.17s           2026-08-30T19:47:15                      10
/home/mmirnezamina/de_final_project/airflowenv/lib/python3.10/site-packages/airflow/example_dags/example_short_circuit_decorator.py                                                   1           0  0.17s           2026-08-30T19:47:15                      10
/home/mmirnezamina/de_final_project/airflowenv/lib/python3.10/site-packages/airflow/example_dags/plugins/listener_plugin.py                                                           0           0  0.16s           2026-08-30T19:47:03                       3
/home/mmirnezamina/de_final_project/airflowenv/lib/python3.10/site-packages/airflow/example_dags/example_trigger_target_dag.py                                                        1           0  0.14s           2026-08-30T19:47:10                      10
/home/mmirnezamina/de_final_project/airflowenv/lib/python3.10/site-packages/airflow/example_dags/example_task_group.py                                                                1           0  0.14s           2026-08-30T19:47:13                      10
/home/mmirnezamina/de_final_project/airflowenv/lib/python3.10/site-packages/airflow/example_dags/example_trigger_controller_dag.py                                                    1           0  0.12s           2026-08-30T19:47:10                      12
/home/mmirnezamina/de_final_project/airflowenv/lib/python3.10/site-packages/airflow/example_dags/example_sla_dag.py                                                                   1           0  0.11s           2026-08-30T19:47:14                      12
/home/mmirnezamina/de_final_project/airflowenv/lib/python3.10/site-packages/airflow/example_dags/example_time_delta_sensor_async.py                                                   1           0  0.10s           2026-08-30T19:47:11                      10
/home/mmirnezamina/de_final_project/airflowenv/lib/python3.10/site-packages/airflow/example_dags/example_local_kubernetes_executor.py                                                 0           0  0.10s           2026-08-30T19:47:24                       3
================================================================================
[2026-08-30T23:18:02.817+0330] {manager.py:997} INFO - 
================================================================================
DAG File Processing Stats

File Path                                                                                                                                                      PID  Runtime      # DAGs    # Errors  Last Runtime    Last Run               Last # of DB Queries
-----------------------------------------------------------------------------------------------------------------------------------------------------------  -----  ---------  --------  ----------  --------------  -------------------  ----------------------
/home/mmirnezamina/de_final_project/airflowenv/lib/python3.10/site-packages/airflow/example_dags/example_dag_decorator.py                                                             1           0  2.09s           2026-08-30T19:47:34                      32
/home/mmirnezamina/de_final_project/airflowenv/lib/python3.10/site-packages/airflow/example_dags/example_complex.py                                                                   1           0  1.03s           2026-08-30T19:47:34                      10
/home/mmirnezamina/de_final_project/airflowenv/lib/python3.10/site-packages/airflow/example_dags/example_branch_labels.py                                                             1           0  1.01s           2026-08-30T19:47:37                      12
/home/mmirnezamina/de_final_project/airflowenv/lib/python3.10/site-packages/airflow/example_dags/example_branch_day_of_week_operator.py                                               1           0  0.95s           2026-08-30T19:47:37                      12
/home/mmirnezamina/de_final_project/airflowenv/lib/python3.10/site-packages/airflow/example_dags/example_dataset_alias.py                                    14213  0.02s             4           0  0.95s           2026-08-30T19:47:32                      27
/home/mmirnezamina/de_final_project/airflowenv/lib/python3.10/site-packages/airflow/example_dags/tutorial_taskflow_api_virtualenv.py                                                  0           0  0.85s           2026-08-30T19:47:38                       3
/home/mmirnezamina/de_final_project/airflowenv/lib/python3.10/site-packages/airflow/example_dags/example_bash_operator.py                                                             1           0  0.75s           2026-08-30T19:47:38                      12
/home/mmirnezamina/de_final_project/airflowenv/lib/python3.10/site-packages/airflow/example_dags/tutorial_taskflow_templates.py                                                       1           0  0.75s           2026-08-30T19:47:38                      12
/home/mmirnezamina/de_final_project/airflowenv/lib/python3.10/site-packages/airflow/example_dags/example_branch_datetime_operator.py                                                  3           0  0.71s           2026-08-30T19:47:37                      18
/home/mmirnezamina/de_final_project/airflowenv/lib/python3.10/site-packages/airflow/example_dags/example_branch_operator.py                                                           0           0  0.64s           2026-08-30T19:47:35                       3
/home/mmirnezamina/de_final_project/airflowenv/lib/python3.10/site-packages/airflow/example_dags/tutorial_taskflow_api.py                                                             1           0  0.58s           2026-08-30T19:47:39                      10
/home/mmirnezamina/de_final_project/airflowenv/lib/python3.10/site-packages/airflow/example_dags/example_bash_decorator.py                                                            1           0  0.56s           2026-08-30T19:47:40                      10
/home/mmirnezamina/de_final_project/airflowenv/lib/python3.10/site-packages/airflow/example_dags/example_branch_python_dop_operator_3.py                                              1           0  0.54s           2026-08-30T19:47:35                      12
/home/mmirnezamina/de_final_project/airflowenv/lib/python3.10/site-packages/airflow/example_dags/tutorial.py                                                                          1           0  0.52s           2026-08-30T19:47:40                      12
/home/mmirnezamina/de_final_project/airflowenv/lib/python3.10/site-packages/airflow/example_dags/example_branch_operator_decorator.py                                                 0           0  0.52s           2026-08-30T19:47:35                       3
/home/mmirnezamina/de_final_project/airflowenv/lib/python3.10/site-packages/airflow/example_dags/example_workday_timetable.py                                                         1           0  0.48s           2026-08-30T19:47:41                      12
/home/mmirnezamina/de_final_project/airflowenv/lib/python3.10/site-packages/airflow/example_dags/example_subdag_operator.py                                                           3           0  0.47s           2026-08-30T19:47:44                      20
/home/mmirnezamina/de_final_project/airflowenv/lib/python3.10/site-packages/airflow/example_dags/example_trigger_target_dag.py                                                        1           0  0.47s           2026-08-30T19:47:41                      10
/home/mmirnezamina/de_final_project/airflowenv/lib/python3.10/site-packages/airflow/example_dags/example_task_group_decorator.py                                                      1           0  0.47s           2026-08-30T19:47:43                      10
/home/mmirnezamina/de_final_project/airflowenv/lib/python3.10/site-packages/airflow/example_dags/example_time_delta_sensor_async.py                                                   1           0  0.46s           2026-08-30T19:47:41                      10
/home/mmirnezamina/de_final_project/airflowenv/lib/python3.10/site-packages/airflow/example_dags/example_trigger_controller_dag.py                                                    1           0  0.44s           2026-08-30T19:47:41                      12
/home/mmirnezamina/de_final_project/airflowenv/lib/python3.10/site-packages/airflow/example_dags/example_xcomargs.py                                                                  2           0  0.42s           2026-08-30T19:47:40                      13
/home/mmirnezamina/de_final_project/airflowenv/lib/python3.10/site-packages/airflow/example_dags/subdags/subdag.py                                           14212  0.06s             0           0  0.42s           2026-08-30T19:47:32                       3
/home/mmirnezamina/de_final_project/airflowenv/lib/python3.10/site-packages/airflow/example_dags/example_task_group.py                                                                1           0  0.41s           2026-08-30T19:47:44                      10
/home/mmirnezamina/de_final_project/airflowenv/lib/python3.10/site-packages/airflow/example_dags/example_xcom.py                                                                      1           0  0.41s           2026-08-30T19:47:40                      12
/home/mmirnezamina/de_final_project/airflowenv/lib/python3.10/site-packages/airflow/example_dags/plugins/event_listener.py                                                            0           0  0.37s           2026-08-30T19:47:36                       3
/home/mmirnezamina/de_final_project/airflowenv/lib/python3.10/site-packages/airflow/example_dags/example_python_decorator.py                                                          1           0  0.37s           2026-08-30T19:47:51                      10
/home/mmirnezamina/de_final_project/airflowenv/lib/python3.10/site-packages/airflow/example_dags/plugins/workday.py                                                                   0           0  0.33s           2026-08-30T19:47:34                       3
/home/mmirnezamina/de_final_project/airflowenv/lib/python3.10/site-packages/airflow/example_dags/tutorial_dag.py                                                                      1           0  0.32s           2026-08-30T19:47:39                      10
/home/mmirnezamina/de_final_project/airflowenv/lib/python3.10/site-packages/airflow/example_dags/example_datasets.py                                                                 10           0  0.30s           2026-08-30T19:48:00                      49
/home/mmirnezamina/de_final_project/airflowenv/lib/python3.10/site-packages/airflow/example_dags/example_setup_teardown.py                                                            1           0  0.28s           2026-08-30T19:47:47                      10
/home/mmirnezamina/de_final_project/airflowenv/lib/python3.10/site-packages/airflow/example_dags/plugins/decreasing_priority_weight_strategy.py                                       0           0  0.27s           2026-08-30T19:47:36                       3
/home/mmirnezamina/de_final_project/airflowenv/lib/python3.10/site-packages/airflow/example_dags/example_sla_dag.py                                                                   1           0  0.27s           2026-08-30T19:47:45                      12
/home/mmirnezamina/de_final_project/airflowenv/lib/python3.10/site-packages/airflow/example_dags/tutorial_objectstorage.py                                                            0           1  0.26s           2026-08-30T19:47:39                       5
/home/mmirnezamina/de_final_project/airflowenv/lib/python3.10/site-packages/airflow/example_dags/plugins/listener_plugin.py                                                           0           0  0.25s           2026-08-30T19:47:35                       3
/home/mmirnezamina/de_final_project/airflowenv/lib/python3.10/site-packages/airflow/example_dags/example_python_operator.py                                                           1           0  0.24s           2026-08-30T19:47:52                      10
/home/mmirnezamina/de_final_project/airflowenv/lib/python3.10/site-packages/airflow/example_dags/example_passing_params_via_test_command.py                                           1           0  0.23s           2026-08-30T19:47:51                      12
/home/mmirnezamina/de_final_project/airflowenv/lib/python3.10/site-packages/airflow/example_dags/example_setup_teardown_taskflow.py                                                   1           0  0.22s           2026-08-30T19:47:47                      10
/home/mmirnezamina/de_final_project/airflowenv/lib/python3.10/site-packages/airflow/example_dags/example_dataset_alias_with_no_taskflow.py                                            4           0  0.20s           2026-08-30T19:48:00                      27
/home/mmirnezamina/de_final_project/airflowenv/lib/python3.10/site-packages/airflow/example_dags/example_outlet_event_extra.py                                                        3           0  0.18s           2026-08-30T19:47:55                      19
/home/mmirnezamina/de_final_project/airflowenv/lib/python3.10/site-packages/airflow/example_dags/example_inlet_event_extra.py                                                         2           0  0.18s           2026-08-30T19:47:57                      15
/home/mmirnezamina/de_final_project/airflowenv/lib/python3.10/site-packages/airflow/example_dags/example_dynamic_task_mapping_with_no_taskflow_operators.py                           1           0  0.18s           2026-08-30T19:47:58                      10
/home/mmirnezamina/de_final_project/airflowenv/lib/python3.10/site-packages/airflow/example_dags/example_params_trigger_ui.py                                                         1           0  0.17s           2026-08-30T19:47:53                      10
/home/mmirnezamina/de_final_project/airflowenv/lib/python3.10/site-packages/airflow/example_dags/example_params_ui_tutorial.py                                                        1           0  0.17s           2026-08-30T19:47:53                      10
/home/mmirnezamina/de_final_project/airflowenv/lib/python3.10/site-packages/airflow/example_dags/example_display_name.py                                                              1           0  0.16s           2026-08-30T19:47:58                      10
/home/mmirnezamina/de_final_project/airflowenv/lib/python3.10/site-packages/airflow/example_dags/example_dynamic_task_mapping.py                                                      1           0  0.16s           2026-08-30T19:47:58                      10
/home/mmirnezamina/de_final_project/airflowenv/lib/python3.10/site-packages/airflow/example_dags/example_short_circuit_operator.py                                                    1           0  0.15s           2026-08-30T19:47:46                      10
/home/mmirnezamina/de_final_project/airflowenv/lib/python3.10/site-packages/airflow/example_dags/example_nested_branch_dag.py                                                         1           0  0.15s           2026-08-30T19:47:55                      12
/home/mmirnezamina/de_final_project/airflowenv/lib/python3.10/site-packages/airflow/example_dags/example_skip_dag.py                                                                  1           0  0.15s           2026-08-30T19:47:46                      12
/home/mmirnezamina/de_final_project/airflowenv/lib/python3.10/site-packages/airflow/example_dags/example_external_task_marker_dag.py                                                  2           0  0.14s           2026-08-30T19:47:57                      13
/home/mmirnezamina/de_final_project/airflowenv/lib/python3.10/site-packages/airflow/example_dags/example_latest_only.py                                                               1           0  0.14s           2026-08-30T19:47:56                      12
/home/mmirnezamina/de_final_project/airflowenv/lib/python3.10/site-packages/airflow/example_dags/example_latest_only_with_trigger.py                                                  1           0  0.14s           2026-08-30T19:47:56                      12
/home/mmirnezamina/de_final_project/airflowenv/lib/python3.10/site-packages/airflow/example_dags/example_short_circuit_decorator.py                                                   1           0  0.14s           2026-08-30T19:47:46                      10
/home/mmirnezamina/de_final_project/airflowenv/lib/python3.10/site-packages/airflow/example_dags/example_sensors.py                                                                   1           0  0.13s           2026-08-30T19:47:49                      10
/home/mmirnezamina/de_final_project/airflowenv/lib/python3.10/site-packages/airflow/example_dags/example_sensor_decorator.py                                                          1           0  0.12s           2026-08-30T19:47:49                      10
/home/mmirnezamina/de_final_project/airflowenv/lib/python3.10/site-packages/airflow/example_dags/example_local_kubernetes_executor.py                                                 0           0  0.07s           2026-08-30T19:47:55                       3
/home/mmirnezamina/de_final_project/airflowenv/lib/python3.10/site-packages/airflow/example_dags/example_kubernetes_executor.py                                                       0           0  0.06s           2026-08-30T19:47:56                       3
================================================================================
[2026-08-30T23:18:28.535+0330] {manager.py:821} INFO - Searching for files in /home/mmirnezamina/de_final_project/airflow/dags
[2026-08-30T23:18:28.555+0330] {manager.py:824} INFO - There are 57 files in /home/mmirnezamina/de_final_project/airflow/dags
[2026-08-30T23:18:33.062+0330] {manager.py:997} INFO - 
================================================================================
DAG File Processing Stats

File Path                                                                                                                                                      PID  Runtime      # DAGs    # Errors  Last Runtime    Last Run               Last # of DB Queries
-----------------------------------------------------------------------------------------------------------------------------------------------------------  -----  ---------  --------  ----------  --------------  -------------------  ----------------------
/home/mmirnezamina/de_final_project/airflowenv/lib/python3.10/site-packages/airflow/example_dags/example_dag_decorator.py                                                             1           0  1.00s           2026-08-30T19:48:06                      32
/home/mmirnezamina/de_final_project/airflowenv/lib/python3.10/site-packages/airflow/example_dags/example_complex.py                                                                   1           0  0.61s           2026-08-30T19:48:05                      10
/home/mmirnezamina/de_final_project/airflowenv/lib/python3.10/site-packages/airflow/example_dags/example_dataset_alias.py                                                             4           0  0.49s           2026-08-30T19:48:03                      27
/home/mmirnezamina/de_final_project/airflowenv/lib/python3.10/site-packages/airflow/example_dags/example_branch_day_of_week_operator.py                                               1           0  0.48s           2026-08-30T19:48:08                      12
/home/mmirnezamina/de_final_project/airflowenv/lib/python3.10/site-packages/airflow/example_dags/example_branch_datetime_operator.py                                                  3           0  0.45s           2026-08-30T19:48:08                      18
/home/mmirnezamina/de_final_project/airflowenv/lib/python3.10/site-packages/airflow/example_dags/example_branch_operator.py                                                           0           0  0.42s           2026-08-30T19:48:07                       3
/home/mmirnezamina/de_final_project/airflowenv/lib/python3.10/site-packages/airflow/example_dags/example_branch_operator_decorator.py                                                 0           0  0.42s           2026-08-30T19:48:06                       3
/home/mmirnezamina/de_final_project/airflowenv/lib/python3.10/site-packages/airflow/example_dags/example_branch_python_dop_operator_3.py                                              1           0  0.42s           2026-08-30T19:48:06                      12
/home/mmirnezamina/de_final_project/airflowenv/lib/python3.10/site-packages/airflow/example_dags/example_bash_operator.py                                                             1           0  0.42s           2026-08-30T19:48:08                      12
/home/mmirnezamina/de_final_project/airflowenv/lib/python3.10/site-packages/airflow/example_dags/example_branch_labels.py                                                             1           0  0.38s           2026-08-30T19:48:07                      12
/home/mmirnezamina/de_final_project/airflowenv/lib/python3.10/site-packages/airflow/example_dags/example_outlet_event_extra.py                                                        3           0  0.26s           2026-08-30T19:48:26                      19
/home/mmirnezamina/de_final_project/airflowenv/lib/python3.10/site-packages/airflow/example_dags/example_dataset_alias_with_no_taskflow.py                                            4           0  0.25s           2026-08-30T19:48:31                      27
/home/mmirnezamina/de_final_project/airflowenv/lib/python3.10/site-packages/airflow/example_dags/plugins/listener_plugin.py                                                           0           0  0.22s           2026-08-30T19:48:06                       3
/home/mmirnezamina/de_final_project/airflowenv/lib/python3.10/site-packages/airflow/example_dags/example_trigger_controller_dag.py                                                    1           0  0.22s           2026-08-30T19:48:11                      12
/home/mmirnezamina/de_final_project/airflowenv/lib/python3.10/site-packages/airflow/example_dags/example_datasets.py                                                                 10           0  0.22s           2026-08-30T19:48:31                      49
/home/mmirnezamina/de_final_project/airflowenv/lib/python3.10/site-packages/airflow/example_dags/example_bash_decorator.py                                                            1           0  0.22s           2026-08-30T19:48:11                      10
/home/mmirnezamina/de_final_project/airflowenv/lib/python3.10/site-packages/airflow/example_dags/example_time_delta_sensor_async.py                                                   1           0  0.22s           2026-08-30T19:48:12                      10
/home/mmirnezamina/de_final_project/airflowenv/lib/python3.10/site-packages/airflow/example_dags/example_short_circuit_decorator.py                                                   1           0  0.21s           2026-08-30T19:48:17                      10
/home/mmirnezamina/de_final_project/airflowenv/lib/python3.10/site-packages/airflow/example_dags/example_trigger_target_dag.py                                                        1           0  0.21s           2026-08-30T19:48:11                      10
/home/mmirnezamina/de_final_project/airflowenv/lib/python3.10/site-packages/airflow/example_dags/plugins/decreasing_priority_weight_strategy.py                                       0           0  0.20s           2026-08-30T19:48:07                       3
/home/mmirnezamina/de_final_project/airflowenv/lib/python3.10/site-packages/airflow/example_dags/subdags/subdag.py                                           14330  0.01s             0           0  0.20s           2026-08-30T19:48:02                       3
/home/mmirnezamina/de_final_project/airflowenv/lib/python3.10/site-packages/airflow/example_dags/tutorial_dag.py                                                                      1           0  0.19s           2026-08-30T19:48:10                      10
/home/mmirnezamina/de_final_project/airflowenv/lib/python3.10/site-packages/airflow/example_dags/example_xcom.py                                                                      1           0  0.19s           2026-08-30T19:48:11                      12
/home/mmirnezamina/de_final_project/airflowenv/lib/python3.10/site-packages/airflow/example_dags/example_inlet_event_extra.py                                                         2           0  0.19s           2026-08-30T19:48:27                      15
/home/mmirnezamina/de_final_project/airflowenv/lib/python3.10/site-packages/airflow/example_dags/example_python_decorator.py                                                          1           0  0.19s           2026-08-30T19:48:21                      10
/home/mmirnezamina/de_final_project/airflowenv/lib/python3.10/site-packages/airflow/example_dags/example_nested_branch_dag.py                                                         1           0  0.19s           2026-08-30T19:48:26                      12
/home/mmirnezamina/de_final_project/airflowenv/lib/python3.10/site-packages/airflow/example_dags/plugins/workday.py                                                                   0           0  0.19s           2026-08-30T19:48:05                       3
/home/mmirnezamina/de_final_project/airflowenv/lib/python3.10/site-packages/airflow/example_dags/example_dynamic_task_mapping_with_no_taskflow_operators.py                           1           0  0.18s           2026-08-30T19:48:28                      10
/home/mmirnezamina/de_final_project/airflowenv/lib/python3.10/site-packages/airflow/example_dags/example_workday_timetable.py                                                         1           0  0.18s           2026-08-30T19:48:11                      12
/home/mmirnezamina/de_final_project/airflowenv/lib/python3.10/site-packages/airflow/example_dags/plugins/event_listener.py                                                            0           0  0.18s           2026-08-30T19:48:07                       3
/home/mmirnezamina/de_final_project/airflowenv/lib/python3.10/site-packages/airflow/example_dags/tutorial_taskflow_api_virtualenv.py                                                  0           0  0.18s           2026-08-30T19:48:09                       3
/home/mmirnezamina/de_final_project/airflowenv/lib/python3.10/site-packages/airflow/example_dags/example_setup_teardown_taskflow.py                                                   1           0  0.18s           2026-08-30T19:48:18                      10
/home/mmirnezamina/de_final_project/airflowenv/lib/python3.10/site-packages/airflow/example_dags/tutorial_taskflow_templates.py                                                       1           0  0.17s           2026-08-30T19:48:09                      12
/home/mmirnezamina/de_final_project/airflowenv/lib/python3.10/site-packages/airflow/example_dags/example_xcomargs.py                                                                  2           0  0.17s           2026-08-30T19:48:11                      13
/home/mmirnezamina/de_final_project/airflowenv/lib/python3.10/site-packages/airflow/example_dags/example_latest_only.py                                                               1           0  0.17s           2026-08-30T19:48:27                      12
/home/mmirnezamina/de_final_project/airflowenv/lib/python3.10/site-packages/airflow/example_dags/example_dynamic_task_mapping.py                                                      1           0  0.16s           2026-08-30T19:48:28                      10
/home/mmirnezamina/de_final_project/airflowenv/lib/python3.10/site-packages/airflow/example_dags/tutorial.py                                                                          1           0  0.16s           2026-08-30T19:48:11                      12
/home/mmirnezamina/de_final_project/airflowenv/lib/python3.10/site-packages/airflow/example_dags/tutorial_taskflow_api.py                                                             1           0  0.16s           2026-08-30T19:48:09                      10
/home/mmirnezamina/de_final_project/airflowenv/lib/python3.10/site-packages/airflow/example_dags/example_setup_teardown.py                                                            1           0  0.15s           2026-08-30T19:48:18                      10
/home/mmirnezamina/de_final_project/airflowenv/lib/python3.10/site-packages/airflow/example_dags/example_python_operator.py                                                           1           0  0.15s           2026-08-30T19:48:22                      10
/home/mmirnezamina/de_final_project/airflowenv/lib/python3.10/site-packages/airflow/example_dags/example_latest_only_with_trigger.py                                                  1           0  0.15s           2026-08-30T19:48:27                      12
/home/mmirnezamina/de_final_project/airflowenv/lib/python3.10/site-packages/airflow/example_dags/example_short_circuit_operator.py                                                    1           0  0.15s           2026-08-30T19:48:17                      10
/home/mmirnezamina/de_final_project/airflowenv/lib/python3.10/site-packages/airflow/example_dags/example_external_task_marker_dag.py                                                  2           0  0.15s           2026-08-30T19:48:27                      13
/home/mmirnezamina/de_final_project/airflowenv/lib/python3.10/site-packages/airflow/example_dags/example_subdag_operator.py                                                           3           0  0.15s           2026-08-30T19:48:15                      20
/home/mmirnezamina/de_final_project/airflowenv/lib/python3.10/site-packages/airflow/example_dags/example_passing_params_via_test_command.py                                           1           0  0.13s           2026-08-30T19:48:21                      12
/home/mmirnezamina/de_final_project/airflowenv/lib/python3.10/site-packages/airflow/example_dags/example_params_ui_tutorial.py                                                        1           0  0.13s           2026-08-30T19:48:23                      10
/home/mmirnezamina/de_final_project/airflowenv/lib/python3.10/site-packages/airflow/example_dags/example_display_name.py                                                              1           0  0.12s           2026-08-30T19:48:28                      10
/home/mmirnezamina/de_final_project/airflowenv/lib/python3.10/site-packages/airflow/example_dags/example_params_trigger_ui.py                                                         1           0  0.12s           2026-08-30T19:48:23                      10
/home/mmirnezamina/de_final_project/airflowenv/lib/python3.10/site-packages/airflow/example_dags/example_skip_dag.py                                                                  1           0  0.12s           2026-08-30T19:48:17                      12
/home/mmirnezamina/de_final_project/airflowenv/lib/python3.10/site-packages/airflow/example_dags/example_sensors.py                                                                   1           0  0.12s           2026-08-30T19:48:20                      10
/home/mmirnezamina/de_final_project/airflowenv/lib/python3.10/site-packages/airflow/example_dags/example_task_group_decorator.py                                                      1           0  0.12s           2026-08-30T19:48:14                      10
/home/mmirnezamina/de_final_project/airflowenv/lib/python3.10/site-packages/airflow/example_dags/example_kubernetes_executor.py                                                       0           0  0.12s           2026-08-30T19:48:27                       3
/home/mmirnezamina/de_final_project/airflowenv/lib/python3.10/site-packages/airflow/example_dags/example_sla_dag.py                                                                   1           0  0.11s           2026-08-30T19:48:16                      12
/home/mmirnezamina/de_final_project/airflowenv/lib/python3.10/site-packages/airflow/example_dags/tutorial_objectstorage.py                                                            0           1  0.11s           2026-08-30T19:48:09                       5
/home/mmirnezamina/de_final_project/airflowenv/lib/python3.10/site-packages/airflow/example_dags/example_sensor_decorator.py                                                          1           0  0.10s           2026-08-30T19:48:20                      10
/home/mmirnezamina/de_final_project/airflowenv/lib/python3.10/site-packages/airflow/example_dags/example_task_group.py                                                                1           0  0.10s           2026-08-30T19:48:15                      10
/home/mmirnezamina/de_final_project/airflowenv/lib/python3.10/site-packages/airflow/example_dags/example_local_kubernetes_executor.py                                                 0           0  0.09s           2026-08-30T19:48:26                       3
================================================================================
[2026-08-30T23:19:03.575+0330] {manager.py:997} INFO - 
================================================================================
DAG File Processing Stats

File Path                                                                                                                                                      PID  Runtime      # DAGs    # Errors  Last Runtime    Last Run               Last # of DB Queries
-----------------------------------------------------------------------------------------------------------------------------------------------------------  -----  ---------  --------  ----------  --------------  -------------------  ----------------------
/home/mmirnezamina/de_final_project/airflowenv/lib/python3.10/site-packages/airflow/example_dags/example_trigger_controller_dag.py                                                    1           0  0.49s           2026-08-30T19:48:42                      12
/home/mmirnezamina/de_final_project/airflowenv/lib/python3.10/site-packages/airflow/example_dags/example_datasets.py                                                                 10           0  0.39s           2026-08-30T19:49:01                      49
/home/mmirnezamina/de_final_project/airflowenv/lib/python3.10/site-packages/airflow/example_dags/example_dataset_alias_with_no_taskflow.py                                            4           0  0.31s           2026-08-30T19:49:01                      27
/home/mmirnezamina/de_final_project/airflowenv/lib/python3.10/site-packages/airflow/example_dags/tutorial_taskflow_api_virtualenv.py                                                  0           0  0.26s           2026-08-30T19:48:40                       3
/home/mmirnezamina/de_final_project/airflowenv/lib/python3.10/site-packages/airflow/example_dags/tutorial_taskflow_templates.py                                                       1           0  0.25s           2026-08-30T19:48:40                      12
/home/mmirnezamina/de_final_project/airflowenv/lib/python3.10/site-packages/airflow/example_dags/tutorial_dag.py                                                                      1           0  0.24s           2026-08-30T19:48:40                      10
/home/mmirnezamina/de_final_project/airflowenv/lib/python3.10/site-packages/airflow/example_dags/example_dag_decorator.py                                                             1           0  0.24s           2026-08-30T19:48:36                      32
/home/mmirnezamina/de_final_project/airflowenv/lib/python3.10/site-packages/airflow/example_dags/example_trigger_target_dag.py                                                        1           0  0.24s           2026-08-30T19:48:42                      10
/home/mmirnezamina/de_final_project/airflowenv/lib/python3.10/site-packages/airflow/example_dags/example_short_circuit_operator.py                                                    1           0  0.23s           2026-08-30T19:48:48                      10
/home/mmirnezamina/de_final_project/airflowenv/lib/python3.10/site-packages/airflow/example_dags/example_python_operator.py                                                           1           0  0.20s           2026-08-30T19:48:53                      10
/home/mmirnezamina/de_final_project/airflowenv/lib/python3.10/site-packages/airflow/example_dags/tutorial_taskflow_api.py                                                             1           0  0.19s           2026-08-30T19:48:40                      10
/home/mmirnezamina/de_final_project/airflowenv/lib/python3.10/site-packages/airflow/example_dags/example_python_decorator.py                                                          1           0  0.18s           2026-08-30T19:48:52                      10
/home/mmirnezamina/de_final_project/airflowenv/lib/python3.10/site-packages/airflow/example_dags/example_bash_decorator.py                                                            1           0  0.18s           2026-08-30T19:48:42                      10
/home/mmirnezamina/de_final_project/airflowenv/lib/python3.10/site-packages/airflow/example_dags/example_setup_teardown.py                                                            1           0  0.18s           2026-08-30T19:48:49                      10
/home/mmirnezamina/de_final_project/airflowenv/lib/python3.10/site-packages/airflow/example_dags/example_time_delta_sensor_async.py                                                   1           0  0.17s           2026-08-30T19:48:42                      10
/home/mmirnezamina/de_final_project/airflowenv/lib/python3.10/site-packages/airflow/example_dags/example_sla_dag.py                                                                   1           0  0.17s           2026-08-30T19:48:46                      12
/home/mmirnezamina/de_final_project/airflowenv/lib/python3.10/site-packages/airflow/example_dags/example_workday_timetable.py                                                         1           0  0.16s           2026-08-30T19:48:42                      12
/home/mmirnezamina/de_final_project/airflowenv/lib/python3.10/site-packages/airflow/example_dags/example_dataset_alias.py                                                             4           0  0.16s           2026-08-30T19:48:34                      27
/home/mmirnezamina/de_final_project/airflowenv/lib/python3.10/site-packages/airflow/example_dags/example_params_ui_tutorial.py                                                        1           0  0.15s           2026-08-30T19:48:54                      10
/home/mmirnezamina/de_final_project/airflowenv/lib/python3.10/site-packages/airflow/example_dags/example_inlet_event_extra.py                                                         2           0  0.15s           2026-08-30T19:48:58                      15
/home/mmirnezamina/de_final_project/airflowenv/lib/python3.10/site-packages/airflow/example_dags/tutorial.py                                                                          1           0  0.15s           2026-08-30T19:48:41                      12
/home/mmirnezamina/de_final_project/airflowenv/lib/python3.10/site-packages/airflow/example_dags/example_subdag_operator.py                                                           3           0  0.15s           2026-08-30T19:48:45                      20
/home/mmirnezamina/de_final_project/airflowenv/lib/python3.10/site-packages/airflow/example_dags/example_dynamic_task_mapping.py                                                      1           0  0.15s           2026-08-30T19:48:59                      10
/home/mmirnezamina/de_final_project/airflowenv/lib/python3.10/site-packages/airflow/example_dags/example_complex.py                                                                   1           0  0.14s           2026-08-30T19:48:36                      10
/home/mmirnezamina/de_final_project/airflowenv/lib/python3.10/site-packages/airflow/example_dags/example_branch_day_of_week_operator.py                                               1           0  0.14s           2026-08-30T19:48:38                      12
/home/mmirnezamina/de_final_project/airflowenv/lib/python3.10/site-packages/airflow/example_dags/example_dynamic_task_mapping_with_no_taskflow_operators.py                           1           0  0.14s           2026-08-30T19:48:59                      10
/home/mmirnezamina/de_final_project/airflowenv/lib/python3.10/site-packages/airflow/example_dags/example_xcom.py                                                                      1           0  0.14s           2026-08-30T19:48:41                      12
/home/mmirnezamina/de_final_project/airflowenv/lib/python3.10/site-packages/airflow/example_dags/example_params_trigger_ui.py                                                         1           0  0.14s           2026-08-30T19:48:54                      10
/home/mmirnezamina/de_final_project/airflowenv/lib/python3.10/site-packages/airflow/example_dags/example_skip_dag.py                                                                  1           0  0.14s           2026-08-30T19:48:47                      12
/home/mmirnezamina/de_final_project/airflowenv/lib/python3.10/site-packages/airflow/example_dags/example_branch_operator_decorator.py                                                 0           0  0.14s           2026-08-30T19:48:37                       3
/home/mmirnezamina/de_final_project/airflowenv/lib/python3.10/site-packages/airflow/example_dags/example_branch_python_dop_operator_3.py                                              1           0  0.13s           2026-08-30T19:48:36                      12
/home/mmirnezamina/de_final_project/airflowenv/lib/python3.10/site-packages/airflow/example_dags/example_setup_teardown_taskflow.py                                                   1           0  0.13s           2026-08-30T19:48:49                      10
/home/mmirnezamina/de_final_project/airflowenv/lib/python3.10/site-packages/airflow/example_dags/example_branch_datetime_operator.py                                                  3           0  0.13s           2026-08-30T19:48:39                      18
/home/mmirnezamina/de_final_project/airflowenv/lib/python3.10/site-packages/airflow/example_dags/example_passing_params_via_test_command.py                                           1           0  0.13s           2026-08-30T19:48:52                      12
/home/mmirnezamina/de_final_project/airflowenv/lib/python3.10/site-packages/airflow/example_dags/example_outlet_event_extra.py                                                        3           0  0.13s           2026-08-30T19:48:56                      19
/home/mmirnezamina/de_final_project/airflowenv/lib/python3.10/site-packages/airflow/example_dags/example_bash_operator.py                                                             1           0  0.13s           2026-08-30T19:48:39                      12
/home/mmirnezamina/de_final_project/airflowenv/lib/python3.10/site-packages/airflow/example_dags/example_external_task_marker_dag.py                                                  2           0  0.13s           2026-08-30T19:48:58                      13
/home/mmirnezamina/de_final_project/airflowenv/lib/python3.10/site-packages/airflow/example_dags/example_xcomargs.py                                                                  2           0  0.13s           2026-08-30T19:48:41                      13
/home/mmirnezamina/de_final_project/airflowenv/lib/python3.10/site-packages/airflow/example_dags/example_display_name.py                                                              1           0  0.12s           2026-08-30T19:48:59                      10
/home/mmirnezamina/de_final_project/airflowenv/lib/python3.10/site-packages/airflow/example_dags/example_branch_operator.py                                                           0           0  0.12s           2026-08-30T19:48:37                       3
/home/mmirnezamina/de_final_project/airflowenv/lib/python3.10/site-packages/airflow/example_dags/example_latest_only.py                                                               1           0  0.12s           2026-08-30T19:48:57                      12
/home/mmirnezamina/de_final_project/airflowenv/lib/python3.10/site-packages/airflow/example_dags/plugins/workday.py                                                                   0           0  0.12s           2026-08-30T19:48:35                       3
/home/mmirnezamina/de_final_project/airflowenv/lib/python3.10/site-packages/airflow/example_dags/example_task_group.py                                                                1           0  0.12s           2026-08-30T19:48:45                      10
/home/mmirnezamina/de_final_project/airflowenv/lib/python3.10/site-packages/airflow/example_dags/example_short_circuit_decorator.py                                                   1           0  0.12s           2026-08-30T19:48:48                      10
/home/mmirnezamina/de_final_project/airflowenv/lib/python3.10/site-packages/airflow/example_dags/example_latest_only_with_trigger.py                                                  1           0  0.11s           2026-08-30T19:48:57                      12
/home/mmirnezamina/de_final_project/airflowenv/lib/python3.10/site-packages/airflow/example_dags/example_sensors.py                                                                   1           0  0.11s           2026-08-30T19:48:51                      10
/home/mmirnezamina/de_final_project/airflowenv/lib/python3.10/site-packages/airflow/example_dags/example_nested_branch_dag.py                                                         1           0  0.11s           2026-08-30T19:48:56                      12
/home/mmirnezamina/de_final_project/airflowenv/lib/python3.10/site-packages/airflow/example_dags/example_branch_labels.py                                                             1           0  0.10s           2026-08-30T19:48:38                      12
/home/mmirnezamina/de_final_project/airflowenv/lib/python3.10/site-packages/airflow/example_dags/example_sensor_decorator.py                                                          1           0  0.10s           2026-08-30T19:48:51                      10
/home/mmirnezamina/de_final_project/airflowenv/lib/python3.10/site-packages/airflow/example_dags/example_task_group_decorator.py                                                      1           0  0.09s           2026-08-30T19:48:44                      10
/home/mmirnezamina/de_final_project/airflowenv/lib/python3.10/site-packages/airflow/example_dags/tutorial_objectstorage.py                                                            0           1  0.08s           2026-08-30T19:48:40                       5
/home/mmirnezamina/de_final_project/airflowenv/lib/python3.10/site-packages/airflow/example_dags/subdags/subdag.py                                           14450  0.01s             0           0  0.07s           2026-08-30T19:48:33                       3
/home/mmirnezamina/de_final_project/airflowenv/lib/python3.10/site-packages/airflow/example_dags/example_local_kubernetes_executor.py                                                 0           0  0.06s           2026-08-30T19:48:56                       3
/home/mmirnezamina/de_final_project/airflowenv/lib/python3.10/site-packages/airflow/example_dags/plugins/decreasing_priority_weight_strategy.py                                       0           0  0.05s           2026-08-30T19:48:37                       3
/home/mmirnezamina/de_final_project/airflowenv/lib/python3.10/site-packages/airflow/example_dags/plugins/listener_plugin.py                                                           0           0  0.05s           2026-08-30T19:48:36                       3
/home/mmirnezamina/de_final_project/airflowenv/lib/python3.10/site-packages/airflow/example_dags/example_kubernetes_executor.py                                                       0           0  0.05s           2026-08-30T19:48:57                       3
/home/mmirnezamina/de_final_project/airflowenv/lib/python3.10/site-packages/airflow/example_dags/plugins/event_listener.py                                                            0           0  0.05s           2026-08-30T19:48:37                       3
================================================================================
[2026-08-30T23:19:33.916+0330] {manager.py:997} INFO - 
================================================================================
DAG File Processing Stats

File Path                                                                                                                                                      PID  Runtime      # DAGs    # Errors  Last Runtime    Last Run               Last # of DB Queries
-----------------------------------------------------------------------------------------------------------------------------------------------------------  -----  ---------  --------  ----------  --------------  -------------------  ----------------------
/home/mmirnezamina/de_final_project/airflowenv/lib/python3.10/site-packages/airflow/example_dags/example_dag_decorator.py                                                             1           0  0.41s           2026-08-30T19:49:07                      32
/home/mmirnezamina/de_final_project/airflowenv/lib/python3.10/site-packages/airflow/example_dags/example_complex.py                                                                   1           0  0.39s           2026-08-30T19:49:07                      10
/home/mmirnezamina/de_final_project/airflowenv/lib/python3.10/site-packages/airflow/example_dags/example_workday_timetable.py                                                         1           0  0.32s           2026-08-30T19:49:12                      12
/home/mmirnezamina/de_final_project/airflowenv/lib/python3.10/site-packages/airflow/example_dags/example_time_delta_sensor_async.py                                                   1           0  0.29s           2026-08-30T19:49:13                      10
/home/mmirnezamina/de_final_project/airflowenv/lib/python3.10/site-packages/airflow/example_dags/tutorial_taskflow_templates.py                                                       1           0  0.25s           2026-08-30T19:49:11                      12
/home/mmirnezamina/de_final_project/airflowenv/lib/python3.10/site-packages/airflow/example_dags/example_xcom.py                                                                      1           0  0.24s           2026-08-30T19:49:12                      12
/home/mmirnezamina/de_final_project/airflowenv/lib/python3.10/site-packages/airflow/example_dags/example_python_decorator.py                                                          1           0  0.23s           2026-08-30T19:49:22                      10
/home/mmirnezamina/de_final_project/airflowenv/lib/python3.10/site-packages/airflow/example_dags/example_branch_python_dop_operator_3.py                                              1           0  0.23s           2026-08-30T19:49:07                      12
/home/mmirnezamina/de_final_project/airflowenv/lib/python3.10/site-packages/airflow/example_dags/example_bash_operator.py                                                             1           0  0.21s           2026-08-30T19:49:09                      12
/home/mmirnezamina/de_final_project/airflowenv/lib/python3.10/site-packages/airflow/example_dags/tutorial.py                                                                          1           0  0.21s           2026-08-30T19:49:12                      12
/home/mmirnezamina/de_final_project/airflowenv/lib/python3.10/site-packages/airflow/example_dags/example_datasets.py                                                                 10           0  0.20s           2026-08-30T19:49:31                      49
/home/mmirnezamina/de_final_project/airflowenv/lib/python3.10/site-packages/airflow/example_dags/example_branch_operator.py                                                           0           0  0.20s           2026-08-30T19:49:08                       3
/home/mmirnezamina/de_final_project/airflowenv/lib/python3.10/site-packages/airflow/example_dags/example_python_operator.py                                                           1           0  0.20s           2026-08-30T19:49:23                      10
/home/mmirnezamina/de_final_project/airflowenv/lib/python3.10/site-packages/airflow/example_dags/tutorial_taskflow_api_virtualenv.py                                                  0           0  0.19s           2026-08-30T19:49:11                       3
/home/mmirnezamina/de_final_project/airflowenv/lib/python3.10/site-packages/airflow/example_dags/example_bash_decorator.py                                                            1           0  0.19s           2026-08-30T19:49:12                      10
/home/mmirnezamina/de_final_project/airflowenv/lib/python3.10/site-packages/airflow/example_dags/example_branch_operator_decorator.py                                                 0           0  0.18s           2026-08-30T19:49:08                       3
/home/mmirnezamina/de_final_project/airflowenv/lib/python3.10/site-packages/airflow/example_dags/example_branch_day_of_week_operator.py                                               1           0  0.18s           2026-08-30T19:49:09                      12
/home/mmirnezamina/de_final_project/airflowenv/lib/python3.10/site-packages/airflow/example_dags/example_inlet_event_extra.py                                                         2           0  0.18s           2026-08-30T19:49:28                      15
/home/mmirnezamina/de_final_project/airflowenv/lib/python3.10/site-packages/airflow/example_dags/example_trigger_controller_dag.py                                                    1           0  0.18s           2026-08-30T19:49:13                      12
/home/mmirnezamina/de_final_project/airflowenv/lib/python3.10/site-packages/airflow/example_dags/example_dataset_alias.py                                                             4           0  0.17s           2026-08-30T19:49:04                      27
/home/mmirnezamina/de_final_project/airflowenv/lib/python3.10/site-packages/airflow/example_dags/example_short_circuit_operator.py                                                    1           0  0.17s           2026-08-30T19:49:18                      10
/home/mmirnezamina/de_final_project/airflowenv/lib/python3.10/site-packages/airflow/example_dags/tutorial_dag.py                                                                      1           0  0.17s           2026-08-30T19:49:11                      10
/home/mmirnezamina/de_final_project/airflowenv/lib/python3.10/site-packages/airflow/example_dags/example_params_ui_tutorial.py                                                        1           0  0.17s           2026-08-30T19:49:25                      10
/home/mmirnezamina/de_final_project/airflowenv/lib/python3.10/site-packages/airflow/example_dags/example_branch_labels.py                                                             1           0  0.16s           2026-08-30T19:49:09                      12
/home/mmirnezamina/de_final_project/airflowenv/lib/python3.10/site-packages/airflow/example_dags/example_branch_datetime_operator.py                                                  3           0  0.16s           2026-08-30T19:49:09                      18
/home/mmirnezamina/de_final_project/airflowenv/lib/python3.10/site-packages/airflow/example_dags/example_subdag_operator.py                                                           3           0  0.16s           2026-08-30T19:49:16                      20
/home/mmirnezamina/de_final_project/airflowenv/lib/python3.10/site-packages/airflow/example_dags/example_dataset_alias_with_no_taskflow.py                                            4           0  0.16s           2026-08-30T19:49:31                      27
/home/mmirnezamina/de_final_project/airflowenv/lib/python3.10/site-packages/airflow/example_dags/example_task_group_decorator.py                                                      1           0  0.16s           2026-08-30T19:49:15                      10
/home/mmirnezamina/de_final_project/airflowenv/lib/python3.10/site-packages/airflow/example_dags/example_sensors.py                                                                   1           0  0.16s           2026-08-30T19:49:21                      10
/home/mmirnezamina/de_final_project/airflowenv/lib/python3.10/site-packages/airflow/example_dags/example_xcomargs.py                                                                  2           0  0.16s           2026-08-30T19:49:12                      13
/home/mmirnezamina/de_final_project/airflowenv/lib/python3.10/site-packages/airflow/example_dags/example_params_trigger_ui.py                                                         1           0  0.15s           2026-08-30T19:49:25                      10
/home/mmirnezamina/de_final_project/airflowenv/lib/python3.10/site-packages/airflow/example_dags/example_sensor_decorator.py                                                          1           0  0.15s           2026-08-30T19:49:21                      10
/home/mmirnezamina/de_final_project/airflowenv/lib/python3.10/site-packages/airflow/example_dags/example_passing_params_via_test_command.py                                           1           0  0.15s           2026-08-30T19:49:22                      12
/home/mmirnezamina/de_final_project/airflowenv/lib/python3.10/site-packages/airflow/example_dags/example_external_task_marker_dag.py                                                  2           0  0.15s           2026-08-30T19:49:28                      13
/home/mmirnezamina/de_final_project/airflowenv/lib/python3.10/site-packages/airflow/example_dags/example_short_circuit_decorator.py                                                   1           0  0.15s           2026-08-30T19:49:18                      10
/home/mmirnezamina/de_final_project/airflowenv/lib/python3.10/site-packages/airflow/example_dags/example_trigger_target_dag.py                                                        1           0  0.14s           2026-08-30T19:49:12                      10
/home/mmirnezamina/de_final_project/airflowenv/lib/python3.10/site-packages/airflow/example_dags/example_dynamic_task_mapping.py                                                      1           0  0.14s           2026-08-30T19:49:29                      10
/home/mmirnezamina/de_final_project/airflowenv/lib/python3.10/site-packages/airflow/example_dags/example_outlet_event_extra.py                                                        3           0  0.14s           2026-08-30T19:49:27                      19
/home/mmirnezamina/de_final_project/airflowenv/lib/python3.10/site-packages/airflow/example_dags/example_dynamic_task_mapping_with_no_taskflow_operators.py                           1           0  0.14s           2026-08-30T19:49:29                      10
/home/mmirnezamina/de_final_project/airflowenv/lib/python3.10/site-packages/airflow/example_dags/example_display_name.py                                                              1           0  0.14s           2026-08-30T19:49:29                      10
/home/mmirnezamina/de_final_project/airflowenv/lib/python3.10/site-packages/airflow/example_dags/tutorial_taskflow_api.py                                                             1           0  0.13s           2026-08-30T19:49:11                      10
/home/mmirnezamina/de_final_project/airflowenv/lib/python3.10/site-packages/airflow/example_dags/example_latest_only.py                                                               1           0  0.12s           2026-08-30T19:49:28                      12
/home/mmirnezamina/de_final_project/airflowenv/lib/python3.10/site-packages/airflow/example_dags/example_task_group.py                                                                1           0  0.12s           2026-08-30T19:49:16                      10
/home/mmirnezamina/de_final_project/airflowenv/lib/python3.10/site-packages/airflow/example_dags/example_setup_teardown_taskflow.py                                                   1           0  0.12s           2026-08-30T19:49:19                      10
/home/mmirnezamina/de_final_project/airflowenv/lib/python3.10/site-packages/airflow/example_dags/example_sla_dag.py                                                                   1           0  0.12s           2026-08-30T19:49:17                      12
/home/mmirnezamina/de_final_project/airflowenv/lib/python3.10/site-packages/airflow/example_dags/example_latest_only_with_trigger.py                                                  1           0  0.12s           2026-08-30T19:49:28                      12
/home/mmirnezamina/de_final_project/airflowenv/lib/python3.10/site-packages/airflow/example_dags/example_setup_teardown.py                                                            1           0  0.11s           2026-08-30T19:49:19                      10
/home/mmirnezamina/de_final_project/airflowenv/lib/python3.10/site-packages/airflow/example_dags/example_nested_branch_dag.py                                                         1           0  0.11s           2026-08-30T19:49:27                      12
/home/mmirnezamina/de_final_project/airflowenv/lib/python3.10/site-packages/airflow/example_dags/example_skip_dag.py                                                                  1           0  0.11s           2026-08-30T19:49:18                      12
/home/mmirnezamina/de_final_project/airflowenv/lib/python3.10/site-packages/airflow/example_dags/plugins/decreasing_priority_weight_strategy.py                                       0           0  0.10s           2026-08-30T19:49:08                       3
/home/mmirnezamina/de_final_project/airflowenv/lib/python3.10/site-packages/airflow/example_dags/plugins/event_listener.py                                                            0           0  0.10s           2026-08-30T19:49:08                       3
/home/mmirnezamina/de_final_project/airflowenv/lib/python3.10/site-packages/airflow/example_dags/tutorial_objectstorage.py                                                            0           1  0.08s           2026-08-30T19:49:11                       5
/home/mmirnezamina/de_final_project/airflowenv/lib/python3.10/site-packages/airflow/example_dags/example_kubernetes_executor.py                                                       0           0  0.06s           2026-08-30T19:49:28                       3
/home/mmirnezamina/de_final_project/airflowenv/lib/python3.10/site-packages/airflow/example_dags/plugins/workday.py                                                                   0           0  0.05s           2026-08-30T19:49:05                       3
/home/mmirnezamina/de_final_project/airflowenv/lib/python3.10/site-packages/airflow/example_dags/subdags/subdag.py                                           14567  0.00s             0           0  0.05s           2026-08-30T19:49:03                       3
/home/mmirnezamina/de_final_project/airflowenv/lib/python3.10/site-packages/airflow/example_dags/example_local_kubernetes_executor.py                                                 0           0  0.05s           2026-08-30T19:49:27                       3
/home/mmirnezamina/de_final_project/airflowenv/lib/python3.10/site-packages/airflow/example_dags/plugins/listener_plugin.py                                                           0           0  0.04s           2026-08-30T19:49:06                       3
================================================================================
[2026-08-30T23:20:04.484+0330] {manager.py:997} INFO - 
================================================================================
DAG File Processing Stats

File Path                                                                                                                                                      PID  Runtime      # DAGs    # Errors  Last Runtime    Last Run               Last # of DB Queries
-----------------------------------------------------------------------------------------------------------------------------------------------------------  -----  ---------  --------  ----------  --------------  -------------------  ----------------------
/home/mmirnezamina/de_final_project/airflowenv/lib/python3.10/site-packages/airflow/example_dags/example_outlet_event_extra.py                                                        3           0  0.30s           2026-08-30T19:49:57                      19
/home/mmirnezamina/de_final_project/airflowenv/lib/python3.10/site-packages/airflow/example_dags/example_trigger_controller_dag.py                                                    1           0  0.30s           2026-08-30T19:49:44                      12
/home/mmirnezamina/de_final_project/airflowenv/lib/python3.10/site-packages/airflow/example_dags/example_trigger_target_dag.py                                                        1           0  0.30s           2026-08-30T19:49:43                      10
/home/mmirnezamina/de_final_project/airflowenv/lib/python3.10/site-packages/airflow/example_dags/example_bash_decorator.py                                                            1           0  0.29s           2026-08-30T19:49:44                      10
/home/mmirnezamina/de_final_project/airflowenv/lib/python3.10/site-packages/airflow/example_dags/tutorial.py                                                                          1           0  0.26s           2026-08-30T19:49:43                      12
/home/mmirnezamina/de_final_project/airflowenv/lib/python3.10/site-packages/airflow/example_dags/example_xcomargs.py                                                                  2           0  0.26s           2026-08-30T19:49:43                      13
/home/mmirnezamina/de_final_project/airflowenv/lib/python3.10/site-packages/airflow/example_dags/example_nested_branch_dag.py                                                         1           0  0.26s           2026-08-30T19:49:57                      12
/home/mmirnezamina/de_final_project/airflowenv/lib/python3.10/site-packages/airflow/example_dags/example_workday_timetable.py                                                         1           0  0.25s           2026-08-30T19:49:43                      12
/home/mmirnezamina/de_final_project/airflowenv/lib/python3.10/site-packages/airflow/example_dags/example_time_delta_sensor_async.py                                                   1           0  0.24s           2026-08-30T19:49:44                      10
/home/mmirnezamina/de_final_project/airflowenv/lib/python3.10/site-packages/airflow/example_dags/example_setup_teardown.py                                                            1           0  0.23s           2026-08-30T19:49:49                      10
/home/mmirnezamina/de_final_project/airflowenv/lib/python3.10/site-packages/airflow/example_dags/example_setup_teardown_taskflow.py                                                   1           0  0.21s           2026-08-30T19:49:49                      10
/home/mmirnezamina/de_final_project/airflowenv/lib/python3.10/site-packages/airflow/example_dags/example_datasets.py                                                                 10           0  0.21s           2026-08-30T19:50:02                      49
/home/mmirnezamina/de_final_project/airflowenv/lib/python3.10/site-packages/airflow/example_dags/example_branch_day_of_week_operator.py                                               1           0  0.20s           2026-08-30T19:49:40                      12
/home/mmirnezamina/de_final_project/airflowenv/lib/python3.10/site-packages/airflow/example_dags/example_xcom.py                                                                      1           0  0.20s           2026-08-30T19:49:43                      12
/home/mmirnezamina/de_final_project/airflowenv/lib/python3.10/site-packages/airflow/example_dags/example_dag_decorator.py                                                             1           0  0.20s           2026-08-30T19:49:38                      32
/home/mmirnezamina/de_final_project/airflowenv/lib/python3.10/site-packages/airflow/example_dags/example_python_decorator.py                                                          1           0  0.20s           2026-08-30T19:49:53                      10
/home/mmirnezamina/de_final_project/airflowenv/lib/python3.10/site-packages/airflow/example_dags/example_inlet_event_extra.py                                                         2           0  0.20s           2026-08-30T19:49:59                      15
/home/mmirnezamina/de_final_project/airflowenv/lib/python3.10/site-packages/airflow/example_dags/example_params_ui_tutorial.py                                                        1           0  0.18s           2026-08-30T19:49:55                      10
/home/mmirnezamina/de_final_project/airflowenv/lib/python3.10/site-packages/airflow/example_dags/example_branch_datetime_operator.py                                                  3           0  0.17s           2026-08-30T19:49:40                      18
/home/mmirnezamina/de_final_project/airflowenv/lib/python3.10/site-packages/airflow/example_dags/example_dataset_alias_with_no_taskflow.py                                            4           0  0.17s           2026-08-30T19:50:02                      27
/home/mmirnezamina/de_final_project/airflowenv/lib/python3.10/site-packages/airflow/example_dags/example_python_operator.py                                                           1           0  0.17s           2026-08-30T19:49:54                      10
/home/mmirnezamina/de_final_project/airflowenv/lib/python3.10/site-packages/airflow/example_dags/example_params_trigger_ui.py                                                         1           0  0.16s           2026-08-30T19:49:55                      10
/home/mmirnezamina/de_final_project/airflowenv/lib/python3.10/site-packages/airflow/example_dags/example_external_task_marker_dag.py                                                  2           0  0.16s           2026-08-30T19:49:59                      13
/home/mmirnezamina/de_final_project/airflowenv/lib/python3.10/site-packages/airflow/example_dags/example_bash_operator.py                                                             1           0  0.16s           2026-08-30T19:49:40                      12
/home/mmirnezamina/de_final_project/airflowenv/lib/python3.10/site-packages/airflow/example_dags/example_branch_labels.py                                                             1           0  0.15s           2026-08-30T19:49:40                      12
/home/mmirnezamina/de_final_project/airflowenv/lib/python3.10/site-packages/airflow/example_dags/example_latest_only.py                                                               1           0  0.15s           2026-08-30T19:49:58                      12
/home/mmirnezamina/de_final_project/airflowenv/lib/python3.10/site-packages/airflow/example_dags/example_latest_only_with_trigger.py                                                  1           0  0.15s           2026-08-30T19:49:58                      12
/home/mmirnezamina/de_final_project/airflowenv/lib/python3.10/site-packages/airflow/example_dags/tutorial_taskflow_templates.py                                                       1           0  0.14s           2026-08-30T19:49:41                      12
/home/mmirnezamina/de_final_project/airflowenv/lib/python3.10/site-packages/airflow/example_dags/example_task_group_decorator.py                                                      1           0  0.14s           2026-08-30T19:49:45                      10
/home/mmirnezamina/de_final_project/airflowenv/lib/python3.10/site-packages/airflow/example_dags/example_passing_params_via_test_command.py                                           1           0  0.14s           2026-08-30T19:49:53                      12
/home/mmirnezamina/de_final_project/airflowenv/lib/python3.10/site-packages/airflow/example_dags/example_subdag_operator.py                                                           3           0  0.13s           2026-08-30T19:49:46                      20
/home/mmirnezamina/de_final_project/airflowenv/lib/python3.10/site-packages/airflow/example_dags/example_dataset_alias.py                                                             4           0  0.13s           2026-08-30T19:49:35                      27
/home/mmirnezamina/de_final_project/airflowenv/lib/python3.10/site-packages/airflow/example_dags/example_dynamic_task_mapping.py                                                      1           0  0.13s           2026-08-30T19:50:00                      10
/home/mmirnezamina/de_final_project/airflowenv/lib/python3.10/site-packages/airflow/example_dags/example_branch_python_dop_operator_3.py                                              1           0  0.13s           2026-08-30T19:49:38                      12
/home/mmirnezamina/de_final_project/airflowenv/lib/python3.10/site-packages/airflow/example_dags/tutorial_dag.py                                                                      1           0  0.12s           2026-08-30T19:49:42                      10
/home/mmirnezamina/de_final_project/airflowenv/lib/python3.10/site-packages/airflow/example_dags/tutorial_taskflow_api.py                                                             1           0  0.12s           2026-08-30T19:49:41                      10
/home/mmirnezamina/de_final_project/airflowenv/lib/python3.10/site-packages/airflow/example_dags/tutorial_taskflow_api_virtualenv.py                                                  0           0  0.12s           2026-08-30T19:49:41                       3
/home/mmirnezamina/de_final_project/airflowenv/lib/python3.10/site-packages/airflow/example_dags/example_dynamic_task_mapping_with_no_taskflow_operators.py                           1           0  0.12s           2026-08-30T19:50:00                      10
/home/mmirnezamina/de_final_project/airflowenv/lib/python3.10/site-packages/airflow/example_dags/example_skip_dag.py                                                                  1           0  0.12s           2026-08-30T19:49:48                      12
/home/mmirnezamina/de_final_project/airflowenv/lib/python3.10/site-packages/airflow/example_dags/example_sla_dag.py                                                                   1           0  0.12s           2026-08-30T19:49:47                      12
/home/mmirnezamina/de_final_project/airflowenv/lib/python3.10/site-packages/airflow/example_dags/example_display_name.py                                                              1           0  0.11s           2026-08-30T19:50:00                      10
/home/mmirnezamina/de_final_project/airflowenv/lib/python3.10/site-packages/airflow/example_dags/example_branch_operator_decorator.py                                                 0           0  0.11s           2026-08-30T19:49:39                       3
/home/mmirnezamina/de_final_project/airflowenv/lib/python3.10/site-packages/airflow/example_dags/example_task_group.py                                                                1           0  0.11s           2026-08-30T19:49:46                      10
/home/mmirnezamina/de_final_project/airflowenv/lib/python3.10/site-packages/airflow/example_dags/example_complex.py                                                                   1           0  0.11s           2026-08-30T19:49:38                      10
/home/mmirnezamina/de_final_project/airflowenv/lib/python3.10/site-packages/airflow/example_dags/example_short_circuit_operator.py                                                    1           0  0.11s           2026-08-30T19:49:48                      10
/home/mmirnezamina/de_final_project/airflowenv/lib/python3.10/site-packages/airflow/example_dags/example_sensors.py                                                                   1           0  0.10s           2026-08-30T19:49:52                      10
/home/mmirnezamina/de_final_project/airflowenv/lib/python3.10/site-packages/airflow/example_dags/example_sensor_decorator.py                                                          1           0  0.10s           2026-08-30T19:49:52                      10
/home/mmirnezamina/de_final_project/airflowenv/lib/python3.10/site-packages/airflow/example_dags/example_branch_operator.py                                                           0           0  0.10s           2026-08-30T19:49:39                       3
/home/mmirnezamina/de_final_project/airflowenv/lib/python3.10/site-packages/airflow/example_dags/example_short_circuit_decorator.py                                                   1           0  0.10s           2026-08-30T19:49:48                      10
/home/mmirnezamina/de_final_project/airflowenv/lib/python3.10/site-packages/airflow/example_dags/example_local_kubernetes_executor.py                                                 0           0  0.09s           2026-08-30T19:49:57                       3
/home/mmirnezamina/de_final_project/airflowenv/lib/python3.10/site-packages/airflow/example_dags/plugins/workday.py                                                                   0           0  0.08s           2026-08-30T19:49:36                       3
/home/mmirnezamina/de_final_project/airflowenv/lib/python3.10/site-packages/airflow/example_dags/example_kubernetes_executor.py                                                       0           0  0.07s           2026-08-30T19:49:58                       3
/home/mmirnezamina/de_final_project/airflowenv/lib/python3.10/site-packages/airflow/example_dags/plugins/event_listener.py                                                            0           0  0.06s           2026-08-30T19:49:38                       3
/home/mmirnezamina/de_final_project/airflowenv/lib/python3.10/site-packages/airflow/example_dags/tutorial_objectstorage.py                                                            0           1  0.06s           2026-08-30T19:49:42                       5
/home/mmirnezamina/de_final_project/airflowenv/lib/python3.10/site-packages/airflow/example_dags/plugins/decreasing_priority_weight_strategy.py                                       0           0  0.06s           2026-08-30T19:49:38                       3
/home/mmirnezamina/de_final_project/airflowenv/lib/python3.10/site-packages/airflow/example_dags/plugins/listener_plugin.py                                                           0           0  0.05s           2026-08-30T19:49:37                       3
/home/mmirnezamina/de_final_project/airflowenv/lib/python3.10/site-packages/airflow/example_dags/subdags/subdag.py                                           14687  0.00s             0           0  0.04s           2026-08-30T19:49:33                       3
================================================================================
[2026-08-30T23:20:34.936+0330] {manager.py:997} INFO - 
================================================================================
DAG File Processing Stats

File Path                                                                                                                                                      PID  Runtime      # DAGs    # Errors  Last Runtime    Last Run               Last # of DB Queries
-----------------------------------------------------------------------------------------------------------------------------------------------------------  -----  ---------  --------  ----------  --------------  -------------------  ----------------------
/home/mmirnezamina/de_final_project/airflowenv/lib/python3.10/site-packages/airflow/example_dags/example_branch_labels.py                                                             1           0  1.48s           2026-08-30T19:50:12                      12
/home/mmirnezamina/de_final_project/airflowenv/lib/python3.10/site-packages/airflow/example_dags/example_branch_datetime_operator.py                                                  3           0  0.81s           2026-08-30T19:50:12                      18
/home/mmirnezamina/de_final_project/airflowenv/lib/python3.10/site-packages/airflow/example_dags/example_branch_day_of_week_operator.py                                               1           0  0.78s           2026-08-30T19:50:11                      12
/home/mmirnezamina/de_final_project/airflowenv/lib/python3.10/site-packages/airflow/example_dags/example_bash_operator.py                                                             1           0  0.59s           2026-08-30T19:50:13                      12
/home/mmirnezamina/de_final_project/airflowenv/lib/python3.10/site-packages/airflow/example_dags/example_sla_dag.py                                                                   1           0  0.51s           2026-08-30T19:50:18                      12
/home/mmirnezamina/de_final_project/airflowenv/lib/python3.10/site-packages/airflow/example_dags/example_short_circuit_operator.py                                                    1           0  0.45s           2026-08-30T19:50:19                      10
/home/mmirnezamina/de_final_project/airflowenv/lib/python3.10/site-packages/airflow/example_dags/example_xcom.py                                                                      1           0  0.41s           2026-08-30T19:50:14                      12
/home/mmirnezamina/de_final_project/airflowenv/lib/python3.10/site-packages/airflow/example_dags/example_xcomargs.py                                                                  2           0  0.39s           2026-08-30T19:50:14                      13
/home/mmirnezamina/de_final_project/airflowenv/lib/python3.10/site-packages/airflow/example_dags/example_branch_operator_decorator.py                                                 0           0  0.36s           2026-08-30T19:50:10                       3
/home/mmirnezamina/de_final_project/airflowenv/lib/python3.10/site-packages/airflow/example_dags/tutorial.py                                                                          1           0  0.36s           2026-08-30T19:50:14                      12
/home/mmirnezamina/de_final_project/airflowenv/lib/python3.10/site-packages/airflow/example_dags/example_trigger_target_dag.py                                                        1           0  0.35s           2026-08-30T19:50:15                      10
/home/mmirnezamina/de_final_project/airflowenv/lib/python3.10/site-packages/airflow/example_dags/example_workday_timetable.py                                                         1           0  0.35s           2026-08-30T19:50:14                      12
/home/mmirnezamina/de_final_project/airflowenv/lib/python3.10/site-packages/airflow/example_dags/tutorial_dag.py                                                                      1           0  0.35s           2026-08-30T19:50:14                      10
/home/mmirnezamina/de_final_project/airflowenv/lib/python3.10/site-packages/airflow/example_dags/example_trigger_controller_dag.py                                                    1           0  0.34s           2026-08-30T19:50:15                      12
/home/mmirnezamina/de_final_project/airflowenv/lib/python3.10/site-packages/airflow/example_dags/tutorial_taskflow_api_virtualenv.py                                                  0           0  0.34s           2026-08-30T19:50:13                       3
/home/mmirnezamina/de_final_project/airflowenv/lib/python3.10/site-packages/airflow/example_dags/tutorial_taskflow_api.py                                                             1           0  0.32s           2026-08-30T19:50:13                      10
/home/mmirnezamina/de_final_project/airflowenv/lib/python3.10/site-packages/airflow/example_dags/tutorial_taskflow_templates.py                                                       1           0  0.31s           2026-08-30T19:50:13                      12
/home/mmirnezamina/de_final_project/airflowenv/lib/python3.10/site-packages/airflow/example_dags/example_short_circuit_decorator.py                                                   1           0  0.30s           2026-08-30T19:50:19                      10
/home/mmirnezamina/de_final_project/airflowenv/lib/python3.10/site-packages/airflow/example_dags/example_task_group_decorator.py                                                      1           0  0.30s           2026-08-30T19:50:15                      10
/home/mmirnezamina/de_final_project/airflowenv/lib/python3.10/site-packages/airflow/example_dags/example_time_delta_sensor_async.py                                                   1           0  0.29s           2026-08-30T19:50:15                      10
/home/mmirnezamina/de_final_project/airflowenv/lib/python3.10/site-packages/airflow/example_dags/example_bash_decorator.py                                                            1           0  0.28s           2026-08-30T19:50:15                      10
/home/mmirnezamina/de_final_project/airflowenv/lib/python3.10/site-packages/airflow/example_dags/example_subdag_operator.py                                                           3           0  0.28s           2026-08-30T19:50:17                      20
/home/mmirnezamina/de_final_project/airflowenv/lib/python3.10/site-packages/airflow/example_dags/example_branch_operator.py                                                           0           0  0.27s           2026-08-30T19:50:10                       3
/home/mmirnezamina/de_final_project/airflowenv/lib/python3.10/site-packages/airflow/example_dags/example_skip_dag.py                                                                  1           0  0.26s           2026-08-30T19:50:19                      12
/home/mmirnezamina/de_final_project/airflowenv/lib/python3.10/site-packages/airflow/example_dags/example_dag_decorator.py                                                             1           0  0.20s           2026-08-30T19:50:08                      32
/home/mmirnezamina/de_final_project/airflowenv/lib/python3.10/site-packages/airflow/example_dags/example_task_group.py                                                                1           0  0.19s           2026-08-30T19:50:16                      10
/home/mmirnezamina/de_final_project/airflowenv/lib/python3.10/site-packages/airflow/example_dags/tutorial_objectstorage.py                                                            0           1  0.19s           2026-08-30T19:50:13                       5
/home/mmirnezamina/de_final_project/airflowenv/lib/python3.10/site-packages/airflow/example_dags/example_setup_teardown.py                                                            1           0  0.19s           2026-08-30T19:50:20                      10
/home/mmirnezamina/de_final_project/airflowenv/lib/python3.10/site-packages/airflow/example_dags/example_branch_python_dop_operator_3.py                                              1           0  0.18s           2026-08-30T19:50:09                      12
/home/mmirnezamina/de_final_project/airflowenv/lib/python3.10/site-packages/airflow/example_dags/example_complex.py                                                                   1           0  0.18s           2026-08-30T19:50:09                      10
/home/mmirnezamina/de_final_project/airflowenv/lib/python3.10/site-packages/airflow/example_dags/example_python_decorator.py                                                          1           0  0.18s           2026-08-30T19:50:24                      10
/home/mmirnezamina/de_final_project/airflowenv/lib/python3.10/site-packages/airflow/example_dags/example_setup_teardown_taskflow.py                                                   1           0  0.17s           2026-08-30T19:50:20                      10
/home/mmirnezamina/de_final_project/airflowenv/lib/python3.10/site-packages/airflow/example_dags/example_datasets.py                                                                 10           0  0.16s           2026-08-30T19:50:32                      49
/home/mmirnezamina/de_final_project/airflowenv/lib/python3.10/site-packages/airflow/example_dags/example_python_operator.py                                                           1           0  0.15s           2026-08-30T19:50:25                      10
/home/mmirnezamina/de_final_project/airflowenv/lib/python3.10/site-packages/airflow/example_dags/example_dataset_alias.py                                                             4           0  0.14s           2026-08-30T19:50:05                      27
/home/mmirnezamina/de_final_project/airflowenv/lib/python3.10/site-packages/airflow/example_dags/example_sensors.py                                                                   1           0  0.14s           2026-08-30T19:50:22                      10
/home/mmirnezamina/de_final_project/airflowenv/lib/python3.10/site-packages/airflow/example_dags/example_dataset_alias_with_no_taskflow.py                                            4           0  0.14s           2026-08-30T19:50:32                      27
/home/mmirnezamina/de_final_project/airflowenv/lib/python3.10/site-packages/airflow/example_dags/example_passing_params_via_test_command.py                                           1           0  0.13s           2026-08-30T19:50:24                      12
/home/mmirnezamina/de_final_project/airflowenv/lib/python3.10/site-packages/airflow/example_dags/example_outlet_event_extra.py                                                        3           0  0.13s           2026-08-30T19:50:28                      19
/home/mmirnezamina/de_final_project/airflowenv/lib/python3.10/site-packages/airflow/example_dags/example_params_ui_tutorial.py                                                        1           0  0.12s           2026-08-30T19:50:26                      10
/home/mmirnezamina/de_final_project/airflowenv/lib/python3.10/site-packages/airflow/example_dags/example_params_trigger_ui.py                                                         1           0  0.12s           2026-08-30T19:50:26                      10
/home/mmirnezamina/de_final_project/airflowenv/lib/python3.10/site-packages/airflow/example_dags/example_inlet_event_extra.py                                                         2           0  0.11s           2026-08-30T19:50:29                      15
/home/mmirnezamina/de_final_project/airflowenv/lib/python3.10/site-packages/airflow/example_dags/example_latest_only_with_trigger.py                                                  1           0  0.10s           2026-08-30T19:50:29                      12
/home/mmirnezamina/de_final_project/airflowenv/lib/python3.10/site-packages/airflow/example_dags/example_sensor_decorator.py                                                          1           0  0.10s           2026-08-30T19:50:22                      10
/home/mmirnezamina/de_final_project/airflowenv/lib/python3.10/site-packages/airflow/example_dags/example_dynamic_task_mapping.py                                                      1           0  0.10s           2026-08-30T19:50:30                      10
/home/mmirnezamina/de_final_project/airflowenv/lib/python3.10/site-packages/airflow/example_dags/example_dynamic_task_mapping_with_no_taskflow_operators.py                           1           0  0.10s           2026-08-30T19:50:30                      10
/home/mmirnezamina/de_final_project/airflowenv/lib/python3.10/site-packages/airflow/example_dags/example_nested_branch_dag.py                                                         1           0  0.10s           2026-08-30T19:50:28                      12
/home/mmirnezamina/de_final_project/airflowenv/lib/python3.10/site-packages/airflow/example_dags/example_external_task_marker_dag.py                                                  2           0  0.10s           2026-08-30T19:50:29                      13
/home/mmirnezamina/de_final_project/airflowenv/lib/python3.10/site-packages/airflow/example_dags/example_latest_only.py                                                               1           0  0.09s           2026-08-30T19:50:29                      12
/home/mmirnezamina/de_final_project/airflowenv/lib/python3.10/site-packages/airflow/example_dags/example_display_name.py                                                              1           0  0.08s           2026-08-30T19:50:30                      10
/home/mmirnezamina/de_final_project/airflowenv/lib/python3.10/site-packages/airflow/example_dags/plugins/decreasing_priority_weight_strategy.py                                       0           0  0.08s           2026-08-30T19:50:08                       3
/home/mmirnezamina/de_final_project/airflowenv/lib/python3.10/site-packages/airflow/example_dags/plugins/event_listener.py                                                            0           0  0.07s           2026-08-30T19:50:08                       3
/home/mmirnezamina/de_final_project/airflowenv/lib/python3.10/site-packages/airflow/example_dags/plugins/listener_plugin.py                                                           0           0  0.06s           2026-08-30T19:50:07                       3
/home/mmirnezamina/de_final_project/airflowenv/lib/python3.10/site-packages/airflow/example_dags/plugins/workday.py                                                                   0           0  0.05s           2026-08-30T19:50:06                       3
/home/mmirnezamina/de_final_project/airflowenv/lib/python3.10/site-packages/airflow/example_dags/example_local_kubernetes_executor.py                                                 0           0  0.05s           2026-08-30T19:50:28                       3
/home/mmirnezamina/de_final_project/airflowenv/lib/python3.10/site-packages/airflow/example_dags/subdags/subdag.py                                           14808  0.00s             0           0  0.04s           2026-08-30T19:50:04                       3
/home/mmirnezamina/de_final_project/airflowenv/lib/python3.10/site-packages/airflow/example_dags/example_kubernetes_executor.py                                                       0           0  0.04s           2026-08-30T19:50:29                       3
================================================================================
[2026-08-30T23:21:05.338+0330] {manager.py:997} INFO - 
================================================================================
DAG File Processing Stats

File Path                                                                                                                                                      PID  Runtime      # DAGs    # Errors  Last Runtime    Last Run               Last # of DB Queries
-----------------------------------------------------------------------------------------------------------------------------------------------------------  -----  ---------  --------  ----------  --------------  -------------------  ----------------------
/home/mmirnezamina/de_final_project/airflowenv/lib/python3.10/site-packages/airflow/example_dags/example_datasets.py                                                                 10           0  0.17s           2026-08-30T19:51:03                      49
/home/mmirnezamina/de_final_project/airflowenv/lib/python3.10/site-packages/airflow/example_dags/example_dag_decorator.py                                                             1           0  0.16s           2026-08-30T19:50:39                      32
/home/mmirnezamina/de_final_project/airflowenv/lib/python3.10/site-packages/airflow/example_dags/example_inlet_event_extra.py                                                         2           0  0.14s           2026-08-30T19:51:00                      15
/home/mmirnezamina/de_final_project/airflowenv/lib/python3.10/site-packages/airflow/example_dags/example_python_decorator.py                                                          1           0  0.14s           2026-08-30T19:50:54                      10
/home/mmirnezamina/de_final_project/airflowenv/lib/python3.10/site-packages/airflow/example_dags/example_bash_decorator.py                                                            1           0  0.14s           2026-08-30T19:50:45                      10
/home/mmirnezamina/de_final_project/airflowenv/lib/python3.10/site-packages/airflow/example_dags/example_python_operator.py                                                           1           0  0.13s           2026-08-30T19:50:55                      10
/home/mmirnezamina/de_final_project/airflowenv/lib/python3.10/site-packages/airflow/example_dags/example_time_delta_sensor_async.py                                                   1           0  0.13s           2026-08-30T19:50:45                      10
/home/mmirnezamina/de_final_project/airflowenv/lib/python3.10/site-packages/airflow/example_dags/example_dataset_alias_with_no_taskflow.py                                            4           0  0.13s           2026-08-30T19:51:03                      27
/home/mmirnezamina/de_final_project/airflowenv/lib/python3.10/site-packages/airflow/example_dags/example_xcom.py                                                                      1           0  0.13s           2026-08-30T19:50:45                      12
/home/mmirnezamina/de_final_project/airflowenv/lib/python3.10/site-packages/airflow/example_dags/example_dataset_alias.py                                                             4           0  0.12s           2026-08-30T19:50:36                      27
/home/mmirnezamina/de_final_project/airflowenv/lib/python3.10/site-packages/airflow/example_dags/example_external_task_marker_dag.py                                                  2           0  0.12s           2026-08-30T19:51:00                      13
/home/mmirnezamina/de_final_project/airflowenv/lib/python3.10/site-packages/airflow/example_dags/example_params_ui_tutorial.py                                                        1           0  0.12s           2026-08-30T19:50:56                      10
/home/mmirnezamina/de_final_project/airflowenv/lib/python3.10/site-packages/airflow/example_dags/example_latest_only.py                                                               1           0  0.12s           2026-08-30T19:50:59                      12
/home/mmirnezamina/de_final_project/airflowenv/lib/python3.10/site-packages/airflow/example_dags/example_outlet_event_extra.py                                                        3           0  0.12s           2026-08-30T19:50:58                      19
/home/mmirnezamina/de_final_project/airflowenv/lib/python3.10/site-packages/airflow/example_dags/example_params_trigger_ui.py                                                         1           0  0.12s           2026-08-30T19:50:56                      10
/home/mmirnezamina/de_final_project/airflowenv/lib/python3.10/site-packages/airflow/example_dags/example_latest_only_with_trigger.py                                                  1           0  0.12s           2026-08-30T19:50:59                      12
/home/mmirnezamina/de_final_project/airflowenv/lib/python3.10/site-packages/airflow/example_dags/example_trigger_controller_dag.py                                                    1           0  0.12s           2026-08-30T19:50:45                      12
/home/mmirnezamina/de_final_project/airflowenv/lib/python3.10/site-packages/airflow/example_dags/example_branch_datetime_operator.py                                                  3           0  0.11s           2026-08-30T19:50:43                      18
/home/mmirnezamina/de_final_project/airflowenv/lib/python3.10/site-packages/airflow/example_dags/tutorial_dag.py                                                                      1           0  0.11s           2026-08-30T19:50:45                      10
/home/mmirnezamina/de_final_project/airflowenv/lib/python3.10/site-packages/airflow/example_dags/example_dynamic_task_mapping_with_no_taskflow_operators.py                           1           0  0.11s           2026-08-30T19:51:01                      10
/home/mmirnezamina/de_final_project/airflowenv/lib/python3.10/site-packages/airflow/example_dags/example_subdag_operator.py                                                           3           0  0.11s           2026-08-30T19:50:47                      20
/home/mmirnezamina/de_final_project/airflowenv/lib/python3.10/site-packages/airflow/example_dags/example_trigger_target_dag.py                                                        1           0  0.11s           2026-08-30T19:50:45                      10
/home/mmirnezamina/de_final_project/airflowenv/lib/python3.10/site-packages/airflow/example_dags/tutorial_taskflow_templates.py                                                       1           0  0.11s           2026-08-30T19:50:43                      12
/home/mmirnezamina/de_final_project/airflowenv/lib/python3.10/site-packages/airflow/example_dags/example_display_name.py                                                              1           0  0.11s           2026-08-30T19:51:01                      10
/home/mmirnezamina/de_final_project/airflowenv/lib/python3.10/site-packages/airflow/example_dags/tutorial_taskflow_api_virtualenv.py                                                  0           0  0.11s           2026-08-30T19:50:43                       3
/home/mmirnezamina/de_final_project/airflowenv/lib/python3.10/site-packages/airflow/example_dags/example_workday_timetable.py                                                         1           0  0.11s           2026-08-30T19:50:45                      12
/home/mmirnezamina/de_final_project/airflowenv/lib/python3.10/site-packages/airflow/example_dags/example_branch_python_dop_operator_3.py                                              1           0  0.10s           2026-08-30T19:50:39                      12
/home/mmirnezamina/de_final_project/airflowenv/lib/python3.10/site-packages/airflow/example_dags/example_task_group.py                                                                1           0  0.10s           2026-08-30T19:50:46                      10
/home/mmirnezamina/de_final_project/airflowenv/lib/python3.10/site-packages/airflow/example_dags/example_complex.py                                                                   1           0  0.10s           2026-08-30T19:50:39                      10
/home/mmirnezamina/de_final_project/airflowenv/lib/python3.10/site-packages/airflow/example_dags/example_nested_branch_dag.py                                                         1           0  0.10s           2026-08-30T19:50:58                      12
/home/mmirnezamina/de_final_project/airflowenv/lib/python3.10/site-packages/airflow/example_dags/tutorial.py                                                                          1           0  0.10s           2026-08-30T19:50:45                      12
/home/mmirnezamina/de_final_project/airflowenv/lib/python3.10/site-packages/airflow/example_dags/example_bash_operator.py                                                             1           0  0.10s           2026-08-30T19:50:43                      12
/home/mmirnezamina/de_final_project/airflowenv/lib/python3.10/site-packages/airflow/example_dags/example_short_circuit_operator.py                                                    1           0  0.10s           2026-08-30T19:50:50                      10
/home/mmirnezamina/de_final_project/airflowenv/lib/python3.10/site-packages/airflow/example_dags/example_branch_operator_decorator.py                                                 0           0  0.10s           2026-08-30T19:50:40                       3
/home/mmirnezamina/de_final_project/airflowenv/lib/python3.10/site-packages/airflow/example_dags/example_branch_labels.py                                                             1           0  0.10s           2026-08-30T19:50:43                      12
/home/mmirnezamina/de_final_project/airflowenv/lib/python3.10/site-packages/airflow/example_dags/example_passing_params_via_test_command.py                                           1           0  0.10s           2026-08-30T19:50:54                      12
/home/mmirnezamina/de_final_project/airflowenv/lib/python3.10/site-packages/airflow/example_dags/example_dynamic_task_mapping.py                                                      1           0  0.10s           2026-08-30T19:51:01                      10
/home/mmirnezamina/de_final_project/airflowenv/lib/python3.10/site-packages/airflow/example_dags/example_sensors.py                                                                   1           0  0.10s           2026-08-30T19:50:53                      10
/home/mmirnezamina/de_final_project/airflowenv/lib/python3.10/site-packages/airflow/example_dags/example_skip_dag.py                                                                  1           0  0.10s           2026-08-30T19:50:50                      12
/home/mmirnezamina/de_final_project/airflowenv/lib/python3.10/site-packages/airflow/example_dags/example_xcomargs.py                                                                  2           0  0.09s           2026-08-30T19:50:45                      13
/home/mmirnezamina/de_final_project/airflowenv/lib/python3.10/site-packages/airflow/example_dags/example_branch_operator.py                                                           0           0  0.09s           2026-08-30T19:50:40                       3
/home/mmirnezamina/de_final_project/airflowenv/lib/python3.10/site-packages/airflow/example_dags/example_task_group_decorator.py                                                      1           0  0.09s           2026-08-30T19:50:46                      10
/home/mmirnezamina/de_final_project/airflowenv/lib/python3.10/site-packages/airflow/example_dags/tutorial_taskflow_api.py                                                             1           0  0.09s           2026-08-30T19:50:43                      10
/home/mmirnezamina/de_final_project/airflowenv/lib/python3.10/site-packages/airflow/example_dags/example_setup_teardown_taskflow.py                                                   1           0  0.09s           2026-08-30T19:50:51                      10
/home/mmirnezamina/de_final_project/airflowenv/lib/python3.10/site-packages/airflow/example_dags/example_sla_dag.py                                                                   1           0  0.09s           2026-08-30T19:50:49                      12
/home/mmirnezamina/de_final_project/airflowenv/lib/python3.10/site-packages/airflow/example_dags/example_branch_day_of_week_operator.py                                               1           0  0.09s           2026-08-30T19:50:42                      12
/home/mmirnezamina/de_final_project/airflowenv/lib/python3.10/site-packages/airflow/example_dags/example_sensor_decorator.py                                                          1           0  0.08s           2026-08-30T19:50:53                      10
/home/mmirnezamina/de_final_project/airflowenv/lib/python3.10/site-packages/airflow/example_dags/example_short_circuit_decorator.py                                                   1           0  0.08s           2026-08-30T19:50:50                      10
/home/mmirnezamina/de_final_project/airflowenv/lib/python3.10/site-packages/airflow/example_dags/example_setup_teardown.py                                                            1           0  0.08s           2026-08-30T19:50:51                      10
/home/mmirnezamina/de_final_project/airflowenv/lib/python3.10/site-packages/airflow/example_dags/tutorial_objectstorage.py                                                            0           1  0.05s           2026-08-30T19:50:44                       5
/home/mmirnezamina/de_final_project/airflowenv/lib/python3.10/site-packages/airflow/example_dags/plugins/decreasing_priority_weight_strategy.py                                       0           0  0.05s           2026-08-30T19:50:39                       3
/home/mmirnezamina/de_final_project/airflowenv/lib/python3.10/site-packages/airflow/example_dags/example_kubernetes_executor.py                                                       0           0  0.05s           2026-08-30T19:50:59                       3
/home/mmirnezamina/de_final_project/airflowenv/lib/python3.10/site-packages/airflow/example_dags/plugins/event_listener.py                                                            0           0  0.05s           2026-08-30T19:50:39                       3
/home/mmirnezamina/de_final_project/airflowenv/lib/python3.10/site-packages/airflow/example_dags/plugins/workday.py                                                                   0           0  0.04s           2026-08-30T19:50:37                       3
/home/mmirnezamina/de_final_project/airflowenv/lib/python3.10/site-packages/airflow/example_dags/subdags/subdag.py                                           14928  0.00s             0           0  0.04s           2026-08-30T19:50:34                       3
/home/mmirnezamina/de_final_project/airflowenv/lib/python3.10/site-packages/airflow/example_dags/example_local_kubernetes_executor.py                                                 0           0  0.04s           2026-08-30T19:50:58                       3
/home/mmirnezamina/de_final_project/airflowenv/lib/python3.10/site-packages/airflow/example_dags/plugins/listener_plugin.py                                                           0           0  0.04s           2026-08-30T19:50:38                       3
================================================================================
[2026-08-30T23:21:36.134+0330] {manager.py:997} INFO - 
================================================================================
DAG File Processing Stats

File Path                                                                                                                                                      PID  Runtime      # DAGs    # Errors  Last Runtime    Last Run               Last # of DB Queries
-----------------------------------------------------------------------------------------------------------------------------------------------------------  -----  ---------  --------  ----------  --------------  -------------------  ----------------------
/home/mmirnezamina/de_final_project/airflowenv/lib/python3.10/site-packages/airflow/example_dags/example_setup_teardown_taskflow.py                                                   1           0  0.24s           2026-08-30T19:51:21                      10
/home/mmirnezamina/de_final_project/airflowenv/lib/python3.10/site-packages/airflow/example_dags/example_setup_teardown.py                                                            1           0  0.23s           2026-08-30T19:51:21                      10
/home/mmirnezamina/de_final_project/airflowenv/lib/python3.10/site-packages/airflow/example_dags/tutorial_taskflow_api_virtualenv.py                                                  0           0  0.20s           2026-08-30T19:51:14                       3
/home/mmirnezamina/de_final_project/airflowenv/lib/python3.10/site-packages/airflow/example_dags/example_branch_datetime_operator.py                                                  3           0  0.19s           2026-08-30T19:51:14                      18
/home/mmirnezamina/de_final_project/airflowenv/lib/python3.10/site-packages/airflow/example_dags/example_python_decorator.py                                                          1           0  0.18s           2026-08-30T19:51:25                      10
/home/mmirnezamina/de_final_project/airflowenv/lib/python3.10/site-packages/airflow/example_dags/example_inlet_event_extra.py                                                         2           0  0.18s           2026-08-30T19:51:30                      15
/home/mmirnezamina/de_final_project/airflowenv/lib/python3.10/site-packages/airflow/example_dags/example_datasets.py                                                                 10           0  0.18s           2026-08-30T19:51:34                      49
/home/mmirnezamina/de_final_project/airflowenv/lib/python3.10/site-packages/airflow/example_dags/example_bash_operator.py                                                             1           0  0.18s           2026-08-30T19:51:14                      12
/home/mmirnezamina/de_final_project/airflowenv/lib/python3.10/site-packages/airflow/example_dags/tutorial_taskflow_templates.py                                                       1           0  0.17s           2026-08-30T19:51:14                      12
/home/mmirnezamina/de_final_project/airflowenv/lib/python3.10/site-packages/airflow/example_dags/example_python_operator.py                                                           1           0  0.17s           2026-08-30T19:51:26                      10
/home/mmirnezamina/de_final_project/airflowenv/lib/python3.10/site-packages/airflow/example_dags/tutorial_taskflow_api.py                                                             1           0  0.17s           2026-08-30T19:51:14                      10
/home/mmirnezamina/de_final_project/airflowenv/lib/python3.10/site-packages/airflow/example_dags/example_bash_decorator.py                                                            1           0  0.17s           2026-08-30T19:51:16                      10
/home/mmirnezamina/de_final_project/airflowenv/lib/python3.10/site-packages/airflow/example_dags/example_outlet_event_extra.py                                                        3           0  0.17s           2026-08-30T19:51:29                      19
/home/mmirnezamina/de_final_project/airflowenv/lib/python3.10/site-packages/airflow/example_dags/example_dag_decorator.py                                                             1           0  0.16s           2026-08-30T19:51:09                      32
/home/mmirnezamina/de_final_project/airflowenv/lib/python3.10/site-packages/airflow/example_dags/example_params_trigger_ui.py                                                         1           0  0.16s           2026-08-30T19:51:27                      10
/home/mmirnezamina/de_final_project/airflowenv/lib/python3.10/site-packages/airflow/example_dags/example_params_ui_tutorial.py                                                        1           0  0.16s           2026-08-30T19:51:27                      10
/home/mmirnezamina/de_final_project/airflowenv/lib/python3.10/site-packages/airflow/example_dags/example_external_task_marker_dag.py                                                  2           0  0.16s           2026-08-30T19:51:30                      13
/home/mmirnezamina/de_final_project/airflowenv/lib/python3.10/site-packages/airflow/example_dags/example_trigger_controller_dag.py                                                    1           0  0.16s           2026-08-30T19:51:16                      12
/home/mmirnezamina/de_final_project/airflowenv/lib/python3.10/site-packages/airflow/example_dags/example_time_delta_sensor_async.py                                                   1           0  0.16s           2026-08-30T19:51:16                      10
/home/mmirnezamina/de_final_project/airflowenv/lib/python3.10/site-packages/airflow/example_dags/example_branch_labels.py                                                             1           0  0.15s           2026-08-30T19:51:14                      12
/home/mmirnezamina/de_final_project/airflowenv/lib/python3.10/site-packages/airflow/example_dags/example_dataset_alias_with_no_taskflow.py                                            4           0  0.15s           2026-08-30T19:51:34                      27
/home/mmirnezamina/de_final_project/airflowenv/lib/python3.10/site-packages/airflow/example_dags/example_subdag_operator.py                                                           3           0  0.15s           2026-08-30T19:51:18                      20
/home/mmirnezamina/de_final_project/airflowenv/lib/python3.10/site-packages/airflow/example_dags/example_xcomargs.py                                                                  2           0  0.15s           2026-08-30T19:51:15                      13
/home/mmirnezamina/de_final_project/airflowenv/lib/python3.10/site-packages/airflow/example_dags/example_xcom.py                                                                      1           0  0.15s           2026-08-30T19:51:16                      12
/home/mmirnezamina/de_final_project/airflowenv/lib/python3.10/site-packages/airflow/example_dags/example_sensors.py                                                                   1           0  0.14s           2026-08-30T19:51:23                      10
/home/mmirnezamina/de_final_project/airflowenv/lib/python3.10/site-packages/airflow/example_dags/example_nested_branch_dag.py                                                         1           0  0.14s           2026-08-30T19:51:29                      12
/home/mmirnezamina/de_final_project/airflowenv/lib/python3.10/site-packages/airflow/example_dags/example_latest_only_with_trigger.py                                                  1           0  0.14s           2026-08-30T19:51:30                      12
/home/mmirnezamina/de_final_project/airflowenv/lib/python3.10/site-packages/airflow/example_dags/example_passing_params_via_test_command.py                                           1           0  0.14s           2026-08-30T19:51:24                      12
/home/mmirnezamina/de_final_project/airflowenv/lib/python3.10/site-packages/airflow/example_dags/example_workday_timetable.py                                                         1           0  0.13s           2026-08-30T19:51:16                      12
/home/mmirnezamina/de_final_project/airflowenv/lib/python3.10/site-packages/airflow/example_dags/example_task_group_decorator.py                                                      1           0  0.13s           2026-08-30T19:51:17                      10
/home/mmirnezamina/de_final_project/airflowenv/lib/python3.10/site-packages/airflow/example_dags/example_skip_dag.py                                                                  1           0  0.13s           2026-08-30T19:51:20                      12
/home/mmirnezamina/de_final_project/airflowenv/lib/python3.10/site-packages/airflow/example_dags/example_dataset_alias.py                                                             4           0  0.13s           2026-08-30T19:51:06                      27
/home/mmirnezamina/de_final_project/airflowenv/lib/python3.10/site-packages/airflow/example_dags/example_sensor_decorator.py                                                          1           0  0.13s           2026-08-30T19:51:23                      10
/home/mmirnezamina/de_final_project/airflowenv/lib/python3.10/site-packages/airflow/example_dags/tutorial.py                                                                          1           0  0.12s           2026-08-30T19:51:15                      12
/home/mmirnezamina/de_final_project/airflowenv/lib/python3.10/site-packages/airflow/example_dags/example_trigger_target_dag.py                                                        1           0  0.12s           2026-08-30T19:51:16                      10
/home/mmirnezamina/de_final_project/airflowenv/lib/python3.10/site-packages/airflow/example_dags/example_task_group.py                                                                1           0  0.12s           2026-08-30T19:51:17                      10
/home/mmirnezamina/de_final_project/airflowenv/lib/python3.10/site-packages/airflow/example_dags/example_latest_only.py                                                               1           0  0.12s           2026-08-30T19:51:30                      12
/home/mmirnezamina/de_final_project/airflowenv/lib/python3.10/site-packages/airflow/example_dags/example_display_name.py                                                              1           0  0.12s           2026-08-30T19:51:32                      10
/home/mmirnezamina/de_final_project/airflowenv/lib/python3.10/site-packages/airflow/example_dags/example_branch_python_dop_operator_3.py                                              1           0  0.12s           2026-08-30T19:51:09                      12
/home/mmirnezamina/de_final_project/airflowenv/lib/python3.10/site-packages/airflow/example_dags/tutorial_dag.py                                                                      1           0  0.11s           2026-08-30T19:51:15                      10
/home/mmirnezamina/de_final_project/airflowenv/lib/python3.10/site-packages/airflow/example_dags/example_short_circuit_operator.py                                                    1           0  0.11s           2026-08-30T19:51:20                      10
/home/mmirnezamina/de_final_project/airflowenv/lib/python3.10/site-packages/airflow/example_dags/example_complex.py                                                                   1           0  0.11s           2026-08-30T19:51:09                      10
/home/mmirnezamina/de_final_project/airflowenv/lib/python3.10/site-packages/airflow/example_dags/example_branch_operator_decorator.py                                                 0           0  0.11s           2026-08-30T19:51:10                       3
/home/mmirnezamina/de_final_project/airflowenv/lib/python3.10/site-packages/airflow/example_dags/example_short_circuit_decorator.py                                                   1           0  0.10s           2026-08-30T19:51:20                      10
/home/mmirnezamina/de_final_project/airflowenv/lib/python3.10/site-packages/airflow/example_dags/example_branch_operator.py                                                           0           0  0.10s           2026-08-30T19:51:10                       3
/home/mmirnezamina/de_final_project/airflowenv/lib/python3.10/site-packages/airflow/example_dags/example_dynamic_task_mapping.py                                                      1           0  0.10s           2026-08-30T19:51:31                      10
/home/mmirnezamina/de_final_project/airflowenv/lib/python3.10/site-packages/airflow/example_dags/example_dynamic_task_mapping_with_no_taskflow_operators.py                           1           0  0.10s           2026-08-30T19:51:31                      10
/home/mmirnezamina/de_final_project/airflowenv/lib/python3.10/site-packages/airflow/example_dags/example_sla_dag.py                                                                   1           0  0.09s           2026-08-30T19:51:19                      12
/home/mmirnezamina/de_final_project/airflowenv/lib/python3.10/site-packages/airflow/example_dags/example_branch_day_of_week_operator.py                                               1           0  0.09s           2026-08-30T19:51:12                      12
/home/mmirnezamina/de_final_project/airflowenv/lib/python3.10/site-packages/airflow/example_dags/tutorial_objectstorage.py                                                            0           1  0.08s           2026-08-30T19:51:14                       5
/home/mmirnezamina/de_final_project/airflowenv/lib/python3.10/site-packages/airflow/example_dags/example_kubernetes_executor.py                                                       0           0  0.06s           2026-08-30T19:51:30                       3
/home/mmirnezamina/de_final_project/airflowenv/lib/python3.10/site-packages/airflow/example_dags/example_local_kubernetes_executor.py                                                 0           0  0.06s           2026-08-30T19:51:29                       3
/home/mmirnezamina/de_final_project/airflowenv/lib/python3.10/site-packages/airflow/example_dags/plugins/decreasing_priority_weight_strategy.py                                       0           0  0.05s           2026-08-30T19:51:09                       3
/home/mmirnezamina/de_final_project/airflowenv/lib/python3.10/site-packages/airflow/example_dags/plugins/event_listener.py                                                            0           0  0.05s           2026-08-30T19:51:09                       3
/home/mmirnezamina/de_final_project/airflowenv/lib/python3.10/site-packages/airflow/example_dags/plugins/workday.py                                                                   0           0  0.04s           2026-08-30T19:51:07                       3
/home/mmirnezamina/de_final_project/airflowenv/lib/python3.10/site-packages/airflow/example_dags/plugins/listener_plugin.py                                                           0           0  0.04s           2026-08-30T19:51:08                       3
/home/mmirnezamina/de_final_project/airflowenv/lib/python3.10/site-packages/airflow/example_dags/subdags/subdag.py                                           15045  0.00s             0           0  0.04s           2026-08-30T19:51:05                       3
================================================================================
[2026-08-30T23:22:07.121+0330] {manager.py:997} INFO - 
================================================================================
DAG File Processing Stats

File Path                                                                                                                                                      PID  Runtime      # DAGs    # Errors  Last Runtime    Last Run               Last # of DB Queries
-----------------------------------------------------------------------------------------------------------------------------------------------------------  -----  ---------  --------  ----------  --------------  -------------------  ----------------------
/home/mmirnezamina/de_final_project/airflowenv/lib/python3.10/site-packages/airflow/example_dags/example_bash_decorator.py                                                            1           0  0.65s           2026-08-30T19:51:47                      10
/home/mmirnezamina/de_final_project/airflowenv/lib/python3.10/site-packages/airflow/example_dags/example_time_delta_sensor_async.py                                                   1           0  0.21s           2026-08-30T19:51:46                      10
/home/mmirnezamina/de_final_project/airflowenv/lib/python3.10/site-packages/airflow/example_dags/example_dag_decorator.py                                                             1           0  0.17s           2026-08-30T19:51:40                      32
/home/mmirnezamina/de_final_project/airflowenv/lib/python3.10/site-packages/airflow/example_dags/example_passing_params_via_test_command.py                                           1           0  0.17s           2026-08-30T19:51:55                      12
/home/mmirnezamina/de_final_project/airflowenv/lib/python3.10/site-packages/airflow/example_dags/example_datasets.py                                                                 10           0  0.16s           2026-08-30T19:52:05                      49
/home/mmirnezamina/de_final_project/airflowenv/lib/python3.10/site-packages/airflow/example_dags/example_python_decorator.py                                                          1           0  0.16s           2026-08-30T19:51:55                      10
/home/mmirnezamina/de_final_project/airflowenv/lib/python3.10/site-packages/airflow/example_dags/example_python_operator.py                                                           1           0  0.15s           2026-08-30T19:51:56                      10
/home/mmirnezamina/de_final_project/airflowenv/lib/python3.10/site-packages/airflow/example_dags/example_trigger_controller_dag.py                                                    1           0  0.14s           2026-08-30T19:51:46                      12
/home/mmirnezamina/de_final_project/airflowenv/lib/python3.10/site-packages/airflow/example_dags/example_task_group_decorator.py                                                      1           0  0.14s           2026-08-30T19:51:47                      10
/home/mmirnezamina/de_final_project/airflowenv/lib/python3.10/site-packages/airflow/example_dags/example_dataset_alias.py                                                             4           0  0.14s           2026-08-30T19:51:37                      27
/home/mmirnezamina/de_final_project/airflowenv/lib/python3.10/site-packages/airflow/example_dags/example_inlet_event_extra.py                                                         2           0  0.13s           2026-08-30T19:52:01                      15
/home/mmirnezamina/de_final_project/airflowenv/lib/python3.10/site-packages/airflow/example_dags/example_dataset_alias_with_no_taskflow.py                                            4           0  0.13s           2026-08-30T19:52:05                      27
/home/mmirnezamina/de_final_project/airflowenv/lib/python3.10/site-packages/airflow/example_dags/example_task_group.py                                                                1           0  0.12s           2026-08-30T19:51:47                      10
/home/mmirnezamina/de_final_project/airflowenv/lib/python3.10/site-packages/airflow/example_dags/example_trigger_target_dag.py                                                        1           0  0.12s           2026-08-30T19:51:46                      10
/home/mmirnezamina/de_final_project/airflowenv/lib/python3.10/site-packages/airflow/example_dags/example_workday_timetable.py                                                         1           0  0.12s           2026-08-30T19:51:46                      12
/home/mmirnezamina/de_final_project/airflowenv/lib/python3.10/site-packages/airflow/example_dags/example_branch_operator_decorator.py                                                 0           0  0.12s           2026-08-30T19:51:41                       3
/home/mmirnezamina/de_final_project/airflowenv/lib/python3.10/site-packages/airflow/example_dags/example_branch_datetime_operator.py                                                  3           0  0.12s           2026-08-30T19:51:44                      18
/home/mmirnezamina/de_final_project/airflowenv/lib/python3.10/site-packages/airflow/example_dags/example_subdag_operator.py                                                           3           0  0.12s           2026-08-30T19:51:48                      20
/home/mmirnezamina/de_final_project/airflowenv/lib/python3.10/site-packages/airflow/example_dags/tutorial_taskflow_templates.py                                                       1           0  0.12s           2026-08-30T19:51:44                      12
/home/mmirnezamina/de_final_project/airflowenv/lib/python3.10/site-packages/airflow/example_dags/example_branch_operator.py                                                           0           0  0.12s           2026-08-30T19:51:41                       3
/home/mmirnezamina/de_final_project/airflowenv/lib/python3.10/site-packages/airflow/example_dags/example_external_task_marker_dag.py                                                  2           0  0.12s           2026-08-30T19:52:01                      13
/home/mmirnezamina/de_final_project/airflowenv/lib/python3.10/site-packages/airflow/example_dags/example_params_ui_tutorial.py                                                        1           0  0.11s           2026-08-30T19:51:57                      10
/home/mmirnezamina/de_final_project/airflowenv/lib/python3.10/site-packages/airflow/example_dags/example_setup_teardown_taskflow.py                                                   1           0  0.11s           2026-08-30T19:51:52                      10
/home/mmirnezamina/de_final_project/airflowenv/lib/python3.10/site-packages/airflow/example_dags/example_xcom.py                                                                      1           0  0.11s           2026-08-30T19:51:46                      12
/home/mmirnezamina/de_final_project/airflowenv/lib/python3.10/site-packages/airflow/example_dags/example_xcomargs.py                                                                  2           0  0.11s           2026-08-30T19:51:46                      13
/home/mmirnezamina/de_final_project/airflowenv/lib/python3.10/site-packages/airflow/example_dags/example_params_trigger_ui.py                                                         1           0  0.11s           2026-08-30T19:51:57                      10
/home/mmirnezamina/de_final_project/airflowenv/lib/python3.10/site-packages/airflow/example_dags/example_outlet_event_extra.py                                                        3           0  0.11s           2026-08-30T19:51:59                      19
/home/mmirnezamina/de_final_project/airflowenv/lib/python3.10/site-packages/airflow/example_dags/example_branch_python_dop_operator_3.py                                              1           0  0.10s           2026-08-30T19:51:40                      12
/home/mmirnezamina/de_final_project/airflowenv/lib/python3.10/site-packages/airflow/example_dags/example_complex.py                                                                   1           0  0.10s           2026-08-30T19:51:40                      10
/home/mmirnezamina/de_final_project/airflowenv/lib/python3.10/site-packages/airflow/example_dags/example_branch_labels.py                                                             1           0  0.10s           2026-08-30T19:51:44                      12
/home/mmirnezamina/de_final_project/airflowenv/lib/python3.10/site-packages/airflow/example_dags/example_setup_teardown.py                                                            1           0  0.10s           2026-08-30T19:51:52                      10
/home/mmirnezamina/de_final_project/airflowenv/lib/python3.10/site-packages/airflow/example_dags/example_skip_dag.py                                                                  1           0  0.10s           2026-08-30T19:51:50                      12
/home/mmirnezamina/de_final_project/airflowenv/lib/python3.10/site-packages/airflow/example_dags/example_bash_operator.py                                                             1           0  0.10s           2026-08-30T19:51:45                      12
/home/mmirnezamina/de_final_project/airflowenv/lib/python3.10/site-packages/airflow/example_dags/example_branch_day_of_week_operator.py                                               1           0  0.10s           2026-08-30T19:51:43                      12
/home/mmirnezamina/de_final_project/airflowenv/lib/python3.10/site-packages/airflow/example_dags/example_latest_only_with_trigger.py                                                  1           0  0.10s           2026-08-30T19:52:00                      12
/home/mmirnezamina/de_final_project/airflowenv/lib/python3.10/site-packages/airflow/example_dags/tutorial_taskflow_api_virtualenv.py                                                  0           0  0.10s           2026-08-30T19:51:45                       3
/home/mmirnezamina/de_final_project/airflowenv/lib/python3.10/site-packages/airflow/example_dags/example_latest_only.py                                                               1           0  0.10s           2026-08-30T19:52:00                      12
/home/mmirnezamina/de_final_project/airflowenv/lib/python3.10/site-packages/airflow/example_dags/tutorial.py                                                                          1           0  0.10s           2026-08-30T19:51:46                      12
/home/mmirnezamina/de_final_project/airflowenv/lib/python3.10/site-packages/airflow/example_dags/example_dynamic_task_mapping.py                                                      1           0  0.10s           2026-08-30T19:52:02                      10
/home/mmirnezamina/de_final_project/airflowenv/lib/python3.10/site-packages/airflow/example_dags/example_nested_branch_dag.py                                                         1           0  0.09s           2026-08-30T19:51:59                      12
/home/mmirnezamina/de_final_project/airflowenv/lib/python3.10/site-packages/airflow/example_dags/example_dynamic_task_mapping_with_no_taskflow_operators.py                           1           0  0.09s           2026-08-30T19:52:02                      10
/home/mmirnezamina/de_final_project/airflowenv/lib/python3.10/site-packages/airflow/example_dags/example_sensors.py                                                                   1           0  0.09s           2026-08-30T19:51:54                      10
/home/mmirnezamina/de_final_project/airflowenv/lib/python3.10/site-packages/airflow/example_dags/example_display_name.py                                                              1           0  0.09s           2026-08-30T19:52:03                      10
/home/mmirnezamina/de_final_project/airflowenv/lib/python3.10/site-packages/airflow/example_dags/example_short_circuit_decorator.py                                                   1           0  0.09s           2026-08-30T19:51:50                      10
/home/mmirnezamina/de_final_project/airflowenv/lib/python3.10/site-packages/airflow/example_dags/tutorial_dag.py                                                                      1           0  0.09s           2026-08-30T19:51:46                      10
/home/mmirnezamina/de_final_project/airflowenv/lib/python3.10/site-packages/airflow/example_dags/example_sensor_decorator.py                                                          1           0  0.09s           2026-08-30T19:51:54                      10
/home/mmirnezamina/de_final_project/airflowenv/lib/python3.10/site-packages/airflow/example_dags/example_sla_dag.py                                                                   1           0  0.09s           2026-08-30T19:51:49                      12
/home/mmirnezamina/de_final_project/airflowenv/lib/python3.10/site-packages/airflow/example_dags/example_short_circuit_operator.py                                                    1           0  0.09s           2026-08-30T19:51:50                      10
/home/mmirnezamina/de_final_project/airflowenv/lib/python3.10/site-packages/airflow/example_dags/tutorial_taskflow_api.py                                                             1           0  0.08s           2026-08-30T19:51:45                      10
/home/mmirnezamina/de_final_project/airflowenv/lib/python3.10/site-packages/airflow/example_dags/tutorial_objectstorage.py                                                            0           1  0.05s           2026-08-30T19:51:45                       5
/home/mmirnezamina/de_final_project/airflowenv/lib/python3.10/site-packages/airflow/example_dags/plugins/decreasing_priority_weight_strategy.py                                       0           0  0.05s           2026-08-30T19:51:40                       3
/home/mmirnezamina/de_final_project/airflowenv/lib/python3.10/site-packages/airflow/example_dags/plugins/listener_plugin.py                                                           0           0  0.05s           2026-08-30T19:51:39                       3
/home/mmirnezamina/de_final_project/airflowenv/lib/python3.10/site-packages/airflow/example_dags/plugins/event_listener.py                                                            0           0  0.05s           2026-08-30T19:51:40                       3
/home/mmirnezamina/de_final_project/airflowenv/lib/python3.10/site-packages/airflow/example_dags/plugins/workday.py                                                                   0           0  0.04s           2026-08-30T19:51:38                       3
/home/mmirnezamina/de_final_project/airflowenv/lib/python3.10/site-packages/airflow/example_dags/example_kubernetes_executor.py                                                       0           0  0.04s           2026-08-30T19:52:00                       3
/home/mmirnezamina/de_final_project/airflowenv/lib/python3.10/site-packages/airflow/example_dags/example_local_kubernetes_executor.py                                                 0           0  0.04s           2026-08-30T19:51:59                       3
/home/mmirnezamina/de_final_project/airflowenv/lib/python3.10/site-packages/airflow/example_dags/subdags/subdag.py                                           15166  0.01s             0           0  0.04s           2026-08-30T19:51:36                       3
================================================================================
[2026-08-30T23:22:37.888+0330] {manager.py:997} INFO - 
================================================================================
DAG File Processing Stats

File Path                                                                                                                                                      PID  Runtime      # DAGs    # Errors  Last Runtime    Last Run               Last # of DB Queries
-----------------------------------------------------------------------------------------------------------------------------------------------------------  -----  ---------  --------  ----------  --------------  -------------------  ----------------------
/home/mmirnezamina/de_final_project/airflowenv/lib/python3.10/site-packages/airflow/example_dags/example_datasets.py                                                                 10           0  0.26s           2026-08-30T19:52:35                      49
/home/mmirnezamina/de_final_project/airflowenv/lib/python3.10/site-packages/airflow/example_dags/example_trigger_controller_dag.py                                                    1           0  0.22s           2026-08-30T19:52:17                      12
/home/mmirnezamina/de_final_project/airflowenv/lib/python3.10/site-packages/airflow/example_dags/example_dag_decorator.py                                                             1           0  0.22s           2026-08-30T19:52:11                      32
/home/mmirnezamina/de_final_project/airflowenv/lib/python3.10/site-packages/airflow/example_dags/example_time_delta_sensor_async.py                                                   1           0  0.21s           2026-08-30T19:52:17                      10
/home/mmirnezamina/de_final_project/airflowenv/lib/python3.10/site-packages/airflow/example_dags/example_xcom.py                                                                      1           0  0.20s           2026-08-30T19:52:16                      12
/home/mmirnezamina/de_final_project/airflowenv/lib/python3.10/site-packages/airflow/example_dags/example_bash_operator.py                                                             1           0  0.20s           2026-08-30T19:52:16                      12
/home/mmirnezamina/de_final_project/airflowenv/lib/python3.10/site-packages/airflow/example_dags/example_dataset_alias_with_no_taskflow.py                                            4           0  0.20s           2026-08-30T19:52:35                      27
/home/mmirnezamina/de_final_project/airflowenv/lib/python3.10/site-packages/airflow/example_dags/example_branch_datetime_operator.py                                                  3           0  0.20s           2026-08-30T19:52:16                      18
/home/mmirnezamina/de_final_project/airflowenv/lib/python3.10/site-packages/airflow/example_dags/example_workday_timetable.py                                                         1           0  0.19s           2026-08-30T19:52:16                      12
/home/mmirnezamina/de_final_project/airflowenv/lib/python3.10/site-packages/airflow/example_dags/example_xcomargs.py                                                                  2           0  0.18s           2026-08-30T19:52:16                      13
/home/mmirnezamina/de_final_project/airflowenv/lib/python3.10/site-packages/airflow/example_dags/example_trigger_target_dag.py                                                        1           0  0.18s           2026-08-30T19:52:16                      10
/home/mmirnezamina/de_final_project/airflowenv/lib/python3.10/site-packages/airflow/example_dags/tutorial.py                                                                          1           0  0.17s           2026-08-30T19:52:16                      12
/home/mmirnezamina/de_final_project/airflowenv/lib/python3.10/site-packages/airflow/example_dags/example_python_decorator.py                                                          1           0  0.16s           2026-08-30T19:52:25                      10
/home/mmirnezamina/de_final_project/airflowenv/lib/python3.10/site-packages/airflow/example_dags/tutorial_dag.py                                                                      1           0  0.16s           2026-08-30T19:52:16                      10
/home/mmirnezamina/de_final_project/airflowenv/lib/python3.10/site-packages/airflow/example_dags/example_inlet_event_extra.py                                                         2           0  0.16s           2026-08-30T19:52:32                      15
/home/mmirnezamina/de_final_project/airflowenv/lib/python3.10/site-packages/airflow/example_dags/example_bash_decorator.py                                                            1           0  0.16s           2026-08-30T19:52:18                      10
/home/mmirnezamina/de_final_project/airflowenv/lib/python3.10/site-packages/airflow/example_dags/example_task_group_decorator.py                                                      1           0  0.15s           2026-08-30T19:52:18                      10
/home/mmirnezamina/de_final_project/airflowenv/lib/python3.10/site-packages/airflow/example_dags/example_branch_labels.py                                                             1           0  0.15s           2026-08-30T19:52:16                      12
/home/mmirnezamina/de_final_project/airflowenv/lib/python3.10/site-packages/airflow/example_dags/example_task_group.py                                                                1           0  0.14s           2026-08-30T19:52:18                      10
/home/mmirnezamina/de_final_project/airflowenv/lib/python3.10/site-packages/airflow/example_dags/tutorial_taskflow_api_virtualenv.py                                                  0           0  0.14s           2026-08-30T19:52:15                       3
/home/mmirnezamina/de_final_project/airflowenv/lib/python3.10/site-packages/airflow/example_dags/example_external_task_marker_dag.py                                                  2           0  0.14s           2026-08-30T19:52:32                      13
/home/mmirnezamina/de_final_project/airflowenv/lib/python3.10/site-packages/airflow/example_dags/tutorial_taskflow_templates.py                                                       1           0  0.14s           2026-08-30T19:52:15                      12
/home/mmirnezamina/de_final_project/airflowenv/lib/python3.10/site-packages/airflow/example_dags/example_python_operator.py                                                           1           0  0.14s           2026-08-30T19:52:27                      10
/home/mmirnezamina/de_final_project/airflowenv/lib/python3.10/site-packages/airflow/example_dags/tutorial_taskflow_api.py                                                             1           0  0.13s           2026-08-30T19:52:16                      10
/home/mmirnezamina/de_final_project/airflowenv/lib/python3.10/site-packages/airflow/example_dags/example_passing_params_via_test_command.py                                           1           0  0.13s           2026-08-30T19:52:25                      12
/home/mmirnezamina/de_final_project/airflowenv/lib/python3.10/site-packages/airflow/example_dags/example_subdag_operator.py                                                           3           0  0.13s           2026-08-30T19:52:19                      20
/home/mmirnezamina/de_final_project/airflowenv/lib/python3.10/site-packages/airflow/example_dags/example_complex.py                                                                   1           0  0.13s           2026-08-30T19:52:11                      10
/home/mmirnezamina/de_final_project/airflowenv/lib/python3.10/site-packages/airflow/example_dags/example_params_trigger_ui.py                                                         1           0  0.12s           2026-08-30T19:52:28                      10
/home/mmirnezamina/de_final_project/airflowenv/lib/python3.10/site-packages/airflow/example_dags/example_params_ui_tutorial.py                                                        1           0  0.12s           2026-08-30T19:52:28                      10
/home/mmirnezamina/de_final_project/airflowenv/lib/python3.10/site-packages/airflow/example_dags/example_latest_only.py                                                               1           0  0.12s           2026-08-30T19:52:31                      12
/home/mmirnezamina/de_final_project/airflowenv/lib/python3.10/site-packages/airflow/example_dags/example_dynamic_task_mapping.py                                                      1           0  0.12s           2026-08-30T19:52:33                      10
/home/mmirnezamina/de_final_project/airflowenv/lib/python3.10/site-packages/airflow/example_dags/example_short_circuit_operator.py                                                    1           0  0.12s           2026-08-30T19:52:21                      10
/home/mmirnezamina/de_final_project/airflowenv/lib/python3.10/site-packages/airflow/example_dags/example_outlet_event_extra.py                                                        3           0  0.12s           2026-08-30T19:52:30                      19
/home/mmirnezamina/de_final_project/airflowenv/lib/python3.10/site-packages/airflow/example_dags/example_dynamic_task_mapping_with_no_taskflow_operators.py                           1           0  0.12s           2026-08-30T19:52:33                      10
/home/mmirnezamina/de_final_project/airflowenv/lib/python3.10/site-packages/airflow/example_dags/example_skip_dag.py                                                                  1           0  0.11s           2026-08-30T19:52:21                      12
/home/mmirnezamina/de_final_project/airflowenv/lib/python3.10/site-packages/airflow/example_dags/example_latest_only_with_trigger.py                                                  1           0  0.11s           2026-08-30T19:52:31                      12
/home/mmirnezamina/de_final_project/airflowenv/lib/python3.10/site-packages/airflow/example_dags/example_dataset_alias.py                                                             4           0  0.11s           2026-08-30T19:52:08                      27
/home/mmirnezamina/de_final_project/airflowenv/lib/python3.10/site-packages/airflow/example_dags/example_sensors.py                                                                   1           0  0.11s           2026-08-30T19:52:24                      10
/home/mmirnezamina/de_final_project/airflowenv/lib/python3.10/site-packages/airflow/example_dags/example_sla_dag.py                                                                   1           0  0.11s           2026-08-30T19:52:20                      12
/home/mmirnezamina/de_final_project/airflowenv/lib/python3.10/site-packages/airflow/example_dags/example_branch_python_dop_operator_3.py                                              1           0  0.11s           2026-08-30T19:52:11                      12
/home/mmirnezamina/de_final_project/airflowenv/lib/python3.10/site-packages/airflow/example_dags/example_short_circuit_decorator.py                                                   1           0  0.11s           2026-08-30T19:52:21                      10
/home/mmirnezamina/de_final_project/airflowenv/lib/python3.10/site-packages/airflow/example_dags/example_setup_teardown_taskflow.py                                                   1           0  0.11s           2026-08-30T19:52:22                      10
/home/mmirnezamina/de_final_project/airflowenv/lib/python3.10/site-packages/airflow/example_dags/example_branch_operator_decorator.py                                                 0           0  0.10s           2026-08-30T19:52:12                       3
/home/mmirnezamina/de_final_project/airflowenv/lib/python3.10/site-packages/airflow/example_dags/example_display_name.py                                                              1           0  0.10s           2026-08-30T19:52:33                      10
/home/mmirnezamina/de_final_project/airflowenv/lib/python3.10/site-packages/airflow/example_dags/example_setup_teardown.py                                                            1           0  0.10s           2026-08-30T19:52:22                      10
/home/mmirnezamina/de_final_project/airflowenv/lib/python3.10/site-packages/airflow/example_dags/example_sensor_decorator.py                                                          1           0  0.10s           2026-08-30T19:52:24                      10
/home/mmirnezamina/de_final_project/airflowenv/lib/python3.10/site-packages/airflow/example_dags/example_nested_branch_dag.py                                                         1           0  0.10s           2026-08-30T19:52:30                      12
/home/mmirnezamina/de_final_project/airflowenv/lib/python3.10/site-packages/airflow/example_dags/example_branch_operator.py                                                           0           0  0.09s           2026-08-30T19:52:12                       3
/home/mmirnezamina/de_final_project/airflowenv/lib/python3.10/site-packages/airflow/example_dags/example_branch_day_of_week_operator.py                                               1           0  0.09s           2026-08-30T19:52:14                      12
/home/mmirnezamina/de_final_project/airflowenv/lib/python3.10/site-packages/airflow/example_dags/tutorial_objectstorage.py                                                            0           1  0.08s           2026-08-30T19:52:16                       5
/home/mmirnezamina/de_final_project/airflowenv/lib/python3.10/site-packages/airflow/example_dags/plugins/event_listener.py                                                            0           0  0.05s           2026-08-30T19:52:10                       3
/home/mmirnezamina/de_final_project/airflowenv/lib/python3.10/site-packages/airflow/example_dags/example_kubernetes_executor.py                                                       0           0  0.05s           2026-08-30T19:52:31                       3
/home/mmirnezamina/de_final_project/airflowenv/lib/python3.10/site-packages/airflow/example_dags/plugins/listener_plugin.py                                                           0           0  0.04s           2026-08-30T19:52:09                       3
/home/mmirnezamina/de_final_project/airflowenv/lib/python3.10/site-packages/airflow/example_dags/plugins/decreasing_priority_weight_strategy.py                                       0           0  0.04s           2026-08-30T19:52:10                       3
/home/mmirnezamina/de_final_project/airflowenv/lib/python3.10/site-packages/airflow/example_dags/example_local_kubernetes_executor.py                                                 0           0  0.04s           2026-08-30T19:52:30                       3
/home/mmirnezamina/de_final_project/airflowenv/lib/python3.10/site-packages/airflow/example_dags/subdags/subdag.py                                           15285  0.01s             0           0  0.04s           2026-08-30T19:52:07                       3
/home/mmirnezamina/de_final_project/airflowenv/lib/python3.10/site-packages/airflow/example_dags/plugins/workday.py                                                                   0           0  0.04s           2026-08-30T19:52:08                       3
================================================================================
[2026-08-30T23:23:08.490+0330] {manager.py:997} INFO - 
================================================================================
DAG File Processing Stats

File Path                                                                                                                                                      PID  Runtime      # DAGs    # Errors  Last Runtime    Last Run               Last # of DB Queries
-----------------------------------------------------------------------------------------------------------------------------------------------------------  -----  ---------  --------  ----------  --------------  -------------------  ----------------------
/home/mmirnezamina/de_final_project/airflowenv/lib/python3.10/site-packages/airflow/example_dags/example_dag_decorator.py                                                             1           0  0.66s           2026-08-30T19:52:43                      32
/home/mmirnezamina/de_final_project/airflowenv/lib/python3.10/site-packages/airflow/example_dags/example_dynamic_task_mapping.py                                                      1           0  0.55s           2026-08-30T19:53:04                      10
/home/mmirnezamina/de_final_project/airflowenv/lib/python3.10/site-packages/airflow/example_dags/example_datasets.py                                                                 10           0  0.52s           2026-08-30T19:53:06                      49
/home/mmirnezamina/de_final_project/airflowenv/lib/python3.10/site-packages/airflow/example_dags/example_dynamic_task_mapping_with_no_taskflow_operators.py                           1           0  0.48s           2026-08-30T19:53:04                      10
/home/mmirnezamina/de_final_project/airflowenv/lib/python3.10/site-packages/airflow/example_dags/example_display_name.py                                                              1           0  0.43s           2026-08-30T19:53:04                      10
/home/mmirnezamina/de_final_project/airflowenv/lib/python3.10/site-packages/airflow/example_dags/example_dataset_alias_with_no_taskflow.py                                            4           0  0.41s           2026-08-30T19:53:06                      27
/home/mmirnezamina/de_final_project/airflowenv/lib/python3.10/site-packages/airflow/example_dags/example_complex.py                                                                   1           0  0.37s           2026-08-30T19:52:42                      10
/home/mmirnezamina/de_final_project/airflowenv/lib/python3.10/site-packages/airflow/example_dags/example_branch_python_dop_operator_3.py                                              1           0  0.31s           2026-08-30T19:52:43                      12
/home/mmirnezamina/de_final_project/airflowenv/lib/python3.10/site-packages/airflow/example_dags/example_branch_operator_decorator.py                                                 0           0  0.31s           2026-08-30T19:52:43                       3
/home/mmirnezamina/de_final_project/airflowenv/lib/python3.10/site-packages/airflow/example_dags/example_branch_operator.py                                                           0           0  0.31s           2026-08-30T19:52:43                       3
/home/mmirnezamina/de_final_project/airflowenv/lib/python3.10/site-packages/airflow/example_dags/example_inlet_event_extra.py                                                         2           0  0.31s           2026-08-30T19:53:02                      15
/home/mmirnezamina/de_final_project/airflowenv/lib/python3.10/site-packages/airflow/example_dags/example_trigger_controller_dag.py                                                    1           0  0.29s           2026-08-30T19:52:48                      12
/home/mmirnezamina/de_final_project/airflowenv/lib/python3.10/site-packages/airflow/example_dags/example_workday_timetable.py                                                         1           0  0.29s           2026-08-30T19:52:47                      12
/home/mmirnezamina/de_final_project/airflowenv/lib/python3.10/site-packages/airflow/example_dags/example_dataset_alias.py                                                             4           0  0.28s           2026-08-30T19:52:39                      27
/home/mmirnezamina/de_final_project/airflowenv/lib/python3.10/site-packages/airflow/example_dags/plugins/decreasing_priority_weight_strategy.py                                       0           0  0.28s           2026-08-30T19:52:41                       3
/home/mmirnezamina/de_final_project/airflowenv/lib/python3.10/site-packages/airflow/example_dags/example_external_task_marker_dag.py                                                  2           0  0.27s           2026-08-30T19:53:02                      13
/home/mmirnezamina/de_final_project/airflowenv/lib/python3.10/site-packages/airflow/example_dags/example_trigger_target_dag.py                                                        1           0  0.27s           2026-08-30T19:52:47                      10
/home/mmirnezamina/de_final_project/airflowenv/lib/python3.10/site-packages/airflow/example_dags/example_xcom.py                                                                      1           0  0.27s           2026-08-30T19:52:47                      12
/home/mmirnezamina/de_final_project/airflowenv/lib/python3.10/site-packages/airflow/example_dags/plugins/event_listener.py                                                            0           0  0.26s           2026-08-30T19:52:41                       3
/home/mmirnezamina/de_final_project/airflowenv/lib/python3.10/site-packages/airflow/example_dags/example_time_delta_sensor_async.py                                                   1           0  0.25s           2026-08-30T19:52:48                      10
/home/mmirnezamina/de_final_project/airflowenv/lib/python3.10/site-packages/airflow/example_dags/example_python_decorator.py                                                          1           0  0.23s           2026-08-30T19:52:56                      10
/home/mmirnezamina/de_final_project/airflowenv/lib/python3.10/site-packages/airflow/example_dags/example_subdag_operator.py                                                           3           0  0.23s           2026-08-30T19:52:49                      20
/home/mmirnezamina/de_final_project/airflowenv/lib/python3.10/site-packages/airflow/example_dags/example_bash_operator.py                                                             1           0  0.23s           2026-08-30T19:52:47                      12
/home/mmirnezamina/de_final_project/airflowenv/lib/python3.10/site-packages/airflow/example_dags/example_xcomargs.py                                                                  2           0  0.22s           2026-08-30T19:52:47                      13
/home/mmirnezamina/de_final_project/airflowenv/lib/python3.10/site-packages/airflow/example_dags/example_branch_datetime_operator.py                                                  3           0  0.22s           2026-08-30T19:52:47                      18
/home/mmirnezamina/de_final_project/airflowenv/lib/python3.10/site-packages/airflow/example_dags/tutorial.py                                                                          1           0  0.21s           2026-08-30T19:52:47                      12
/home/mmirnezamina/de_final_project/airflowenv/lib/python3.10/site-packages/airflow/example_dags/example_task_group_decorator.py                                                      1           0  0.19s           2026-08-30T19:52:49                      10
/home/mmirnezamina/de_final_project/airflowenv/lib/python3.10/site-packages/airflow/example_dags/example_branch_labels.py                                                             1           0  0.18s           2026-08-30T19:52:47                      12
/home/mmirnezamina/de_final_project/airflowenv/lib/python3.10/site-packages/airflow/example_dags/example_python_operator.py                                                           1           0  0.18s           2026-08-30T19:52:57                      10
/home/mmirnezamina/de_final_project/airflowenv/lib/python3.10/site-packages/airflow/example_dags/tutorial_taskflow_api_virtualenv.py                                                  0           0  0.17s           2026-08-30T19:52:46                       3
/home/mmirnezamina/de_final_project/airflowenv/lib/python3.10/site-packages/airflow/example_dags/tutorial_taskflow_api.py                                                             1           0  0.17s           2026-08-30T19:52:46                      10
/home/mmirnezamina/de_final_project/airflowenv/lib/python3.10/site-packages/airflow/example_dags/example_latest_only_with_trigger.py                                                  1           0  0.17s           2026-08-30T19:53:01                      12
/home/mmirnezamina/de_final_project/airflowenv/lib/python3.10/site-packages/airflow/example_dags/example_passing_params_via_test_command.py                                           1           0  0.17s           2026-08-30T19:52:56                      12
/home/mmirnezamina/de_final_project/airflowenv/lib/python3.10/site-packages/airflow/example_dags/example_skip_dag.py                                                                  1           0  0.16s           2026-08-30T19:52:51                      12
/home/mmirnezamina/de_final_project/airflowenv/lib/python3.10/site-packages/airflow/example_dags/example_short_circuit_operator.py                                                    1           0  0.16s           2026-08-30T19:52:51                      10
/home/mmirnezamina/de_final_project/airflowenv/lib/python3.10/site-packages/airflow/example_dags/example_bash_decorator.py                                                            1           0  0.16s           2026-08-30T19:52:49                      10
/home/mmirnezamina/de_final_project/airflowenv/lib/python3.10/site-packages/airflow/example_dags/tutorial_taskflow_templates.py                                                       1           0  0.16s           2026-08-30T19:52:46                      12
/home/mmirnezamina/de_final_project/airflowenv/lib/python3.10/site-packages/airflow/example_dags/example_task_group.py                                                                1           0  0.16s           2026-08-30T19:52:49                      10
/home/mmirnezamina/de_final_project/airflowenv/lib/python3.10/site-packages/airflow/example_dags/example_sla_dag.py                                                                   1           0  0.16s           2026-08-30T19:52:50                      12
/home/mmirnezamina/de_final_project/airflowenv/lib/python3.10/site-packages/airflow/example_dags/example_short_circuit_decorator.py                                                   1           0  0.16s           2026-08-30T19:52:51                      10
/home/mmirnezamina/de_final_project/airflowenv/lib/python3.10/site-packages/airflow/example_dags/tutorial_dag.py                                                                      1           0  0.15s           2026-08-30T19:52:46                      10
/home/mmirnezamina/de_final_project/airflowenv/lib/python3.10/site-packages/airflow/example_dags/example_setup_teardown.py                                                            1           0  0.15s           2026-08-30T19:52:52                      10
/home/mmirnezamina/de_final_project/airflowenv/lib/python3.10/site-packages/airflow/example_dags/example_setup_teardown_taskflow.py                                                   1           0  0.15s           2026-08-30T19:52:52                      10
/home/mmirnezamina/de_final_project/airflowenv/lib/python3.10/site-packages/airflow/example_dags/example_outlet_event_extra.py                                                        3           0  0.14s           2026-08-30T19:53:00                      19
/home/mmirnezamina/de_final_project/airflowenv/lib/python3.10/site-packages/airflow/example_dags/example_branch_day_of_week_operator.py                                               1           0  0.14s           2026-08-30T19:52:45                      12
/home/mmirnezamina/de_final_project/airflowenv/lib/python3.10/site-packages/airflow/example_dags/example_latest_only.py                                                               1           0  0.14s           2026-08-30T19:53:01                      12
/home/mmirnezamina/de_final_project/airflowenv/lib/python3.10/site-packages/airflow/example_dags/example_params_ui_tutorial.py                                                        1           0  0.13s           2026-08-30T19:52:58                      10
/home/mmirnezamina/de_final_project/airflowenv/lib/python3.10/site-packages/airflow/example_dags/example_params_trigger_ui.py                                                         1           0  0.13s           2026-08-30T19:52:58                      10
/home/mmirnezamina/de_final_project/airflowenv/lib/python3.10/site-packages/airflow/example_dags/example_sensors.py                                                                   1           0  0.13s           2026-08-30T19:52:54                      10
/home/mmirnezamina/de_final_project/airflowenv/lib/python3.10/site-packages/airflow/example_dags/example_nested_branch_dag.py                                                         1           0  0.12s           2026-08-30T19:53:00                      12
/home/mmirnezamina/de_final_project/airflowenv/lib/python3.10/site-packages/airflow/example_dags/example_sensor_decorator.py                                                          1           0  0.11s           2026-08-30T19:52:54                      10
/home/mmirnezamina/de_final_project/airflowenv/lib/python3.10/site-packages/airflow/example_dags/tutorial_objectstorage.py                                                            0           1  0.10s           2026-08-30T19:52:46                       5
/home/mmirnezamina/de_final_project/airflowenv/lib/python3.10/site-packages/airflow/example_dags/plugins/workday.py                                                                   0           0  0.09s           2026-08-30T19:52:39                       3
/home/mmirnezamina/de_final_project/airflowenv/lib/python3.10/site-packages/airflow/example_dags/plugins/listener_plugin.py                                                           0           0  0.08s           2026-08-30T19:52:40                       3
/home/mmirnezamina/de_final_project/airflowenv/lib/python3.10/site-packages/airflow/example_dags/subdags/subdag.py                                           15403  0.01s             0           0  0.07s           2026-08-30T19:52:37                       3
/home/mmirnezamina/de_final_project/airflowenv/lib/python3.10/site-packages/airflow/example_dags/example_kubernetes_executor.py                                                       0           0  0.07s           2026-08-30T19:53:01                       3
/home/mmirnezamina/de_final_project/airflowenv/lib/python3.10/site-packages/airflow/example_dags/example_local_kubernetes_executor.py                                                 0           0  0.05s           2026-08-30T19:53:00                       3
================================================================================
[2026-08-30T23:23:28.610+0330] {manager.py:821} INFO - Searching for files in /home/mmirnezamina/de_final_project/airflow/dags
[2026-08-30T23:23:28.624+0330] {manager.py:824} INFO - There are 57 files in /home/mmirnezamina/de_final_project/airflow/dags
[2026-08-30T23:23:38.640+0330] {manager.py:997} INFO - 
================================================================================
DAG File Processing Stats

File Path                                                                                                                                                      PID  Runtime      # DAGs    # Errors  Last Runtime    Last Run               Last # of DB Queries
-----------------------------------------------------------------------------------------------------------------------------------------------------------  -----  ---------  --------  ----------  --------------  -------------------  ----------------------
/home/mmirnezamina/de_final_project/airflowenv/lib/python3.10/site-packages/airflow/example_dags/example_passing_params_via_test_command.py                                           1           0  0.96s           2026-08-30T19:53:27                      12
/home/mmirnezamina/de_final_project/airflowenv/lib/python3.10/site-packages/airflow/example_dags/example_python_decorator.py                                                          1           0  0.92s           2026-08-30T19:53:27                      10
/home/mmirnezamina/de_final_project/airflowenv/lib/python3.10/site-packages/airflow/example_dags/example_subdag_operator.py                                                           3           0  0.87s           2026-08-30T19:53:21                      20
/home/mmirnezamina/de_final_project/airflowenv/lib/python3.10/site-packages/airflow/example_dags/example_trigger_controller_dag.py                                                    1           0  0.53s           2026-08-30T19:53:20                      12
/home/mmirnezamina/de_final_project/airflowenv/lib/python3.10/site-packages/airflow/example_dags/example_time_delta_sensor_async.py                                                   1           0  0.46s           2026-08-30T19:53:20                      10
/home/mmirnezamina/de_final_project/airflowenv/lib/python3.10/site-packages/airflow/example_dags/example_branch_datetime_operator.py                                                  3           0  0.45s           2026-08-30T19:53:18                      18
/home/mmirnezamina/de_final_project/airflowenv/lib/python3.10/site-packages/airflow/example_dags/example_xcom.py                                                                      1           0  0.43s           2026-08-30T19:53:19                      12
/home/mmirnezamina/de_final_project/airflowenv/lib/python3.10/site-packages/airflow/example_dags/example_xcomargs.py                                                                  2           0  0.38s           2026-08-30T19:53:18                      13
/home/mmirnezamina/de_final_project/airflowenv/lib/python3.10/site-packages/airflow/example_dags/example_workday_timetable.py                                                         1           0  0.38s           2026-08-30T19:53:19                      12
/home/mmirnezamina/de_final_project/airflowenv/lib/python3.10/site-packages/airflow/example_dags/tutorial.py                                                                          1           0  0.38s           2026-08-30T19:53:18                      12
/home/mmirnezamina/de_final_project/airflowenv/lib/python3.10/site-packages/airflow/example_dags/example_dataset_alias.py                                                             4           0  0.37s           2026-08-30T19:53:09                      27
/home/mmirnezamina/de_final_project/airflowenv/lib/python3.10/site-packages/airflow/example_dags/example_dag_decorator.py                                                             1           0  0.36s           2026-08-30T19:53:14                      32
/home/mmirnezamina/de_final_project/airflowenv/lib/python3.10/site-packages/airflow/example_dags/example_bash_operator.py                                                             1           0  0.34s           2026-08-30T19:53:18                      12
/home/mmirnezamina/de_final_project/airflowenv/lib/python3.10/site-packages/airflow/example_dags/example_python_operator.py                                                           1           0  0.33s           2026-08-30T19:53:27                      10
/home/mmirnezamina/de_final_project/airflowenv/lib/python3.10/site-packages/airflow/example_dags/example_sla_dag.py                                                                   1           0  0.32s           2026-08-30T19:53:21                      12
/home/mmirnezamina/de_final_project/airflowenv/lib/python3.10/site-packages/airflow/example_dags/example_sensors.py                                                                   1           0  0.29s           2026-08-30T19:53:25                      10
/home/mmirnezamina/de_final_project/airflowenv/lib/python3.10/site-packages/airflow/example_dags/example_branch_labels.py                                                             1           0  0.29s           2026-08-30T19:53:18                      12
/home/mmirnezamina/de_final_project/airflowenv/lib/python3.10/site-packages/airflow/example_dags/example_trigger_target_dag.py                                                        1           0  0.29s           2026-08-30T19:53:19                      10
/home/mmirnezamina/de_final_project/airflowenv/lib/python3.10/site-packages/airflow/example_dags/example_branch_operator_decorator.py                                                 0           0  0.24s           2026-08-30T19:53:14                       3
/home/mmirnezamina/de_final_project/airflowenv/lib/python3.10/site-packages/airflow/example_dags/example_bash_decorator.py                                                            1           0  0.24s           2026-08-30T19:53:20                      10
/home/mmirnezamina/de_final_project/airflowenv/lib/python3.10/site-packages/airflow/example_dags/tutorial_dag.py                                                                      1           0  0.23s           2026-08-30T19:53:17                      10
/home/mmirnezamina/de_final_project/airflowenv/lib/python3.10/site-packages/airflow/example_dags/example_branch_operator.py                                                           0           0  0.23s           2026-08-30T19:53:14                       3
/home/mmirnezamina/de_final_project/airflowenv/lib/python3.10/site-packages/airflow/example_dags/example_task_group.py                                                                1           0  0.22s           2026-08-30T19:53:20                      10
/home/mmirnezamina/de_final_project/airflowenv/lib/python3.10/site-packages/airflow/example_dags/example_task_group_decorator.py                                                      1           0  0.22s           2026-08-30T19:53:20                      10
/home/mmirnezamina/de_final_project/airflowenv/lib/python3.10/site-packages/airflow/example_dags/example_params_ui_tutorial.py                                                        1           0  0.22s           2026-08-30T19:53:28                      10
/home/mmirnezamina/de_final_project/airflowenv/lib/python3.10/site-packages/airflow/example_dags/example_params_trigger_ui.py                                                         1           0  0.22s           2026-08-30T19:53:28                      10
/home/mmirnezamina/de_final_project/airflowenv/lib/python3.10/site-packages/airflow/example_dags/example_outlet_event_extra.py                                                        3           0  0.22s           2026-08-30T19:53:30                      19
/home/mmirnezamina/de_final_project/airflowenv/lib/python3.10/site-packages/airflow/example_dags/tutorial_taskflow_api.py                                                             1           0  0.21s           2026-08-30T19:53:17                      10
/home/mmirnezamina/de_final_project/airflowenv/lib/python3.10/site-packages/airflow/example_dags/example_short_circuit_decorator.py                                                   1           0  0.20s           2026-08-30T19:53:22                      10
/home/mmirnezamina/de_final_project/airflowenv/lib/python3.10/site-packages/airflow/example_dags/example_short_circuit_operator.py                                                    1           0  0.19s           2026-08-30T19:53:22                      10
/home/mmirnezamina/de_final_project/airflowenv/lib/python3.10/site-packages/airflow/example_dags/example_inlet_event_extra.py                                                         2           0  0.19s           2026-08-30T19:53:33                      15
/home/mmirnezamina/de_final_project/airflowenv/lib/python3.10/site-packages/airflow/example_dags/example_skip_dag.py                                                                  1           0  0.18s           2026-08-30T19:53:22                      12
/home/mmirnezamina/de_final_project/airflowenv/lib/python3.10/site-packages/airflow/example_dags/tutorial_taskflow_api_virtualenv.py                                                  0           0  0.18s           2026-08-30T19:53:17                       3
/home/mmirnezamina/de_final_project/airflowenv/lib/python3.10/site-packages/airflow/example_dags/example_branch_python_dop_operator_3.py                                              1           0  0.18s           2026-08-30T19:53:14                      12
/home/mmirnezamina/de_final_project/airflowenv/lib/python3.10/site-packages/airflow/example_dags/tutorial_taskflow_templates.py                                                       1           0  0.18s           2026-08-30T19:53:17                      12
/home/mmirnezamina/de_final_project/airflowenv/lib/python3.10/site-packages/airflow/example_dags/example_datasets.py                                                                 10           0  0.17s           2026-08-30T19:53:36                      49
/home/mmirnezamina/de_final_project/airflowenv/lib/python3.10/site-packages/airflow/example_dags/example_nested_branch_dag.py                                                         1           0  0.17s           2026-08-30T19:53:30                      12
/home/mmirnezamina/de_final_project/airflowenv/lib/python3.10/site-packages/airflow/example_dags/example_branch_day_of_week_operator.py                                               1           0  0.17s           2026-08-30T19:53:16                      12
/home/mmirnezamina/de_final_project/airflowenv/lib/python3.10/site-packages/airflow/example_dags/example_external_task_marker_dag.py                                                  2           0  0.17s           2026-08-30T19:53:33                      13
/home/mmirnezamina/de_final_project/airflowenv/lib/python3.10/site-packages/airflow/example_dags/example_sensor_decorator.py                                                          1           0  0.16s           2026-08-30T19:53:25                      10
/home/mmirnezamina/de_final_project/airflowenv/lib/python3.10/site-packages/airflow/example_dags/example_latest_only.py                                                               1           0  0.15s           2026-08-30T19:53:32                      12
/home/mmirnezamina/de_final_project/airflowenv/lib/python3.10/site-packages/airflow/example_dags/example_setup_teardown.py                                                            1           0  0.15s           2026-08-30T19:53:23                      10
/home/mmirnezamina/de_final_project/airflowenv/lib/python3.10/site-packages/airflow/example_dags/example_latest_only_with_trigger.py                                                  1           0  0.15s           2026-08-30T19:53:32                      12
/home/mmirnezamina/de_final_project/airflowenv/lib/python3.10/site-packages/airflow/example_dags/example_setup_teardown_taskflow.py                                                   1           0  0.14s           2026-08-30T19:53:23                      10
/home/mmirnezamina/de_final_project/airflowenv/lib/python3.10/site-packages/airflow/example_dags/example_complex.py                                                                   1           0  0.13s           2026-08-30T19:53:12                      10
/home/mmirnezamina/de_final_project/airflowenv/lib/python3.10/site-packages/airflow/example_dags/example_dataset_alias_with_no_taskflow.py                                            4           0  0.13s           2026-08-30T19:53:36                      27
/home/mmirnezamina/de_final_project/airflowenv/lib/python3.10/site-packages/airflow/example_dags/example_dynamic_task_mapping_with_no_taskflow_operators.py                           1           0  0.12s           2026-08-30T19:53:35                      10
/home/mmirnezamina/de_final_project/airflowenv/lib/python3.10/site-packages/airflow/example_dags/plugins/workday.py                                                                   0           0  0.11s           2026-08-30T19:53:09                       3
/home/mmirnezamina/de_final_project/airflowenv/lib/python3.10/site-packages/airflow/example_dags/tutorial_objectstorage.py                                                            0           1  0.10s           2026-08-30T19:53:17                       5
/home/mmirnezamina/de_final_project/airflowenv/lib/python3.10/site-packages/airflow/example_dags/plugins/listener_plugin.py                                                           0           0  0.10s           2026-08-30T19:53:10                       3
/home/mmirnezamina/de_final_project/airflowenv/lib/python3.10/site-packages/airflow/example_dags/subdags/subdag.py                                           15522  0.00s             0           0  0.09s           2026-08-30T19:53:08                       3
/home/mmirnezamina/de_final_project/airflowenv/lib/python3.10/site-packages/airflow/example_dags/example_dynamic_task_mapping.py                                                      1           0  0.09s           2026-08-30T19:53:35                      10
/home/mmirnezamina/de_final_project/airflowenv/lib/python3.10/site-packages/airflow/example_dags/example_display_name.py                                                              1           0  0.09s           2026-08-30T19:53:35                      10
/home/mmirnezamina/de_final_project/airflowenv/lib/python3.10/site-packages/airflow/example_dags/plugins/decreasing_priority_weight_strategy.py                                       0           0  0.08s           2026-08-30T19:53:11                       3
/home/mmirnezamina/de_final_project/airflowenv/lib/python3.10/site-packages/airflow/example_dags/plugins/event_listener.py                                                            0           0  0.08s           2026-08-30T19:53:11                       3
/home/mmirnezamina/de_final_project/airflowenv/lib/python3.10/site-packages/airflow/example_dags/example_local_kubernetes_executor.py                                                 0           0  0.07s           2026-08-30T19:53:30                       3
/home/mmirnezamina/de_final_project/airflowenv/lib/python3.10/site-packages/airflow/example_dags/example_kubernetes_executor.py                                                       0           0  0.06s           2026-08-30T19:53:32                       3
================================================================================
[2026-08-30T23:24:08.802+0330] {manager.py:997} INFO - 
================================================================================
DAG File Processing Stats

File Path                                                                                                                                                      PID  Runtime      # DAGs    # Errors  Last Runtime    Last Run               Last # of DB Queries
-----------------------------------------------------------------------------------------------------------------------------------------------------------  -----  ---------  --------  ----------  --------------  -------------------  ----------------------
/home/mmirnezamina/de_final_project/airflowenv/lib/python3.10/site-packages/airflow/example_dags/example_branch_labels.py                                                             1           0  0.35s           2026-08-30T19:53:49                      12
/home/mmirnezamina/de_final_project/airflowenv/lib/python3.10/site-packages/airflow/example_dags/example_xcomargs.py                                                                  2           0  0.33s           2026-08-30T19:53:49                      13
/home/mmirnezamina/de_final_project/airflowenv/lib/python3.10/site-packages/airflow/example_dags/example_bash_operator.py                                                             1           0  0.31s           2026-08-30T19:53:49                      12
/home/mmirnezamina/de_final_project/airflowenv/lib/python3.10/site-packages/airflow/example_dags/example_xcom.py                                                                      1           0  0.24s           2026-08-30T19:53:49                      12
/home/mmirnezamina/de_final_project/airflowenv/lib/python3.10/site-packages/airflow/example_dags/example_dag_decorator.py                                                             1           0  0.22s           2026-08-30T19:53:45                      32
/home/mmirnezamina/de_final_project/airflowenv/lib/python3.10/site-packages/airflow/example_dags/example_setup_teardown_taskflow.py                                                   1           0  0.18s           2026-08-30T19:53:54                      10
/home/mmirnezamina/de_final_project/airflowenv/lib/python3.10/site-packages/airflow/example_dags/example_workday_timetable.py                                                         1           0  0.18s           2026-08-30T19:53:49                      12
/home/mmirnezamina/de_final_project/airflowenv/lib/python3.10/site-packages/airflow/example_dags/example_subdag_operator.py                                                           3           0  0.17s           2026-08-30T19:53:51                      20
/home/mmirnezamina/de_final_project/airflowenv/lib/python3.10/site-packages/airflow/example_dags/example_inlet_event_extra.py                                                         2           0  0.17s           2026-08-30T19:54:03                      15
/home/mmirnezamina/de_final_project/airflowenv/lib/python3.10/site-packages/airflow/example_dags/example_setup_teardown.py                                                            1           0  0.16s           2026-08-30T19:53:54                      10
/home/mmirnezamina/de_final_project/airflowenv/lib/python3.10/site-packages/airflow/example_dags/example_branch_datetime_operator.py                                                  3           0  0.16s           2026-08-30T19:53:48                      18
/home/mmirnezamina/de_final_project/airflowenv/lib/python3.10/site-packages/airflow/example_dags/example_dataset_alias.py                                                             4           0  0.16s           2026-08-30T19:53:40                      27
/home/mmirnezamina/de_final_project/airflowenv/lib/python3.10/site-packages/airflow/example_dags/example_python_decorator.py                                                          1           0  0.15s           2026-08-30T19:53:57                      10
/home/mmirnezamina/de_final_project/airflowenv/lib/python3.10/site-packages/airflow/example_dags/example_datasets.py                                                                 10           0  0.15s           2026-08-30T19:54:06                      49
/home/mmirnezamina/de_final_project/airflowenv/lib/python3.10/site-packages/airflow/example_dags/tutorial.py                                                                          1           0  0.14s           2026-08-30T19:53:49                      12
/home/mmirnezamina/de_final_project/airflowenv/lib/python3.10/site-packages/airflow/example_dags/tutorial_taskflow_api.py                                                             1           0  0.14s           2026-08-30T19:53:48                      10
/home/mmirnezamina/de_final_project/airflowenv/lib/python3.10/site-packages/airflow/example_dags/example_outlet_event_extra.py                                                        3           0  0.14s           2026-08-30T19:54:01                      19
/home/mmirnezamina/de_final_project/airflowenv/lib/python3.10/site-packages/airflow/example_dags/example_external_task_marker_dag.py                                                  2           0  0.14s           2026-08-30T19:54:03                      13
/home/mmirnezamina/de_final_project/airflowenv/lib/python3.10/site-packages/airflow/example_dags/example_latest_only.py                                                               1           0  0.14s           2026-08-30T19:54:02                      12
/home/mmirnezamina/de_final_project/airflowenv/lib/python3.10/site-packages/airflow/example_dags/example_latest_only_with_trigger.py                                                  1           0  0.14s           2026-08-30T19:54:02                      12
/home/mmirnezamina/de_final_project/airflowenv/lib/python3.10/site-packages/airflow/example_dags/example_sla_dag.py                                                                   1           0  0.14s           2026-08-30T19:53:51                      12
/home/mmirnezamina/de_final_project/airflowenv/lib/python3.10/site-packages/airflow/example_dags/example_params_ui_tutorial.py                                                        1           0  0.14s           2026-08-30T19:53:59                      10
/home/mmirnezamina/de_final_project/airflowenv/lib/python3.10/site-packages/airflow/example_dags/example_python_operator.py                                                           1           0  0.14s           2026-08-30T19:53:58                      10
/home/mmirnezamina/de_final_project/airflowenv/lib/python3.10/site-packages/airflow/example_dags/example_dataset_alias_with_no_taskflow.py                                            4           0  0.13s           2026-08-30T19:54:06                      27
/home/mmirnezamina/de_final_project/airflowenv/lib/python3.10/site-packages/airflow/example_dags/example_params_trigger_ui.py                                                         1           0  0.13s           2026-08-30T19:53:59                      10
/home/mmirnezamina/de_final_project/airflowenv/lib/python3.10/site-packages/airflow/example_dags/example_trigger_target_dag.py                                                        1           0  0.13s           2026-08-30T19:53:49                      10
/home/mmirnezamina/de_final_project/airflowenv/lib/python3.10/site-packages/airflow/example_dags/example_bash_decorator.py                                                            1           0  0.13s           2026-08-30T19:53:51                      10
/home/mmirnezamina/de_final_project/airflowenv/lib/python3.10/site-packages/airflow/example_dags/example_trigger_controller_dag.py                                                    1           0  0.13s           2026-08-30T19:53:50                      12
/home/mmirnezamina/de_final_project/airflowenv/lib/python3.10/site-packages/airflow/example_dags/example_skip_dag.py                                                                  1           0  0.13s           2026-08-30T19:53:52                      12
/home/mmirnezamina/de_final_project/airflowenv/lib/python3.10/site-packages/airflow/example_dags/example_short_circuit_operator.py                                                    1           0  0.13s           2026-08-30T19:53:52                      10
/home/mmirnezamina/de_final_project/airflowenv/lib/python3.10/site-packages/airflow/example_dags/tutorial_dag.py                                                                      1           0  0.12s           2026-08-30T19:53:48                      10
/home/mmirnezamina/de_final_project/airflowenv/lib/python3.10/site-packages/airflow/example_dags/example_task_group_decorator.py                                                      1           0  0.12s           2026-08-30T19:53:51                      10
/home/mmirnezamina/de_final_project/airflowenv/lib/python3.10/site-packages/airflow/example_dags/example_task_group.py                                                                1           0  0.11s           2026-08-30T19:53:51                      10
/home/mmirnezamina/de_final_project/airflowenv/lib/python3.10/site-packages/airflow/example_dags/example_branch_python_dop_operator_3.py                                              1           0  0.11s           2026-08-30T19:53:45                      12
/home/mmirnezamina/de_final_project/airflowenv/lib/python3.10/site-packages/airflow/example_dags/example_branch_operator_decorator.py                                                 0           0  0.11s           2026-08-30T19:53:45                       3
/home/mmirnezamina/de_final_project/airflowenv/lib/python3.10/site-packages/airflow/example_dags/example_sensors.py                                                                   1           0  0.11s           2026-08-30T19:53:56                      10
/home/mmirnezamina/de_final_project/airflowenv/lib/python3.10/site-packages/airflow/example_dags/example_time_delta_sensor_async.py                                                   1           0  0.11s           2026-08-30T19:53:50                      10
/home/mmirnezamina/de_final_project/airflowenv/lib/python3.10/site-packages/airflow/example_dags/example_passing_params_via_test_command.py                                           1           0  0.10s           2026-08-30T19:53:57                      12
/home/mmirnezamina/de_final_project/airflowenv/lib/python3.10/site-packages/airflow/example_dags/example_branch_day_of_week_operator.py                                               1           0  0.10s           2026-08-30T19:53:47                      12
/home/mmirnezamina/de_final_project/airflowenv/lib/python3.10/site-packages/airflow/example_dags/tutorial_taskflow_api_virtualenv.py                                                  0           0  0.10s           2026-08-30T19:53:48                       3
/home/mmirnezamina/de_final_project/airflowenv/lib/python3.10/site-packages/airflow/example_dags/example_nested_branch_dag.py                                                         1           0  0.10s           2026-08-30T19:54:01                      12
/home/mmirnezamina/de_final_project/airflowenv/lib/python3.10/site-packages/airflow/example_dags/example_sensor_decorator.py                                                          1           0  0.10s           2026-08-30T19:53:56                      10
/home/mmirnezamina/de_final_project/airflowenv/lib/python3.10/site-packages/airflow/example_dags/example_branch_operator.py                                                           0           0  0.10s           2026-08-30T19:53:45                       3
/home/mmirnezamina/de_final_project/airflowenv/lib/python3.10/site-packages/airflow/example_dags/example_dynamic_task_mapping.py                                                      1           0  0.10s           2026-08-30T19:54:05                      10
/home/mmirnezamina/de_final_project/airflowenv/lib/python3.10/site-packages/airflow/example_dags/tutorial_taskflow_templates.py                                                       1           0  0.10s           2026-08-30T19:53:48                      12
/home/mmirnezamina/de_final_project/airflowenv/lib/python3.10/site-packages/airflow/example_dags/example_dynamic_task_mapping_with_no_taskflow_operators.py                           1           0  0.10s           2026-08-30T19:54:05                      10
/home/mmirnezamina/de_final_project/airflowenv/lib/python3.10/site-packages/airflow/example_dags/example_complex.py                                                                   1           0  0.09s           2026-08-30T19:53:43                      10
/home/mmirnezamina/de_final_project/airflowenv/lib/python3.10/site-packages/airflow/example_dags/tutorial_objectstorage.py                                                            0           1  0.09s           2026-08-30T19:53:48                       5
/home/mmirnezamina/de_final_project/airflowenv/lib/python3.10/site-packages/airflow/example_dags/example_short_circuit_decorator.py                                                   1           0  0.09s           2026-08-30T19:53:53                      10
/home/mmirnezamina/de_final_project/airflowenv/lib/python3.10/site-packages/airflow/example_dags/example_display_name.py                                                              1           0  0.08s           2026-08-30T19:54:05                      10
/home/mmirnezamina/de_final_project/airflowenv/lib/python3.10/site-packages/airflow/example_dags/plugins/workday.py                                                                   0           0  0.07s           2026-08-30T19:53:40                       3
/home/mmirnezamina/de_final_project/airflowenv/lib/python3.10/site-packages/airflow/example_dags/example_kubernetes_executor.py                                                       0           0  0.06s           2026-08-30T19:54:02                       3
/home/mmirnezamina/de_final_project/airflowenv/lib/python3.10/site-packages/airflow/example_dags/plugins/listener_plugin.py                                                           0           0  0.05s           2026-08-30T19:53:40                       3
/home/mmirnezamina/de_final_project/airflowenv/lib/python3.10/site-packages/airflow/example_dags/plugins/decreasing_priority_weight_strategy.py                                       0           0  0.05s           2026-08-30T19:53:41                       3
/home/mmirnezamina/de_final_project/airflowenv/lib/python3.10/site-packages/airflow/example_dags/plugins/event_listener.py                                                            0           0  0.05s           2026-08-30T19:53:41                       3
/home/mmirnezamina/de_final_project/airflowenv/lib/python3.10/site-packages/airflow/example_dags/example_local_kubernetes_executor.py                                                 0           0  0.04s           2026-08-30T19:54:01                       3
/home/mmirnezamina/de_final_project/airflowenv/lib/python3.10/site-packages/airflow/example_dags/subdags/subdag.py                                           15640  0.00s             0           0  0.04s           2026-08-30T19:53:38                       3
================================================================================
[2026-08-30T23:24:39.042+0330] {manager.py:997} INFO - 
================================================================================
DAG File Processing Stats

File Path                                                                                                                                                      PID  Runtime      # DAGs    # Errors  Last Runtime    Last Run               Last # of DB Queries
-----------------------------------------------------------------------------------------------------------------------------------------------------------  -----  ---------  --------  ----------  --------------  -------------------  ----------------------
/home/mmirnezamina/de_final_project/airflowenv/lib/python3.10/site-packages/airflow/example_dags/example_dataset_alias.py                                                             4           0  0.54s           2026-08-30T19:54:11                      27
/home/mmirnezamina/de_final_project/airflowenv/lib/python3.10/site-packages/airflow/example_dags/example_dag_decorator.py                                                             1           0  0.41s           2026-08-30T19:54:15                      32
/home/mmirnezamina/de_final_project/airflowenv/lib/python3.10/site-packages/airflow/example_dags/example_python_decorator.py                                                          1           0  0.26s           2026-08-30T19:54:28                      10
/home/mmirnezamina/de_final_project/airflowenv/lib/python3.10/site-packages/airflow/example_dags/example_branch_operator_decorator.py                                                 0           0  0.26s           2026-08-30T19:54:15                       3
/home/mmirnezamina/de_final_project/airflowenv/lib/python3.10/site-packages/airflow/example_dags/example_python_operator.py                                                           1           0  0.25s           2026-08-30T19:54:29                      10
/home/mmirnezamina/de_final_project/airflowenv/lib/python3.10/site-packages/airflow/example_dags/example_branch_datetime_operator.py                                                  3           0  0.25s           2026-08-30T19:54:19                      18
/home/mmirnezamina/de_final_project/airflowenv/lib/python3.10/site-packages/airflow/example_dags/example_subdag_operator.py                                                           3           0  0.24s           2026-08-30T19:54:22                      20
/home/mmirnezamina/de_final_project/airflowenv/lib/python3.10/site-packages/airflow/example_dags/example_datasets.py                                                                 10           0  0.24s           2026-08-30T19:54:37                      49
/home/mmirnezamina/de_final_project/airflowenv/lib/python3.10/site-packages/airflow/example_dags/example_workday_timetable.py                                                         1           0  0.23s           2026-08-30T19:54:20                      12
/home/mmirnezamina/de_final_project/airflowenv/lib/python3.10/site-packages/airflow/example_dags/example_sensors.py                                                                   1           0  0.23s           2026-08-30T19:54:27                      10
/home/mmirnezamina/de_final_project/airflowenv/lib/python3.10/site-packages/airflow/example_dags/example_xcom.py                                                                      1           0  0.22s           2026-08-30T19:54:20                      12
/home/mmirnezamina/de_final_project/airflowenv/lib/python3.10/site-packages/airflow/example_dags/example_trigger_target_dag.py                                                        1           0  0.22s           2026-08-30T19:54:20                      10
/home/mmirnezamina/de_final_project/airflowenv/lib/python3.10/site-packages/airflow/example_dags/example_branch_operator.py                                                           0           0  0.22s           2026-08-30T19:54:16                       3
/home/mmirnezamina/de_final_project/airflowenv/lib/python3.10/site-packages/airflow/example_dags/example_bash_operator.py                                                             1           0  0.22s           2026-08-30T19:54:20                      12
/home/mmirnezamina/de_final_project/airflowenv/lib/python3.10/site-packages/airflow/example_dags/tutorial_taskflow_api_virtualenv.py                                                  0           0  0.21s           2026-08-30T19:54:19                       3
/home/mmirnezamina/de_final_project/airflowenv/lib/python3.10/site-packages/airflow/example_dags/example_branch_python_dop_operator_3.py                                              1           0  0.21s           2026-08-30T19:54:15                      12
/home/mmirnezamina/de_final_project/airflowenv/lib/python3.10/site-packages/airflow/example_dags/plugins/listener_plugin.py                                                           0           0  0.21s           2026-08-30T19:54:11                       3
/home/mmirnezamina/de_final_project/airflowenv/lib/python3.10/site-packages/airflow/example_dags/tutorial.py                                                                          1           0  0.20s           2026-08-30T19:54:19                      12
/home/mmirnezamina/de_final_project/airflowenv/lib/python3.10/site-packages/airflow/example_dags/example_sla_dag.py                                                                   1           0  0.20s           2026-08-30T19:54:21                      12
/home/mmirnezamina/de_final_project/airflowenv/lib/python3.10/site-packages/airflow/example_dags/example_sensor_decorator.py                                                          1           0  0.20s           2026-08-30T19:54:27                      10
/home/mmirnezamina/de_final_project/airflowenv/lib/python3.10/site-packages/airflow/example_dags/tutorial_taskflow_templates.py                                                       1           0  0.19s           2026-08-30T19:54:19                      12
/home/mmirnezamina/de_final_project/airflowenv/lib/python3.10/site-packages/airflow/example_dags/example_xcomargs.py                                                                  2           0  0.19s           2026-08-30T19:54:19                      13
/home/mmirnezamina/de_final_project/airflowenv/lib/python3.10/site-packages/airflow/example_dags/example_branch_labels.py                                                             1           0  0.19s           2026-08-30T19:54:19                      12
/home/mmirnezamina/de_final_project/airflowenv/lib/python3.10/site-packages/airflow/example_dags/example_outlet_event_extra.py                                                        3           0  0.19s           2026-08-30T19:54:31                      19
/home/mmirnezamina/de_final_project/airflowenv/lib/python3.10/site-packages/airflow/example_dags/example_task_group.py                                                                1           0  0.18s           2026-08-30T19:54:21                      10
/home/mmirnezamina/de_final_project/airflowenv/lib/python3.10/site-packages/airflow/example_dags/example_bash_decorator.py                                                            1           0  0.18s           2026-08-30T19:54:22                      10
/home/mmirnezamina/de_final_project/airflowenv/lib/python3.10/site-packages/airflow/example_dags/example_setup_teardown_taskflow.py                                                   1           0  0.18s           2026-08-30T19:54:25                      10
/home/mmirnezamina/de_final_project/airflowenv/lib/python3.10/site-packages/airflow/example_dags/example_setup_teardown.py                                                            1           0  0.17s           2026-08-30T19:54:25                      10
/home/mmirnezamina/de_final_project/airflowenv/lib/python3.10/site-packages/airflow/example_dags/example_params_ui_tutorial.py                                                        1           0  0.17s           2026-08-30T19:54:30                      10
/home/mmirnezamina/de_final_project/airflowenv/lib/python3.10/site-packages/airflow/example_dags/plugins/event_listener.py                                                            0           0  0.17s           2026-08-30T19:54:12                       3
/home/mmirnezamina/de_final_project/airflowenv/lib/python3.10/site-packages/airflow/example_dags/example_params_trigger_ui.py                                                         1           0  0.17s           2026-08-30T19:54:30                      10
/home/mmirnezamina/de_final_project/airflowenv/lib/python3.10/site-packages/airflow/example_dags/plugins/decreasing_priority_weight_strategy.py                                       0           0  0.16s           2026-08-30T19:54:12                       3
/home/mmirnezamina/de_final_project/airflowenv/lib/python3.10/site-packages/airflow/example_dags/example_passing_params_via_test_command.py                                           1           0  0.16s           2026-08-30T19:54:28                      12
/home/mmirnezamina/de_final_project/airflowenv/lib/python3.10/site-packages/airflow/example_dags/example_task_group_decorator.py                                                      1           0  0.16s           2026-08-30T19:54:21                      10
/home/mmirnezamina/de_final_project/airflowenv/lib/python3.10/site-packages/airflow/example_dags/example_inlet_event_extra.py                                                         2           0  0.15s           2026-08-30T19:54:33                      15
/home/mmirnezamina/de_final_project/airflowenv/lib/python3.10/site-packages/airflow/example_dags/example_dataset_alias_with_no_taskflow.py                                            4           0  0.15s           2026-08-30T19:54:36                      27
/home/mmirnezamina/de_final_project/airflowenv/lib/python3.10/site-packages/airflow/example_dags/example_complex.py                                                                   1           0  0.15s           2026-08-30T19:54:14                      10
/home/mmirnezamina/de_final_project/airflowenv/lib/python3.10/site-packages/airflow/example_dags/example_nested_branch_dag.py                                                         1           0  0.15s           2026-08-30T19:54:31                      12
/home/mmirnezamina/de_final_project/airflowenv/lib/python3.10/site-packages/airflow/example_dags/tutorial_taskflow_api.py                                                             1           0  0.14s           2026-08-30T19:54:19                      10
/home/mmirnezamina/de_final_project/airflowenv/lib/python3.10/site-packages/airflow/example_dags/tutorial_dag.py                                                                      1           0  0.14s           2026-08-30T19:54:19                      10
/home/mmirnezamina/de_final_project/airflowenv/lib/python3.10/site-packages/airflow/example_dags/example_time_delta_sensor_async.py                                                   1           0  0.14s           2026-08-30T19:54:21                      10
/home/mmirnezamina/de_final_project/airflowenv/lib/python3.10/site-packages/airflow/example_dags/example_branch_day_of_week_operator.py                                               1           0  0.14s           2026-08-30T19:54:18                      12
/home/mmirnezamina/de_final_project/airflowenv/lib/python3.10/site-packages/airflow/example_dags/example_short_circuit_operator.py                                                    1           0  0.14s           2026-08-30T19:54:23                      10
/home/mmirnezamina/de_final_project/airflowenv/lib/python3.10/site-packages/airflow/example_dags/example_skip_dag.py                                                                  1           0  0.14s           2026-08-30T19:54:23                      12
/home/mmirnezamina/de_final_project/airflowenv/lib/python3.10/site-packages/airflow/example_dags/example_trigger_controller_dag.py                                                    1           0  0.14s           2026-08-30T19:54:21                      12
/home/mmirnezamina/de_final_project/airflowenv/lib/python3.10/site-packages/airflow/example_dags/example_external_task_marker_dag.py                                                  2           0  0.13s           2026-08-30T19:54:33                      13
/home/mmirnezamina/de_final_project/airflowenv/lib/python3.10/site-packages/airflow/example_dags/plugins/workday.py                                                                   0           0  0.13s           2026-08-30T19:54:10                       3
/home/mmirnezamina/de_final_project/airflowenv/lib/python3.10/site-packages/airflow/example_dags/example_latest_only.py                                                               1           0  0.13s           2026-08-30T19:54:32                      12
/home/mmirnezamina/de_final_project/airflowenv/lib/python3.10/site-packages/airflow/example_dags/example_latest_only_with_trigger.py                                                  1           0  0.12s           2026-08-30T19:54:32                      12
/home/mmirnezamina/de_final_project/airflowenv/lib/python3.10/site-packages/airflow/example_dags/example_dynamic_task_mapping.py                                                      1           0  0.12s           2026-08-30T19:54:35                      10
/home/mmirnezamina/de_final_project/airflowenv/lib/python3.10/site-packages/airflow/example_dags/example_dynamic_task_mapping_with_no_taskflow_operators.py                           1           0  0.12s           2026-08-30T19:54:35                      10
/home/mmirnezamina/de_final_project/airflowenv/lib/python3.10/site-packages/airflow/example_dags/example_display_name.py                                                              1           0  0.11s           2026-08-30T19:54:35                      10
/home/mmirnezamina/de_final_project/airflowenv/lib/python3.10/site-packages/airflow/example_dags/example_short_circuit_decorator.py                                                   1           0  0.11s           2026-08-30T19:54:24                      10
/home/mmirnezamina/de_final_project/airflowenv/lib/python3.10/site-packages/airflow/example_dags/tutorial_objectstorage.py                                                            0           1  0.08s           2026-08-30T19:54:19                       5
/home/mmirnezamina/de_final_project/airflowenv/lib/python3.10/site-packages/airflow/example_dags/example_local_kubernetes_executor.py                                                 0           0  0.06s           2026-08-30T19:54:31                       3
/home/mmirnezamina/de_final_project/airflowenv/lib/python3.10/site-packages/airflow/example_dags/subdags/subdag.py                                           15759  0.01s             0           0  0.05s           2026-08-30T19:54:08                       3
/home/mmirnezamina/de_final_project/airflowenv/lib/python3.10/site-packages/airflow/example_dags/example_kubernetes_executor.py                                                       0           0  0.05s           2026-08-30T19:54:32                       3
================================================================================
[2026-08-30T23:25:09.516+0330] {manager.py:997} INFO - 
================================================================================
DAG File Processing Stats

File Path                                                                                                                                                      PID  Runtime      # DAGs    # Errors  Last Runtime    Last Run               Last # of DB Queries
-----------------------------------------------------------------------------------------------------------------------------------------------------------  -----  ---------  --------  ----------  --------------  -------------------  ----------------------
/home/mmirnezamina/de_final_project/airflowenv/lib/python3.10/site-packages/airflow/example_dags/example_branch_datetime_operator.py                                                  3           0  0.44s           2026-08-30T19:54:51                      18
/home/mmirnezamina/de_final_project/airflowenv/lib/python3.10/site-packages/airflow/example_dags/example_subdag_operator.py                                                           3           0  0.40s           2026-08-30T19:54:52                      20
/home/mmirnezamina/de_final_project/airflowenv/lib/python3.10/site-packages/airflow/example_dags/example_task_group.py                                                                1           0  0.38s           2026-08-30T19:54:52                      10
/home/mmirnezamina/de_final_project/airflowenv/lib/python3.10/site-packages/airflow/example_dags/example_task_group_decorator.py                                                      1           0  0.38s           2026-08-30T19:54:52                      10
/home/mmirnezamina/de_final_project/airflowenv/lib/python3.10/site-packages/airflow/example_dags/example_bash_operator.py                                                             1           0  0.32s           2026-08-30T19:54:51                      12
/home/mmirnezamina/de_final_project/airflowenv/lib/python3.10/site-packages/airflow/example_dags/example_xcom.py                                                                      1           0  0.29s           2026-08-30T19:54:51                      12
/home/mmirnezamina/de_final_project/airflowenv/lib/python3.10/site-packages/airflow/example_dags/example_bash_decorator.py                                                            1           0  0.28s           2026-08-30T19:54:52                      10
/home/mmirnezamina/de_final_project/airflowenv/lib/python3.10/site-packages/airflow/example_dags/example_sla_dag.py                                                                   1           0  0.28s           2026-08-30T19:54:52                      12
/home/mmirnezamina/de_final_project/airflowenv/lib/python3.10/site-packages/airflow/example_dags/example_workday_timetable.py                                                         1           0  0.26s           2026-08-30T19:54:51                      12
/home/mmirnezamina/de_final_project/airflowenv/lib/python3.10/site-packages/airflow/example_dags/example_python_decorator.py                                                          1           0  0.26s           2026-08-30T19:54:59                      10
/home/mmirnezamina/de_final_project/airflowenv/lib/python3.10/site-packages/airflow/example_dags/example_branch_day_of_week_operator.py                                               1           0  0.25s           2026-08-30T19:54:49                      12
/home/mmirnezamina/de_final_project/airflowenv/lib/python3.10/site-packages/airflow/example_dags/example_trigger_controller_dag.py                                                    1           0  0.25s           2026-08-30T19:54:51                      12
/home/mmirnezamina/de_final_project/airflowenv/lib/python3.10/site-packages/airflow/example_dags/example_dataset_alias.py                                                             4           0  0.25s           2026-08-30T19:54:42                      27
/home/mmirnezamina/de_final_project/airflowenv/lib/python3.10/site-packages/airflow/example_dags/example_branch_labels.py                                                             1           0  0.25s           2026-08-30T19:54:50                      12
/home/mmirnezamina/de_final_project/airflowenv/lib/python3.10/site-packages/airflow/example_dags/example_branch_operator_decorator.py                                                 0           0  0.25s           2026-08-30T19:54:46                       3
/home/mmirnezamina/de_final_project/airflowenv/lib/python3.10/site-packages/airflow/example_dags/example_trigger_target_dag.py                                                        1           0  0.24s           2026-08-30T19:54:51                      10
/home/mmirnezamina/de_final_project/airflowenv/lib/python3.10/site-packages/airflow/example_dags/example_time_delta_sensor_async.py                                                   1           0  0.24s           2026-08-30T19:54:52                      10
/home/mmirnezamina/de_final_project/airflowenv/lib/python3.10/site-packages/airflow/example_dags/example_dag_decorator.py                                                             1           0  0.22s           2026-08-30T19:54:46                      10
/home/mmirnezamina/de_final_project/airflowenv/lib/python3.10/site-packages/airflow/example_dags/example_branch_operator.py                                                           0           0  0.22s           2026-08-30T19:54:47                       3
/home/mmirnezamina/de_final_project/airflowenv/lib/python3.10/site-packages/airflow/example_dags/example_python_operator.py                                                           1           0  0.22s           2026-08-30T19:55:00                      10
/home/mmirnezamina/de_final_project/airflowenv/lib/python3.10/site-packages/airflow/example_dags/example_datasets.py                                                                 10           0  0.22s           2026-08-30T19:55:07                      49
/home/mmirnezamina/de_final_project/airflowenv/lib/python3.10/site-packages/airflow/example_dags/example_branch_python_dop_operator_3.py                                              1           0  0.19s           2026-08-30T19:54:46                      12
/home/mmirnezamina/de_final_project/airflowenv/lib/python3.10/site-packages/airflow/example_dags/example_inlet_event_extra.py                                                         2           0  0.19s           2026-08-30T19:55:04                      15
/home/mmirnezamina/de_final_project/airflowenv/lib/python3.10/site-packages/airflow/example_dags/example_skip_dag.py                                                                  1           0  0.19s           2026-08-30T19:54:53                      12
/home/mmirnezamina/de_final_project/airflowenv/lib/python3.10/site-packages/airflow/example_dags/example_xcomargs.py                                                                  2           0  0.19s           2026-08-30T19:54:50                      13
/home/mmirnezamina/de_final_project/airflowenv/lib/python3.10/site-packages/airflow/example_dags/example_latest_only.py                                                               1           0  0.18s           2026-08-30T19:55:02                      12
/home/mmirnezamina/de_final_project/airflowenv/lib/python3.10/site-packages/airflow/example_dags/example_outlet_event_extra.py                                                        3           0  0.17s           2026-08-30T19:55:01                      19
/home/mmirnezamina/de_final_project/airflowenv/lib/python3.10/site-packages/airflow/example_dags/example_params_ui_tutorial.py                                                        1           0  0.17s           2026-08-30T19:55:00                      10
/home/mmirnezamina/de_final_project/airflowenv/lib/python3.10/site-packages/airflow/example_dags/example_latest_only_with_trigger.py                                                  1           0  0.17s           2026-08-30T19:55:02                      12
/home/mmirnezamina/de_final_project/airflowenv/lib/python3.10/site-packages/airflow/example_dags/example_external_task_marker_dag.py                                                  2           0  0.17s           2026-08-30T19:55:04                      13
/home/mmirnezamina/de_final_project/airflowenv/lib/python3.10/site-packages/airflow/example_dags/example_short_circuit_operator.py                                                    1           0  0.17s           2026-08-30T19:54:53                      10
/home/mmirnezamina/de_final_project/airflowenv/lib/python3.10/site-packages/airflow/example_dags/tutorial.py                                                                          1           0  0.17s           2026-08-30T19:54:50                      12
/home/mmirnezamina/de_final_project/airflowenv/lib/python3.10/site-packages/airflow/example_dags/example_params_trigger_ui.py                                                         1           0  0.17s           2026-08-30T19:55:00                      10
/home/mmirnezamina/de_final_project/airflowenv/lib/python3.10/site-packages/airflow/example_dags/example_dataset_alias_with_no_taskflow.py                                            4           0  0.17s           2026-08-30T19:55:07                      27
/home/mmirnezamina/de_final_project/airflowenv/lib/python3.10/site-packages/airflow/example_dags/example_complex.py                                                                   1           0  0.17s           2026-08-30T19:54:45                      10
/home/mmirnezamina/de_final_project/airflowenv/lib/python3.10/site-packages/airflow/example_dags/example_sensors.py                                                                   1           0  0.16s           2026-08-30T19:54:58                      10
/home/mmirnezamina/de_final_project/airflowenv/lib/python3.10/site-packages/airflow/example_dags/example_setup_teardown_taskflow.py                                                   1           0  0.15s           2026-08-30T19:54:55                      10
/home/mmirnezamina/de_final_project/airflowenv/lib/python3.10/site-packages/airflow/example_dags/example_setup_teardown.py                                                            1           0  0.15s           2026-08-30T19:54:55                      10
/home/mmirnezamina/de_final_project/airflowenv/lib/python3.10/site-packages/airflow/example_dags/tutorial_taskflow_api_virtualenv.py                                                  0           0  0.15s           2026-08-30T19:54:50                       3
/home/mmirnezamina/de_final_project/airflowenv/lib/python3.10/site-packages/airflow/example_dags/tutorial_taskflow_templates.py                                                       1           0  0.15s           2026-08-30T19:54:50                      12
/home/mmirnezamina/de_final_project/airflowenv/lib/python3.10/site-packages/airflow/example_dags/example_sensor_decorator.py                                                          1           0  0.14s           2026-08-30T19:54:58                      10
/home/mmirnezamina/de_final_project/airflowenv/lib/python3.10/site-packages/airflow/example_dags/example_dynamic_task_mapping.py                                                      1           0  0.14s           2026-08-30T19:55:06                      10
/home/mmirnezamina/de_final_project/airflowenv/lib/python3.10/site-packages/airflow/example_dags/tutorial_dag.py                                                                      1           0  0.14s           2026-08-30T19:54:50                      10
/home/mmirnezamina/de_final_project/airflowenv/lib/python3.10/site-packages/airflow/example_dags/example_nested_branch_dag.py                                                         1           0  0.14s           2026-08-30T19:55:01                      12
/home/mmirnezamina/de_final_project/airflowenv/lib/python3.10/site-packages/airflow/example_dags/example_dynamic_task_mapping_with_no_taskflow_operators.py                           1           0  0.13s           2026-08-30T19:55:06                      10
/home/mmirnezamina/de_final_project/airflowenv/lib/python3.10/site-packages/airflow/example_dags/example_passing_params_via_test_command.py                                           1           0  0.13s           2026-08-30T19:54:59                      12
/home/mmirnezamina/de_final_project/airflowenv/lib/python3.10/site-packages/airflow/example_dags/example_short_circuit_decorator.py                                                   1           0  0.12s           2026-08-30T19:54:54                      10
/home/mmirnezamina/de_final_project/airflowenv/lib/python3.10/site-packages/airflow/example_dags/example_display_name.py                                                              1           0  0.12s           2026-08-30T19:55:06                      10
/home/mmirnezamina/de_final_project/airflowenv/lib/python3.10/site-packages/airflow/example_dags/tutorial_taskflow_api.py                                                             1           0  0.11s           2026-08-30T19:54:50                      10
/home/mmirnezamina/de_final_project/airflowenv/lib/python3.10/site-packages/airflow/example_dags/plugins/listener_plugin.py                                                           0           0  0.10s           2026-08-30T19:54:42                       3
/home/mmirnezamina/de_final_project/airflowenv/lib/python3.10/site-packages/airflow/example_dags/plugins/decreasing_priority_weight_strategy.py                                       0           0  0.08s           2026-08-30T19:54:43                       3
/home/mmirnezamina/de_final_project/airflowenv/lib/python3.10/site-packages/airflow/example_dags/plugins/workday.py                                                                   0           0  0.07s           2026-08-30T19:54:41                       3
/home/mmirnezamina/de_final_project/airflowenv/lib/python3.10/site-packages/airflow/example_dags/plugins/event_listener.py                                                            0           0  0.07s           2026-08-30T19:54:43                       3
/home/mmirnezamina/de_final_project/airflowenv/lib/python3.10/site-packages/airflow/example_dags/tutorial_objectstorage.py                                                            0           1  0.07s           2026-08-30T19:54:50                       5
/home/mmirnezamina/de_final_project/airflowenv/lib/python3.10/site-packages/airflow/example_dags/example_local_kubernetes_executor.py                                                 0           0  0.07s           2026-08-30T19:55:01                       3
/home/mmirnezamina/de_final_project/airflowenv/lib/python3.10/site-packages/airflow/example_dags/example_kubernetes_executor.py                                                       0           0  0.07s           2026-08-30T19:55:02                       3
/home/mmirnezamina/de_final_project/airflowenv/lib/python3.10/site-packages/airflow/example_dags/subdags/subdag.py                                           15902  0.01s             0           0  0.06s           2026-08-30T19:54:39                       3
================================================================================
[2026-08-30T23:25:39.981+0330] {manager.py:997} INFO - 
================================================================================
DAG File Processing Stats

File Path                                                                                                                                                      PID  Runtime      # DAGs    # Errors  Last Runtime    Last Run               Last # of DB Queries
-----------------------------------------------------------------------------------------------------------------------------------------------------------  -----  ---------  --------  ----------  --------------  -------------------  ----------------------
/home/mmirnezamina/de_final_project/airflowenv/lib/python3.10/site-packages/airflow/example_dags/example_subdag_operator.py                                                           3           0  0.59s           2026-08-30T19:55:24                      20
/home/mmirnezamina/de_final_project/airflowenv/lib/python3.10/site-packages/airflow/example_dags/example_bash_operator.py                                                             1           0  0.58s           2026-08-30T19:55:22                      12
/home/mmirnezamina/de_final_project/airflowenv/lib/python3.10/site-packages/airflow/example_dags/example_trigger_controller_dag.py                                                    1           0  0.54s           2026-08-30T19:55:23                      12
/home/mmirnezamina/de_final_project/airflowenv/lib/python3.10/site-packages/airflow/example_dags/example_task_group_decorator.py                                                      1           0  0.54s           2026-08-30T19:55:24                      10
/home/mmirnezamina/de_final_project/airflowenv/lib/python3.10/site-packages/airflow/example_dags/example_workday_timetable.py                                                         1           0  0.51s           2026-08-30T19:55:22                      12
/home/mmirnezamina/de_final_project/airflowenv/lib/python3.10/site-packages/airflow/example_dags/example_task_group.py                                                                1           0  0.50s           2026-08-30T19:55:24                      10
/home/mmirnezamina/de_final_project/airflowenv/lib/python3.10/site-packages/airflow/example_dags/example_xcom.py                                                                      1           0  0.47s           2026-08-30T19:55:22                      12
/home/mmirnezamina/de_final_project/airflowenv/lib/python3.10/site-packages/airflow/example_dags/example_setup_teardown.py                                                            1           0  0.46s           2026-08-30T19:55:26                      10
/home/mmirnezamina/de_final_project/airflowenv/lib/python3.10/site-packages/airflow/example_dags/example_trigger_target_dag.py                                                        1           0  0.46s           2026-08-30T19:55:23                      10
/home/mmirnezamina/de_final_project/airflowenv/lib/python3.10/site-packages/airflow/example_dags/example_skip_dag.py                                                                  1           0  0.46s           2026-08-30T19:55:25                      12
/home/mmirnezamina/de_final_project/airflowenv/lib/python3.10/site-packages/airflow/example_dags/example_sla_dag.py                                                                   1           0  0.45s           2026-08-30T19:55:25                      12
/home/mmirnezamina/de_final_project/airflowenv/lib/python3.10/site-packages/airflow/example_dags/example_time_delta_sensor_async.py                                                   1           0  0.45s           2026-08-30T19:55:23                      10
/home/mmirnezamina/de_final_project/airflowenv/lib/python3.10/site-packages/airflow/example_dags/example_branch_datetime_operator.py                                                  3           0  0.38s           2026-08-30T19:55:21                      18
/home/mmirnezamina/de_final_project/airflowenv/lib/python3.10/site-packages/airflow/example_dags/example_short_circuit_decorator.py                                                   1           0  0.37s           2026-08-30T19:55:26                      10
/home/mmirnezamina/de_final_project/airflowenv/lib/python3.10/site-packages/airflow/example_dags/example_bash_decorator.py                                                            1           0  0.37s           2026-08-30T19:55:26                      10
/home/mmirnezamina/de_final_project/airflowenv/lib/python3.10/site-packages/airflow/example_dags/example_setup_teardown_taskflow.py                                                   1           0  0.33s           2026-08-30T19:55:26                      10
/home/mmirnezamina/de_final_project/airflowenv/lib/python3.10/site-packages/airflow/example_dags/example_sensors.py                                                                   1           0  0.30s           2026-08-30T19:55:28                      10
/home/mmirnezamina/de_final_project/airflowenv/lib/python3.10/site-packages/airflow/example_dags/example_python_decorator.py                                                          1           0  0.30s           2026-08-30T19:55:29                      10
/home/mmirnezamina/de_final_project/airflowenv/lib/python3.10/site-packages/airflow/example_dags/example_short_circuit_operator.py                                                    1           0  0.29s           2026-08-30T19:55:25                      10
/home/mmirnezamina/de_final_project/airflowenv/lib/python3.10/site-packages/airflow/example_dags/example_branch_labels.py                                                             1           0  0.26s           2026-08-30T19:55:21                      12
/home/mmirnezamina/de_final_project/airflowenv/lib/python3.10/site-packages/airflow/example_dags/example_sensor_decorator.py                                                          1           0  0.26s           2026-08-30T19:55:28                      10
/home/mmirnezamina/de_final_project/airflowenv/lib/python3.10/site-packages/airflow/example_dags/example_python_operator.py                                                           1           0  0.25s           2026-08-30T19:55:30                      10
/home/mmirnezamina/de_final_project/airflowenv/lib/python3.10/site-packages/airflow/example_dags/example_datasets.py                                                                 10           0  0.25s           2026-08-30T19:55:38                      49
/home/mmirnezamina/de_final_project/airflowenv/lib/python3.10/site-packages/airflow/example_dags/example_xcomargs.py                                                                  2           0  0.22s           2026-08-30T19:55:21                      13
/home/mmirnezamina/de_final_project/airflowenv/lib/python3.10/site-packages/airflow/example_dags/example_params_ui_tutorial.py                                                        1           0  0.21s           2026-08-30T19:55:30                      10
/home/mmirnezamina/de_final_project/airflowenv/lib/python3.10/site-packages/airflow/example_dags/example_passing_params_via_test_command.py                                           1           0  0.20s           2026-08-30T19:55:29                      12
/home/mmirnezamina/de_final_project/airflowenv/lib/python3.10/site-packages/airflow/example_dags/example_dynamic_task_mapping.py                                                      1           0  0.20s           2026-08-30T19:55:36                      10
/home/mmirnezamina/de_final_project/airflowenv/lib/python3.10/site-packages/airflow/example_dags/tutorial.py                                                                          1           0  0.19s           2026-08-30T19:55:20                      12
/home/mmirnezamina/de_final_project/airflowenv/lib/python3.10/site-packages/airflow/example_dags/example_dataset_alias.py                                                             4           0  0.19s           2026-08-30T19:55:12                      27
/home/mmirnezamina/de_final_project/airflowenv/lib/python3.10/site-packages/airflow/example_dags/example_dynamic_task_mapping_with_no_taskflow_operators.py                           1           0  0.19s           2026-08-30T19:55:36                      10
/home/mmirnezamina/de_final_project/airflowenv/lib/python3.10/site-packages/airflow/example_dags/example_outlet_event_extra.py                                                        3           0  0.19s           2026-08-30T19:55:32                      19
/home/mmirnezamina/de_final_project/airflowenv/lib/python3.10/site-packages/airflow/example_dags/tutorial_taskflow_api.py                                                             1           0  0.19s           2026-08-30T19:55:20                      10
/home/mmirnezamina/de_final_project/airflowenv/lib/python3.10/site-packages/airflow/example_dags/example_dataset_alias_with_no_taskflow.py                                            4           0  0.18s           2026-08-30T19:55:37                      27
/home/mmirnezamina/de_final_project/airflowenv/lib/python3.10/site-packages/airflow/example_dags/tutorial_dag.py                                                                      1           0  0.17s           2026-08-30T19:55:20                      10
/home/mmirnezamina/de_final_project/airflowenv/lib/python3.10/site-packages/airflow/example_dags/example_nested_branch_dag.py                                                         1           0  0.17s           2026-08-30T19:55:32                      12
/home/mmirnezamina/de_final_project/airflowenv/lib/python3.10/site-packages/airflow/example_dags/example_dag_decorator.py                                                             1           0  0.16s           2026-08-30T19:55:16                      10
/home/mmirnezamina/de_final_project/airflowenv/lib/python3.10/site-packages/airflow/example_dags/example_params_trigger_ui.py                                                         1           0  0.16s           2026-08-30T19:55:31                      10
/home/mmirnezamina/de_final_project/airflowenv/lib/python3.10/site-packages/airflow/example_dags/example_latest_only.py                                                               1           0  0.15s           2026-08-30T19:55:33                      12
/home/mmirnezamina/de_final_project/airflowenv/lib/python3.10/site-packages/airflow/example_dags/tutorial_taskflow_api_virtualenv.py                                                  0           0  0.15s           2026-08-30T19:55:20                       3
/home/mmirnezamina/de_final_project/airflowenv/lib/python3.10/site-packages/airflow/example_dags/example_branch_python_dop_operator_3.py                                              1           0  0.15s           2026-08-30T19:55:16                      12
/home/mmirnezamina/de_final_project/airflowenv/lib/python3.10/site-packages/airflow/example_dags/example_branch_operator.py                                                           0           0  0.14s           2026-08-30T19:55:17                       3
/home/mmirnezamina/de_final_project/airflowenv/lib/python3.10/site-packages/airflow/example_dags/example_latest_only_with_trigger.py                                                  1           0  0.14s           2026-08-30T19:55:33                      12
/home/mmirnezamina/de_final_project/airflowenv/lib/python3.10/site-packages/airflow/example_dags/example_display_name.py                                                              1           0  0.14s           2026-08-30T19:55:36                      10
/home/mmirnezamina/de_final_project/airflowenv/lib/python3.10/site-packages/airflow/example_dags/example_inlet_event_extra.py                                                         2           0  0.13s           2026-08-30T19:55:34                      15
/home/mmirnezamina/de_final_project/airflowenv/lib/python3.10/site-packages/airflow/example_dags/example_branch_day_of_week_operator.py                                               1           0  0.12s           2026-08-30T19:55:19                      12
/home/mmirnezamina/de_final_project/airflowenv/lib/python3.10/site-packages/airflow/example_dags/example_branch_operator_decorator.py                                                 0           0  0.12s           2026-08-30T19:55:17                       3
/home/mmirnezamina/de_final_project/airflowenv/lib/python3.10/site-packages/airflow/example_dags/example_complex.py                                                                   1           0  0.12s           2026-08-30T19:55:15                      10
/home/mmirnezamina/de_final_project/airflowenv/lib/python3.10/site-packages/airflow/example_dags/example_external_task_marker_dag.py                                                  2           0  0.11s           2026-08-30T19:55:34                      13
/home/mmirnezamina/de_final_project/airflowenv/lib/python3.10/site-packages/airflow/example_dags/tutorial_taskflow_templates.py                                                       1           0  0.11s           2026-08-30T19:55:20                      12
/home/mmirnezamina/de_final_project/airflowenv/lib/python3.10/site-packages/airflow/example_dags/tutorial_objectstorage.py                                                            0           1  0.09s           2026-08-30T19:55:20                       5
/home/mmirnezamina/de_final_project/airflowenv/lib/python3.10/site-packages/airflow/example_dags/plugins/decreasing_priority_weight_strategy.py                                       0           0  0.07s           2026-08-30T19:55:13                       3
/home/mmirnezamina/de_final_project/airflowenv/lib/python3.10/site-packages/airflow/example_dags/plugins/event_listener.py                                                            0           0  0.07s           2026-08-30T19:55:13                       3
/home/mmirnezamina/de_final_project/airflowenv/lib/python3.10/site-packages/airflow/example_dags/plugins/listener_plugin.py                                                           0           0  0.06s           2026-08-30T19:55:12                       3
/home/mmirnezamina/de_final_project/airflowenv/lib/python3.10/site-packages/airflow/example_dags/example_local_kubernetes_executor.py                                                 0           0  0.06s           2026-08-30T19:55:32                       3
/home/mmirnezamina/de_final_project/airflowenv/lib/python3.10/site-packages/airflow/example_dags/example_kubernetes_executor.py                                                       0           0  0.06s           2026-08-30T19:55:33                       3
/home/mmirnezamina/de_final_project/airflowenv/lib/python3.10/site-packages/airflow/example_dags/subdags/subdag.py                                           16041  0.00s             0           0  0.06s           2026-08-30T19:55:09                       3
/home/mmirnezamina/de_final_project/airflowenv/lib/python3.10/site-packages/airflow/example_dags/plugins/workday.py                                                                   0           0  0.05s           2026-08-30T19:55:11                       3
================================================================================
[2026-08-30T23:26:10.362+0330] {manager.py:997} INFO - 
================================================================================
DAG File Processing Stats

File Path                                                                                                                                                      PID  Runtime      # DAGs    # Errors  Last Runtime    Last Run               Last # of DB Queries
-----------------------------------------------------------------------------------------------------------------------------------------------------------  -----  ---------  --------  ----------  --------------  -------------------  ----------------------
/home/mmirnezamina/de_final_project/airflowenv/lib/python3.10/site-packages/airflow/example_dags/example_datasets.py                                                                 10           0  0.24s           2026-08-30T19:56:08                      49
/home/mmirnezamina/de_final_project/airflowenv/lib/python3.10/site-packages/airflow/example_dags/example_branch_datetime_operator.py                                                  3           0  0.22s           2026-08-30T19:55:52                      18
/home/mmirnezamina/de_final_project/airflowenv/lib/python3.10/site-packages/airflow/example_dags/example_dataset_alias_with_no_taskflow.py                                            4           0  0.19s           2026-08-30T19:56:08                      27
/home/mmirnezamina/de_final_project/airflowenv/lib/python3.10/site-packages/airflow/example_dags/example_workday_timetable.py                                                         1           0  0.18s           2026-08-30T19:55:52                      12
/home/mmirnezamina/de_final_project/airflowenv/lib/python3.10/site-packages/airflow/example_dags/example_dynamic_task_mapping.py                                                      1           0  0.18s           2026-08-30T19:56:07                      10
/home/mmirnezamina/de_final_project/airflowenv/lib/python3.10/site-packages/airflow/example_dags/example_python_operator.py                                                           1           0  0.18s           2026-08-30T19:56:01                      10
/home/mmirnezamina/de_final_project/airflowenv/lib/python3.10/site-packages/airflow/example_dags/example_dynamic_task_mapping_with_no_taskflow_operators.py                           1           0  0.17s           2026-08-30T19:56:07                      10
/home/mmirnezamina/de_final_project/airflowenv/lib/python3.10/site-packages/airflow/example_dags/example_xcom.py                                                                      1           0  0.17s           2026-08-30T19:55:52                      12
/home/mmirnezamina/de_final_project/airflowenv/lib/python3.10/site-packages/airflow/example_dags/example_branch_labels.py                                                             1           0  0.16s           2026-08-30T19:55:52                      12
/home/mmirnezamina/de_final_project/airflowenv/lib/python3.10/site-packages/airflow/example_dags/example_branch_operator.py                                                           0           0  0.15s           2026-08-30T19:55:47                       3
/home/mmirnezamina/de_final_project/airflowenv/lib/python3.10/site-packages/airflow/example_dags/example_branch_operator_decorator.py                                                 0           0  0.15s           2026-08-30T19:55:47                       3
/home/mmirnezamina/de_final_project/airflowenv/lib/python3.10/site-packages/airflow/example_dags/example_xcomargs.py                                                                  2           0  0.15s           2026-08-30T19:55:52                      13
/home/mmirnezamina/de_final_project/airflowenv/lib/python3.10/site-packages/airflow/example_dags/example_dataset_alias.py                                                             4           0  0.14s           2026-08-30T19:55:43                      27
/home/mmirnezamina/de_final_project/airflowenv/lib/python3.10/site-packages/airflow/example_dags/example_python_decorator.py                                                          1           0  0.14s           2026-08-30T19:56:00                      10
/home/mmirnezamina/de_final_project/airflowenv/lib/python3.10/site-packages/airflow/example_dags/example_params_trigger_ui.py                                                         1           0  0.14s           2026-08-30T19:56:01                      10
/home/mmirnezamina/de_final_project/airflowenv/lib/python3.10/site-packages/airflow/example_dags/example_bash_operator.py                                                             1           0  0.14s           2026-08-30T19:55:53                      12
/home/mmirnezamina/de_final_project/airflowenv/lib/python3.10/site-packages/airflow/example_dags/example_subdag_operator.py                                                           3           0  0.14s           2026-08-30T19:55:55                      20
/home/mmirnezamina/de_final_project/airflowenv/lib/python3.10/site-packages/airflow/example_dags/example_dag_decorator.py                                                             1           0  0.14s           2026-08-30T19:55:47                      10
/home/mmirnezamina/de_final_project/airflowenv/lib/python3.10/site-packages/airflow/example_dags/example_outlet_event_extra.py                                                        3           0  0.13s           2026-08-30T19:56:02                      19
/home/mmirnezamina/de_final_project/airflowenv/lib/python3.10/site-packages/airflow/example_dags/tutorial_taskflow_api.py                                                             1           0  0.13s           2026-08-30T19:55:51                      10
/home/mmirnezamina/de_final_project/airflowenv/lib/python3.10/site-packages/airflow/example_dags/example_params_ui_tutorial.py                                                        1           0  0.13s           2026-08-30T19:56:01                      10
/home/mmirnezamina/de_final_project/airflowenv/lib/python3.10/site-packages/airflow/example_dags/tutorial_dag.py                                                                      1           0  0.13s           2026-08-30T19:55:51                      10
/home/mmirnezamina/de_final_project/airflowenv/lib/python3.10/site-packages/airflow/example_dags/example_skip_dag.py                                                                  1           0  0.13s           2026-08-30T19:55:55                      12
/home/mmirnezamina/de_final_project/airflowenv/lib/python3.10/site-packages/airflow/example_dags/example_display_name.py                                                              1           0  0.12s           2026-08-30T19:56:07                      10
/home/mmirnezamina/de_final_project/airflowenv/lib/python3.10/site-packages/airflow/example_dags/tutorial.py                                                                          1           0  0.12s           2026-08-30T19:55:51                      12
/home/mmirnezamina/de_final_project/airflowenv/lib/python3.10/site-packages/airflow/example_dags/example_inlet_event_extra.py                                                         2           0  0.12s           2026-08-30T19:56:04                      15
/home/mmirnezamina/de_final_project/airflowenv/lib/python3.10/site-packages/airflow/example_dags/example_bash_decorator.py                                                            1           0  0.12s           2026-08-30T19:55:57                      10
/home/mmirnezamina/de_final_project/airflowenv/lib/python3.10/site-packages/airflow/example_dags/example_sla_dag.py                                                                   1           0  0.12s           2026-08-30T19:55:55                      12
/home/mmirnezamina/de_final_project/airflowenv/lib/python3.10/site-packages/airflow/example_dags/example_short_circuit_operator.py                                                    1           0  0.12s           2026-08-30T19:55:55                      10
/home/mmirnezamina/de_final_project/airflowenv/lib/python3.10/site-packages/airflow/example_dags/example_setup_teardown.py                                                            1           0  0.12s           2026-08-30T19:55:57                      10
/home/mmirnezamina/de_final_project/airflowenv/lib/python3.10/site-packages/airflow/example_dags/example_short_circuit_decorator.py                                                   1           0  0.12s           2026-08-30T19:55:56                      10
/home/mmirnezamina/de_final_project/airflowenv/lib/python3.10/site-packages/airflow/example_dags/example_trigger_controller_dag.py                                                    1           0  0.11s           2026-08-30T19:55:54                      12
/home/mmirnezamina/de_final_project/airflowenv/lib/python3.10/site-packages/airflow/example_dags/example_latest_only.py                                                               1           0  0.11s           2026-08-30T19:56:03                      12
/home/mmirnezamina/de_final_project/airflowenv/lib/python3.10/site-packages/airflow/example_dags/example_nested_branch_dag.py                                                         1           0  0.11s           2026-08-30T19:56:02                      12
/home/mmirnezamina/de_final_project/airflowenv/lib/python3.10/site-packages/airflow/example_dags/example_branch_python_dop_operator_3.py                                              1           0  0.11s           2026-08-30T19:55:47                      12
/home/mmirnezamina/de_final_project/airflowenv/lib/python3.10/site-packages/airflow/example_dags/example_setup_teardown_taskflow.py                                                   1           0  0.11s           2026-08-30T19:55:57                      10
/home/mmirnezamina/de_final_project/airflowenv/lib/python3.10/site-packages/airflow/example_dags/example_external_task_marker_dag.py                                                  2           0  0.11s           2026-08-30T19:56:04                      13
/home/mmirnezamina/de_final_project/airflowenv/lib/python3.10/site-packages/airflow/example_dags/example_trigger_target_dag.py                                                        1           0  0.11s           2026-08-30T19:55:53                      10
/home/mmirnezamina/de_final_project/airflowenv/lib/python3.10/site-packages/airflow/example_dags/example_task_group.py                                                                1           0  0.11s           2026-08-30T19:55:55                      10
/home/mmirnezamina/de_final_project/airflowenv/lib/python3.10/site-packages/airflow/example_dags/example_latest_only_with_trigger.py                                                  1           0  0.11s           2026-08-30T19:56:03                      12
/home/mmirnezamina/de_final_project/airflowenv/lib/python3.10/site-packages/airflow/example_dags/example_sensors.py                                                                   1           0  0.11s           2026-08-30T19:55:59                      10
/home/mmirnezamina/de_final_project/airflowenv/lib/python3.10/site-packages/airflow/example_dags/example_complex.py                                                                   1           0  0.11s           2026-08-30T19:55:46                      10
/home/mmirnezamina/de_final_project/airflowenv/lib/python3.10/site-packages/airflow/example_dags/tutorial_taskflow_api_virtualenv.py                                                  0           0  0.10s           2026-08-30T19:55:50                       3
/home/mmirnezamina/de_final_project/airflowenv/lib/python3.10/site-packages/airflow/example_dags/example_task_group_decorator.py                                                      1           0  0.10s           2026-08-30T19:55:54                      10
/home/mmirnezamina/de_final_project/airflowenv/lib/python3.10/site-packages/airflow/example_dags/tutorial_taskflow_templates.py                                                       1           0  0.10s           2026-08-30T19:55:50                      12
/home/mmirnezamina/de_final_project/airflowenv/lib/python3.10/site-packages/airflow/example_dags/example_time_delta_sensor_async.py                                                   1           0  0.10s           2026-08-30T19:55:54                      10
/home/mmirnezamina/de_final_project/airflowenv/lib/python3.10/site-packages/airflow/example_dags/example_passing_params_via_test_command.py                                           1           0  0.09s           2026-08-30T19:56:00                      12
/home/mmirnezamina/de_final_project/airflowenv/lib/python3.10/site-packages/airflow/example_dags/example_sensor_decorator.py                                                          1           0  0.09s           2026-08-30T19:55:59                      10
/home/mmirnezamina/de_final_project/airflowenv/lib/python3.10/site-packages/airflow/example_dags/example_branch_day_of_week_operator.py                                               1           0  0.09s           2026-08-30T19:55:49                      12
/home/mmirnezamina/de_final_project/airflowenv/lib/python3.10/site-packages/airflow/example_dags/subdags/subdag.py                                           16159  0.00s             0           0  0.06s           2026-08-30T19:55:40                       3
/home/mmirnezamina/de_final_project/airflowenv/lib/python3.10/site-packages/airflow/example_dags/example_local_kubernetes_executor.py                                                 0           0  0.05s           2026-08-30T19:56:02                       3
/home/mmirnezamina/de_final_project/airflowenv/lib/python3.10/site-packages/airflow/example_dags/tutorial_objectstorage.py                                                            0           1  0.05s           2026-08-30T19:55:50                       5
/home/mmirnezamina/de_final_project/airflowenv/lib/python3.10/site-packages/airflow/example_dags/plugins/decreasing_priority_weight_strategy.py                                       0           0  0.05s           2026-08-30T19:55:44                       3
/home/mmirnezamina/de_final_project/airflowenv/lib/python3.10/site-packages/airflow/example_dags/plugins/event_listener.py                                                            0           0  0.05s           2026-08-30T19:55:44                       3
/home/mmirnezamina/de_final_project/airflowenv/lib/python3.10/site-packages/airflow/example_dags/plugins/listener_plugin.py                                                           0           0  0.05s           2026-08-30T19:55:43                       3
/home/mmirnezamina/de_final_project/airflowenv/lib/python3.10/site-packages/airflow/example_dags/plugins/workday.py                                                                   0           0  0.05s           2026-08-30T19:55:42                       3
/home/mmirnezamina/de_final_project/airflowenv/lib/python3.10/site-packages/airflow/example_dags/example_kubernetes_executor.py                                                       0           0  0.05s           2026-08-30T19:56:03                       3
================================================================================
[2026-08-30T23:26:40.583+0330] {manager.py:997} INFO - 
================================================================================
DAG File Processing Stats

File Path                                                                                                                                                      PID  Runtime      # DAGs    # Errors  Last Runtime    Last Run               Last # of DB Queries
-----------------------------------------------------------------------------------------------------------------------------------------------------------  -----  ---------  --------  ----------  --------------  -------------------  ----------------------
/home/mmirnezamina/de_final_project/airflowenv/lib/python3.10/site-packages/airflow/example_dags/example_branch_datetime_operator.py                                                  3           0  0.45s           2026-08-30T19:56:23                      18
/home/mmirnezamina/de_final_project/airflowenv/lib/python3.10/site-packages/airflow/example_dags/example_subdag_operator.py                                                           3           0  0.45s           2026-08-30T19:56:26                      20
/home/mmirnezamina/de_final_project/airflowenv/lib/python3.10/site-packages/airflow/example_dags/example_sla_dag.py                                                                   1           0  0.43s           2026-08-30T19:56:26                      12
/home/mmirnezamina/de_final_project/airflowenv/lib/python3.10/site-packages/airflow/example_dags/example_setup_teardown_taskflow.py                                                   1           0  0.42s           2026-08-30T19:56:27                      10
/home/mmirnezamina/de_final_project/airflowenv/lib/python3.10/site-packages/airflow/example_dags/example_skip_dag.py                                                                  1           0  0.42s           2026-08-30T19:56:26                      12
/home/mmirnezamina/de_final_project/airflowenv/lib/python3.10/site-packages/airflow/example_dags/example_bash_operator.py                                                             1           0  0.39s           2026-08-30T19:56:24                      12
/home/mmirnezamina/de_final_project/airflowenv/lib/python3.10/site-packages/airflow/example_dags/example_branch_labels.py                                                             1           0  0.38s           2026-08-30T19:56:23                      12
/home/mmirnezamina/de_final_project/airflowenv/lib/python3.10/site-packages/airflow/example_dags/example_short_circuit_operator.py                                                    1           0  0.38s           2026-08-30T19:56:27                      10
/home/mmirnezamina/de_final_project/airflowenv/lib/python3.10/site-packages/airflow/example_dags/example_short_circuit_decorator.py                                                   1           0  0.38s           2026-08-30T19:56:27                      10
/home/mmirnezamina/de_final_project/airflowenv/lib/python3.10/site-packages/airflow/example_dags/example_xcom.py                                                                      1           0  0.37s           2026-08-30T19:56:23                      12
/home/mmirnezamina/de_final_project/airflowenv/lib/python3.10/site-packages/airflow/example_dags/example_bash_decorator.py                                                            1           0  0.36s           2026-08-30T19:56:27                      10
/home/mmirnezamina/de_final_project/airflowenv/lib/python3.10/site-packages/airflow/example_dags/example_xcomargs.py                                                                  2           0  0.35s           2026-08-30T19:56:23                      13
/home/mmirnezamina/de_final_project/airflowenv/lib/python3.10/site-packages/airflow/example_dags/example_workday_timetable.py                                                         1           0  0.35s           2026-08-30T19:56:24                      12
/home/mmirnezamina/de_final_project/airflowenv/lib/python3.10/site-packages/airflow/example_dags/example_task_group.py                                                                1           0  0.35s           2026-08-30T19:56:26                      10
/home/mmirnezamina/de_final_project/airflowenv/lib/python3.10/site-packages/airflow/example_dags/example_trigger_target_dag.py                                                        1           0  0.33s           2026-08-30T19:56:24                      10
/home/mmirnezamina/de_final_project/airflowenv/lib/python3.10/site-packages/airflow/example_dags/example_setup_teardown.py                                                            1           0  0.33s           2026-08-30T19:56:28                      10
/home/mmirnezamina/de_final_project/airflowenv/lib/python3.10/site-packages/airflow/example_dags/example_time_delta_sensor_async.py                                                   1           0  0.31s           2026-08-30T19:56:25                      10
/home/mmirnezamina/de_final_project/airflowenv/lib/python3.10/site-packages/airflow/example_dags/example_task_group_decorator.py                                                      1           0  0.31s           2026-08-30T19:56:25                      10
/home/mmirnezamina/de_final_project/airflowenv/lib/python3.10/site-packages/airflow/example_dags/example_trigger_controller_dag.py                                                    1           0  0.30s           2026-08-30T19:56:25                      12
/home/mmirnezamina/de_final_project/airflowenv/lib/python3.10/site-packages/airflow/example_dags/tutorial_dag.py                                                                      1           0  0.29s           2026-08-30T19:56:22                      10
/home/mmirnezamina/de_final_project/airflowenv/lib/python3.10/site-packages/airflow/example_dags/tutorial.py                                                                          1           0  0.28s           2026-08-30T19:56:22                      12
/home/mmirnezamina/de_final_project/airflowenv/lib/python3.10/site-packages/airflow/example_dags/example_python_decorator.py                                                          1           0  0.28s           2026-08-30T19:56:30                      10
/home/mmirnezamina/de_final_project/airflowenv/lib/python3.10/site-packages/airflow/example_dags/tutorial_taskflow_api.py                                                             1           0  0.27s           2026-08-30T19:56:22                      10
/home/mmirnezamina/de_final_project/airflowenv/lib/python3.10/site-packages/airflow/example_dags/example_sensor_decorator.py                                                          1           0  0.26s           2026-08-30T19:56:29                      10
/home/mmirnezamina/de_final_project/airflowenv/lib/python3.10/site-packages/airflow/example_dags/example_sensors.py                                                                   1           0  0.26s           2026-08-30T19:56:29                      10
/home/mmirnezamina/de_final_project/airflowenv/lib/python3.10/site-packages/airflow/example_dags/tutorial_taskflow_api_virtualenv.py                                                  0           0  0.24s           2026-08-30T19:56:21                       3
/home/mmirnezamina/de_final_project/airflowenv/lib/python3.10/site-packages/airflow/example_dags/example_branch_operator.py                                                           0           0  0.23s           2026-08-30T19:56:18                       3
/home/mmirnezamina/de_final_project/airflowenv/lib/python3.10/site-packages/airflow/example_dags/example_branch_operator_decorator.py                                                 0           0  0.23s           2026-08-30T19:56:18                       3
/home/mmirnezamina/de_final_project/airflowenv/lib/python3.10/site-packages/airflow/example_dags/tutorial_taskflow_templates.py                                                       1           0  0.22s           2026-08-30T19:56:21                      12
/home/mmirnezamina/de_final_project/airflowenv/lib/python3.10/site-packages/airflow/example_dags/example_python_operator.py                                                           1           0  0.21s           2026-08-30T19:56:31                      10
/home/mmirnezamina/de_final_project/airflowenv/lib/python3.10/site-packages/airflow/example_dags/example_dag_decorator.py                                                             1           0  0.19s           2026-08-30T19:56:17                      10
/home/mmirnezamina/de_final_project/airflowenv/lib/python3.10/site-packages/airflow/example_dags/example_outlet_event_extra.py                                                        3           0  0.19s           2026-08-30T19:56:33                      19
/home/mmirnezamina/de_final_project/airflowenv/lib/python3.10/site-packages/airflow/example_dags/example_datasets.py                                                                 10           0  0.18s           2026-08-30T19:56:38                      49
/home/mmirnezamina/de_final_project/airflowenv/lib/python3.10/site-packages/airflow/example_dags/example_params_trigger_ui.py                                                         1           0  0.18s           2026-08-30T19:56:31                      10
/home/mmirnezamina/de_final_project/airflowenv/lib/python3.10/site-packages/airflow/example_dags/example_passing_params_via_test_command.py                                           1           0  0.18s           2026-08-30T19:56:30                      12
/home/mmirnezamina/de_final_project/airflowenv/lib/python3.10/site-packages/airflow/example_dags/example_branch_day_of_week_operator.py                                               1           0  0.17s           2026-08-30T19:56:20                      12
/home/mmirnezamina/de_final_project/airflowenv/lib/python3.10/site-packages/airflow/example_dags/example_branch_python_dop_operator_3.py                                              1           0  0.16s           2026-08-30T19:56:17                      12
/home/mmirnezamina/de_final_project/airflowenv/lib/python3.10/site-packages/airflow/example_dags/example_params_ui_tutorial.py                                                        1           0  0.16s           2026-08-30T19:56:31                      10
/home/mmirnezamina/de_final_project/airflowenv/lib/python3.10/site-packages/airflow/example_dags/example_nested_branch_dag.py                                                         1           0  0.15s           2026-08-30T19:56:32                      12
/home/mmirnezamina/de_final_project/airflowenv/lib/python3.10/site-packages/airflow/example_dags/example_dataset_alias_with_no_taskflow.py                                            4           0  0.14s           2026-08-30T19:56:38                      27
/home/mmirnezamina/de_final_project/airflowenv/lib/python3.10/site-packages/airflow/example_dags/example_complex.py                                                                   1           0  0.13s           2026-08-30T19:56:16                      10
/home/mmirnezamina/de_final_project/airflowenv/lib/python3.10/site-packages/airflow/example_dags/example_dataset_alias.py                                                             4           0  0.13s           2026-08-30T19:56:13                      27
/home/mmirnezamina/de_final_project/airflowenv/lib/python3.10/site-packages/airflow/example_dags/example_inlet_event_extra.py                                                         2           0  0.12s           2026-08-30T19:56:35                      15
/home/mmirnezamina/de_final_project/airflowenv/lib/python3.10/site-packages/airflow/example_dags/example_latest_only.py                                                               1           0  0.11s           2026-08-30T19:56:34                      12
/home/mmirnezamina/de_final_project/airflowenv/lib/python3.10/site-packages/airflow/example_dags/example_dynamic_task_mapping_with_no_taskflow_operators.py                           1           0  0.11s           2026-08-30T19:56:37                      10
/home/mmirnezamina/de_final_project/airflowenv/lib/python3.10/site-packages/airflow/example_dags/example_latest_only_with_trigger.py                                                  1           0  0.11s           2026-08-30T19:56:34                      12
/home/mmirnezamina/de_final_project/airflowenv/lib/python3.10/site-packages/airflow/example_dags/example_external_task_marker_dag.py                                                  2           0  0.10s           2026-08-30T19:56:35                      13
/home/mmirnezamina/de_final_project/airflowenv/lib/python3.10/site-packages/airflow/example_dags/tutorial_objectstorage.py                                                            0           1  0.10s           2026-08-30T19:56:21                       5
/home/mmirnezamina/de_final_project/airflowenv/lib/python3.10/site-packages/airflow/example_dags/example_dynamic_task_mapping.py                                                      1           0  0.09s           2026-08-30T19:56:37                      10
/home/mmirnezamina/de_final_project/airflowenv/lib/python3.10/site-packages/airflow/example_dags/example_display_name.py                                                              1           0  0.09s           2026-08-30T19:56:37                      10
/home/mmirnezamina/de_final_project/airflowenv/lib/python3.10/site-packages/airflow/example_dags/example_local_kubernetes_executor.py                                                 0           0  0.06s           2026-08-30T19:56:33                       3
/home/mmirnezamina/de_final_project/airflowenv/lib/python3.10/site-packages/airflow/example_dags/subdags/subdag.py                                           16278  0.00s             0           0  0.05s           2026-08-30T19:56:10                       3
/home/mmirnezamina/de_final_project/airflowenv/lib/python3.10/site-packages/airflow/example_dags/plugins/decreasing_priority_weight_strategy.py                                       0           0  0.05s           2026-08-30T19:56:14                       3
/home/mmirnezamina/de_final_project/airflowenv/lib/python3.10/site-packages/airflow/example_dags/plugins/listener_plugin.py                                                           0           0  0.05s           2026-08-30T19:56:13                       3
/home/mmirnezamina/de_final_project/airflowenv/lib/python3.10/site-packages/airflow/example_dags/example_kubernetes_executor.py                                                       0           0  0.05s           2026-08-30T19:56:34                       3
/home/mmirnezamina/de_final_project/airflowenv/lib/python3.10/site-packages/airflow/example_dags/plugins/workday.py                                                                   0           0  0.05s           2026-08-30T19:56:12                       3
/home/mmirnezamina/de_final_project/airflowenv/lib/python3.10/site-packages/airflow/example_dags/plugins/event_listener.py                                                            0           0  0.04s           2026-08-30T19:56:14                       3
================================================================================
[2026-08-30T23:27:01.960+0330] {manager.py:465} INFO - Exiting gracefully upon receiving signal 15
[2026-08-30T23:27:02.999+0330] {manager.py:465} INFO - Exiting gracefully upon receiving signal 15
[2026-08-30T23:27:26.473+0330] {manager.py:483} INFO - Processing files using up to 1 processes at a time 
[2026-08-30T23:27:26.475+0330] {manager.py:484} INFO - Process each file at most once every 30 seconds
[2026-08-30T23:27:26.476+0330] {manager.py:485} INFO - Checking for new files in /home/mmirnezamina/de_final_project/airflow/dags every 300 seconds
[2026-08-30T23:27:26.477+0330] {manager.py:821} INFO - Searching for files in /home/mmirnezamina/de_final_project/airflow/dags
[2026-08-30T23:27:26.548+0330] {manager.py:824} INFO - There are 58 files in /home/mmirnezamina/de_final_project/airflow/dags
[2026-08-30T23:27:27.654+0330] {manager.py:997} INFO - 
================================================================================
DAG File Processing Stats

File Path                                                                                                                                                    PID    Runtime      # DAGs    # Errors  Last Runtime    Last Run               Last # of DB Queries
-----------------------------------------------------------------------------------------------------------------------------------------------------------  -----  ---------  --------  ----------  --------------  -------------------  ----------------------
/home/mmirnezamina/de_final_project/airflow/dags/northwind_pipeline.py                                                                                                                1           0  0.93s           2026-08-30T19:57:27                      45
/home/mmirnezamina/de_final_project/airflowenv/lib/python3.10/site-packages/airflow/example_dags/example_setup_teardown_taskflow.py                                                   0           0                                                            0
/home/mmirnezamina/de_final_project/airflowenv/lib/python3.10/site-packages/airflow/example_dags/example_workday_timetable.py                                                         0           0                                                            0
/home/mmirnezamina/de_final_project/airflowenv/lib/python3.10/site-packages/airflow/example_dags/example_external_task_marker_dag.py                                                  0           0                                                            0
/home/mmirnezamina/de_final_project/airflowenv/lib/python3.10/site-packages/airflow/example_dags/example_outlet_event_extra.py                                                        0           0                                                            0
/home/mmirnezamina/de_final_project/airflowenv/lib/python3.10/site-packages/airflow/example_dags/example_params_ui_tutorial.py                                                        0           0                                                            0
/home/mmirnezamina/de_final_project/airflowenv/lib/python3.10/site-packages/airflow/example_dags/example_sensors.py                                                                   0           0                                                            0
/home/mmirnezamina/de_final_project/airflowenv/lib/python3.10/site-packages/airflow/example_dags/example_python_operator.py                                                           0           0                                                            0
/home/mmirnezamina/de_final_project/airflowenv/lib/python3.10/site-packages/airflow/example_dags/example_branch_datetime_operator.py                                                  0           0                                                            0
/home/mmirnezamina/de_final_project/airflowenv/lib/python3.10/site-packages/airflow/example_dags/example_datasets.py                                                                  0           0                                                            0
/home/mmirnezamina/de_final_project/airflowenv/lib/python3.10/site-packages/airflow/example_dags/example_bash_decorator.py                                                            0           0                                                            0
/home/mmirnezamina/de_final_project/airflowenv/lib/python3.10/site-packages/airflow/example_dags/example_branch_day_of_week_operator.py                                               0           0                                                            0
/home/mmirnezamina/de_final_project/airflowenv/lib/python3.10/site-packages/airflow/example_dags/example_kubernetes_executor.py                                                       0           0                                                            0
/home/mmirnezamina/de_final_project/airflowenv/lib/python3.10/site-packages/airflow/example_dags/example_inlet_event_extra.py                                                         0           0                                                            0
/home/mmirnezamina/de_final_project/airflowenv/lib/python3.10/site-packages/airflow/example_dags/example_dynamic_task_mapping.py                                                      0           0                                                            0
/home/mmirnezamina/de_final_project/airflowenv/lib/python3.10/site-packages/airflow/example_dags/example_display_name.py                                                              0           0                                                            0
/home/mmirnezamina/de_final_project/airflowenv/lib/python3.10/site-packages/airflow/example_dags/example_latest_only_with_trigger.py                                                  0           0                                                            0
/home/mmirnezamina/de_final_project/airflowenv/lib/python3.10/site-packages/airflow/example_dags/example_dataset_alias.py                                                             0           0                                                            0
/home/mmirnezamina/de_final_project/airflowenv/lib/python3.10/site-packages/airflow/example_dags/example_short_circuit_operator.py                                                    0           0                                                            0
/home/mmirnezamina/de_final_project/airflowenv/lib/python3.10/site-packages/airflow/example_dags/example_trigger_target_dag.py                                                        0           0                                                            0
/home/mmirnezamina/de_final_project/airflowenv/lib/python3.10/site-packages/airflow/example_dags/example_branch_python_dop_operator_3.py                                              0           0                                                            0
/home/mmirnezamina/de_final_project/airflowenv/lib/python3.10/site-packages/airflow/example_dags/example_task_group_decorator.py                                                      0           0                                                            0
/home/mmirnezamina/de_final_project/airflowenv/lib/python3.10/site-packages/airflow/example_dags/example_short_circuit_decorator.py                                                   0           0                                                            0
/home/mmirnezamina/de_final_project/airflowenv/lib/python3.10/site-packages/airflow/example_dags/tutorial_taskflow_api_virtualenv.py                                                  0           0                                                            0
/home/mmirnezamina/de_final_project/airflowenv/lib/python3.10/site-packages/airflow/example_dags/tutorial_dag.py                                                                      0           0                                                            0
/home/mmirnezamina/de_final_project/airflowenv/lib/python3.10/site-packages/airflow/example_dags/example_local_kubernetes_executor.py                                                 0           0                                                            0
/home/mmirnezamina/de_final_project/airflowenv/lib/python3.10/site-packages/airflow/example_dags/example_branch_operator.py                                                           0           0                                                            0
/home/mmirnezamina/de_final_project/airflowenv/lib/python3.10/site-packages/airflow/example_dags/example_branch_labels.py                                                             0           0                                                            0
/home/mmirnezamina/de_final_project/airflowenv/lib/python3.10/site-packages/airflow/example_dags/example_dynamic_task_mapping_with_no_taskflow_operators.py                           0           0                                                            0
/home/mmirnezamina/de_final_project/airflowenv/lib/python3.10/site-packages/airflow/example_dags/example_params_trigger_ui.py                                                         0           0                                                            0
/home/mmirnezamina/de_final_project/airflowenv/lib/python3.10/site-packages/airflow/example_dags/example_sensor_decorator.py                                                          0           0                                                            0
/home/mmirnezamina/de_final_project/airflowenv/lib/python3.10/site-packages/airflow/example_dags/example_task_group.py                                                                0           0                                                            0
/home/mmirnezamina/de_final_project/airflowenv/lib/python3.10/site-packages/airflow/example_dags/example_complex.py                                                                   0           0                                                            0
/home/mmirnezamina/de_final_project/airflowenv/lib/python3.10/site-packages/airflow/example_dags/tutorial_taskflow_api.py                                                             0           0                                                            0
/home/mmirnezamina/de_final_project/airflowenv/lib/python3.10/site-packages/airflow/example_dags/tutorial.py                                                                          0           0                                                            0
/home/mmirnezamina/de_final_project/airflowenv/lib/python3.10/site-packages/airflow/example_dags/example_latest_only.py                                                               0           0                                                            0
/home/mmirnezamina/de_final_project/airflowenv/lib/python3.10/site-packages/airflow/example_dags/example_dataset_alias_with_no_taskflow.py                                            0           0                                                            0
/home/mmirnezamina/de_final_project/airflowenv/lib/python3.10/site-packages/airflow/example_dags/example_time_delta_sensor_async.py                                                   0           0                                                            0
/home/mmirnezamina/de_final_project/airflowenv/lib/python3.10/site-packages/airflow/example_dags/example_dag_decorator.py                                                             0           0                                                            0
/home/mmirnezamina/de_final_project/airflowenv/lib/python3.10/site-packages/airflow/example_dags/example_subdag_operator.py                                                           0           0                                                            0
/home/mmirnezamina/de_final_project/airflowenv/lib/python3.10/site-packages/airflow/example_dags/example_xcomargs.py                                                                  0           0                                                            0
/home/mmirnezamina/de_final_project/airflowenv/lib/python3.10/site-packages/airflow/example_dags/example_bash_operator.py                                                             0           0                                                            0
/home/mmirnezamina/de_final_project/airflowenv/lib/python3.10/site-packages/airflow/example_dags/example_xcom.py                                                                      0           0                                                            0
/home/mmirnezamina/de_final_project/airflowenv/lib/python3.10/site-packages/airflow/example_dags/example_skip_dag.py                                                                  0           0                                                            0
/home/mmirnezamina/de_final_project/airflowenv/lib/python3.10/site-packages/airflow/example_dags/example_python_decorator.py                                                          0           0                                                            0
/home/mmirnezamina/de_final_project/airflowenv/lib/python3.10/site-packages/airflow/example_dags/tutorial_objectstorage.py                                                            0           0                                                            0
/home/mmirnezamina/de_final_project/airflowenv/lib/python3.10/site-packages/airflow/example_dags/example_trigger_controller_dag.py                                                    0           0                                                            0
/home/mmirnezamina/de_final_project/airflowenv/lib/python3.10/site-packages/airflow/example_dags/example_branch_operator_decorator.py                                                 0           0                                                            0
/home/mmirnezamina/de_final_project/airflowenv/lib/python3.10/site-packages/airflow/example_dags/example_setup_teardown.py                                                            0           0                                                            0
/home/mmirnezamina/de_final_project/airflowenv/lib/python3.10/site-packages/airflow/example_dags/tutorial_taskflow_templates.py                                                       0           0                                                            0
/home/mmirnezamina/de_final_project/airflowenv/lib/python3.10/site-packages/airflow/example_dags/example_nested_branch_dag.py                                                         0           0                                                            0
/home/mmirnezamina/de_final_project/airflowenv/lib/python3.10/site-packages/airflow/example_dags/example_passing_params_via_test_command.py                                           0           0                                                            0
/home/mmirnezamina/de_final_project/airflowenv/lib/python3.10/site-packages/airflow/example_dags/example_sla_dag.py                                                                   0           0                                                            0
/home/mmirnezamina/de_final_project/airflowenv/lib/python3.10/site-packages/airflow/example_dags/subdags/subdag.py                                                                    0           0                                                            0
/home/mmirnezamina/de_final_project/airflowenv/lib/python3.10/site-packages/airflow/example_dags/plugins/decreasing_priority_weight_strategy.py                                       0           0                                                            0
/home/mmirnezamina/de_final_project/airflowenv/lib/python3.10/site-packages/airflow/example_dags/plugins/event_listener.py                                                            0           0                                                            0
/home/mmirnezamina/de_final_project/airflowenv/lib/python3.10/site-packages/airflow/example_dags/plugins/workday.py                                                                   0           0                                                            0
/home/mmirnezamina/de_final_project/airflowenv/lib/python3.10/site-packages/airflow/example_dags/plugins/listener_plugin.py                                                           0           0                                                            0
================================================================================
[2026-08-30T23:27:57.719+0330] {manager.py:997} INFO - 
================================================================================
DAG File Processing Stats

File Path                                                                                                                                                    PID    Runtime      # DAGs    # Errors  Last Runtime    Last Run               Last # of DB Queries
-----------------------------------------------------------------------------------------------------------------------------------------------------------  -----  ---------  --------  ----------  --------------  -------------------  ----------------------
/home/mmirnezamina/de_final_project/airflowenv/lib/python3.10/site-packages/airflow/example_dags/tutorial_taskflow_templates.py                                                       1           0  2.42s           2026-08-30T19:57:37                      45
/home/mmirnezamina/de_final_project/airflowenv/lib/python3.10/site-packages/airflow/example_dags/example_subdag_operator.py                                                           3           0  1.25s           2026-08-30T19:57:57                      53
/home/mmirnezamina/de_final_project/airflowenv/lib/python3.10/site-packages/airflow/example_dags/example_task_group.py                                                                1           0  1.25s           2026-08-30T19:57:55                      43
/home/mmirnezamina/de_final_project/airflow/dags/northwind_pipeline.py                                                                                                                1           0  0.93s           2026-08-30T19:57:27                      45
/home/mmirnezamina/de_final_project/airflowenv/lib/python3.10/site-packages/airflow/example_dags/example_task_group_decorator.py                                                      1           0  0.71s           2026-08-30T19:57:53                      43
/home/mmirnezamina/de_final_project/airflowenv/lib/python3.10/site-packages/airflow/example_dags/example_xcom.py                                                                      1           0  0.51s           2026-08-30T19:57:46                      45
/home/mmirnezamina/de_final_project/airflowenv/lib/python3.10/site-packages/airflow/example_dags/example_xcomargs.py                                                                  2           0  0.51s           2026-08-30T19:57:45                      79
/home/mmirnezamina/de_final_project/airflowenv/lib/python3.10/site-packages/airflow/example_dags/tutorial_taskflow_api.py                                                             1           0  0.51s           2026-08-30T19:57:40                      43
/home/mmirnezamina/de_final_project/airflowenv/lib/python3.10/site-packages/airflow/example_dags/example_workday_timetable.py                                                         1           0  0.41s           2026-08-30T19:57:48                      45
/home/mmirnezamina/de_final_project/airflowenv/lib/python3.10/site-packages/airflow/example_dags/example_time_delta_sensor_async.py                                                   1           0  0.41s           2026-08-30T19:57:51                      43
/home/mmirnezamina/de_final_project/airflowenv/lib/python3.10/site-packages/airflow/example_dags/tutorial.py                                                                          1           0  0.41s           2026-08-30T19:57:43                      45
/home/mmirnezamina/de_final_project/airflowenv/lib/python3.10/site-packages/airflow/example_dags/plugins/listener_plugin.py                                                           0           0  0.33s           2026-08-30T19:57:31                       3
/home/mmirnezamina/de_final_project/airflowenv/lib/python3.10/site-packages/airflow/example_dags/example_trigger_target_dag.py                                                        1           0  0.31s           2026-08-30T19:57:48                      43
/home/mmirnezamina/de_final_project/airflowenv/lib/python3.10/site-packages/airflow/example_dags/example_trigger_controller_dag.py                                                    1           0  0.31s           2026-08-30T19:57:50                      45
/home/mmirnezamina/de_final_project/airflowenv/lib/python3.10/site-packages/airflow/example_dags/tutorial_dag.py                                                                      1           0  0.31s           2026-08-30T19:57:42                      43
/home/mmirnezamina/de_final_project/airflowenv/lib/python3.10/site-packages/airflow/example_dags/subdags/subdag.py                                                                    0           0  0.22s           2026-08-30T19:57:28                       3
/home/mmirnezamina/de_final_project/airflowenv/lib/python3.10/site-packages/airflow/example_dags/plugins/event_listener.py                                                            0           0  0.21s           2026-08-30T19:57:33                       3
/home/mmirnezamina/de_final_project/airflowenv/lib/python3.10/site-packages/airflow/example_dags/tutorial_taskflow_api_virtualenv.py                                                  0           0  0.21s           2026-08-30T19:57:39                       3
/home/mmirnezamina/de_final_project/airflowenv/lib/python3.10/site-packages/airflow/example_dags/plugins/workday.py                                                                   0           0  0.12s           2026-08-30T19:57:30                       3
/home/mmirnezamina/de_final_project/airflowenv/lib/python3.10/site-packages/airflow/example_dags/plugins/decreasing_priority_weight_strategy.py                                       0           0  0.11s           2026-08-30T19:57:34                       3
/home/mmirnezamina/de_final_project/airflowenv/lib/python3.10/site-packages/airflow/example_dags/tutorial_objectstorage.py                                                            0           1  0.10s           2026-08-30T19:57:41                       3
/home/mmirnezamina/de_final_project/airflowenv/lib/python3.10/site-packages/airflow/example_dags/example_setup_teardown_taskflow.py                                                   0           0                                                            0
/home/mmirnezamina/de_final_project/airflowenv/lib/python3.10/site-packages/airflow/example_dags/example_external_task_marker_dag.py                                                  0           0                                                            0
/home/mmirnezamina/de_final_project/airflowenv/lib/python3.10/site-packages/airflow/example_dags/example_outlet_event_extra.py                                                        0           0                                                            0
/home/mmirnezamina/de_final_project/airflowenv/lib/python3.10/site-packages/airflow/example_dags/example_params_ui_tutorial.py                                                        0           0                                                            0
/home/mmirnezamina/de_final_project/airflowenv/lib/python3.10/site-packages/airflow/example_dags/example_sensors.py                                                                   0           0                                                            0
/home/mmirnezamina/de_final_project/airflowenv/lib/python3.10/site-packages/airflow/example_dags/example_python_operator.py                                                           0           0                                                            0
/home/mmirnezamina/de_final_project/airflowenv/lib/python3.10/site-packages/airflow/example_dags/example_branch_datetime_operator.py                                                  0           0                                                            0
/home/mmirnezamina/de_final_project/airflowenv/lib/python3.10/site-packages/airflow/example_dags/example_datasets.py                                                                  0           0                                                            0
/home/mmirnezamina/de_final_project/airflowenv/lib/python3.10/site-packages/airflow/example_dags/example_bash_decorator.py                                                            0           0                                                            0
/home/mmirnezamina/de_final_project/airflowenv/lib/python3.10/site-packages/airflow/example_dags/example_branch_day_of_week_operator.py                                               0           0                                                            0
/home/mmirnezamina/de_final_project/airflowenv/lib/python3.10/site-packages/airflow/example_dags/example_kubernetes_executor.py                                                       0           0                                                            0
/home/mmirnezamina/de_final_project/airflowenv/lib/python3.10/site-packages/airflow/example_dags/example_inlet_event_extra.py                                                         0           0                                                            0
/home/mmirnezamina/de_final_project/airflowenv/lib/python3.10/site-packages/airflow/example_dags/example_dynamic_task_mapping.py                                                      0           0                                                            0
/home/mmirnezamina/de_final_project/airflowenv/lib/python3.10/site-packages/airflow/example_dags/example_display_name.py                                                              0           0                                                            0
/home/mmirnezamina/de_final_project/airflowenv/lib/python3.10/site-packages/airflow/example_dags/example_latest_only_with_trigger.py                                                  0           0                                                            0
/home/mmirnezamina/de_final_project/airflowenv/lib/python3.10/site-packages/airflow/example_dags/example_dataset_alias.py                                                             0           0                                                            0
/home/mmirnezamina/de_final_project/airflowenv/lib/python3.10/site-packages/airflow/example_dags/example_short_circuit_operator.py                                                    0           0                                                            0
/home/mmirnezamina/de_final_project/airflowenv/lib/python3.10/site-packages/airflow/example_dags/example_branch_python_dop_operator_3.py                                              0           0                                                            0
/home/mmirnezamina/de_final_project/airflowenv/lib/python3.10/site-packages/airflow/example_dags/example_short_circuit_decorator.py                                                   0           0                                                            0
/home/mmirnezamina/de_final_project/airflowenv/lib/python3.10/site-packages/airflow/example_dags/example_local_kubernetes_executor.py                                                 0           0                                                            0
/home/mmirnezamina/de_final_project/airflowenv/lib/python3.10/site-packages/airflow/example_dags/example_branch_operator.py                                                           0           0                                                            0
/home/mmirnezamina/de_final_project/airflowenv/lib/python3.10/site-packages/airflow/example_dags/example_branch_labels.py                                                             0           0                                                            0
/home/mmirnezamina/de_final_project/airflowenv/lib/python3.10/site-packages/airflow/example_dags/example_dynamic_task_mapping_with_no_taskflow_operators.py                           0           0                                                            0
/home/mmirnezamina/de_final_project/airflowenv/lib/python3.10/site-packages/airflow/example_dags/example_params_trigger_ui.py                                                         0           0                                                            0
/home/mmirnezamina/de_final_project/airflowenv/lib/python3.10/site-packages/airflow/example_dags/example_sensor_decorator.py                                                          0           0                                                            0
/home/mmirnezamina/de_final_project/airflowenv/lib/python3.10/site-packages/airflow/example_dags/example_complex.py                                                                   0           0                                                            0
/home/mmirnezamina/de_final_project/airflowenv/lib/python3.10/site-packages/airflow/example_dags/example_latest_only.py                                                               0           0                                                            0
/home/mmirnezamina/de_final_project/airflowenv/lib/python3.10/site-packages/airflow/example_dags/example_dataset_alias_with_no_taskflow.py                                            0           0                                                            0
/home/mmirnezamina/de_final_project/airflowenv/lib/python3.10/site-packages/airflow/example_dags/example_dag_decorator.py                                                             0           0                                                            0
/home/mmirnezamina/de_final_project/airflowenv/lib/python3.10/site-packages/airflow/example_dags/example_bash_operator.py                                                             0           0                                                            0
/home/mmirnezamina/de_final_project/airflowenv/lib/python3.10/site-packages/airflow/example_dags/example_skip_dag.py                                                                  0           0                                                            0
/home/mmirnezamina/de_final_project/airflowenv/lib/python3.10/site-packages/airflow/example_dags/example_python_decorator.py                                                          0           0                                                            0
/home/mmirnezamina/de_final_project/airflowenv/lib/python3.10/site-packages/airflow/example_dags/example_branch_operator_decorator.py                                                 0           0                                                            0
/home/mmirnezamina/de_final_project/airflowenv/lib/python3.10/site-packages/airflow/example_dags/example_setup_teardown.py                                                            0           0                                                            0
/home/mmirnezamina/de_final_project/airflowenv/lib/python3.10/site-packages/airflow/example_dags/example_nested_branch_dag.py                                                         0           0                                                            0
/home/mmirnezamina/de_final_project/airflowenv/lib/python3.10/site-packages/airflow/example_dags/example_passing_params_via_test_command.py                                           0           0                                                            0
/home/mmirnezamina/de_final_project/airflowenv/lib/python3.10/site-packages/airflow/example_dags/example_sla_dag.py                                                                   0           0                                                            0
================================================================================
[2026-08-30T23:28:28.142+0330] {manager.py:997} INFO - 
================================================================================
DAG File Processing Stats

File Path                                                                                                                                                    PID    Runtime      # DAGs    # Errors  Last Runtime    Last Run               Last # of DB Queries
-----------------------------------------------------------------------------------------------------------------------------------------------------------  -----  ---------  --------  ----------  --------------  -------------------  ----------------------
/home/mmirnezamina/de_final_project/airflowenv/lib/python3.10/site-packages/airflow/example_dags/tutorial_taskflow_templates.py                                                       1           0  2.42s           2026-08-30T19:57:37                      45
/home/mmirnezamina/de_final_project/airflowenv/lib/python3.10/site-packages/airflow/example_dags/example_subdag_operator.py                                                           3           0  1.25s           2026-08-30T19:57:57                      53
/home/mmirnezamina/de_final_project/airflowenv/lib/python3.10/site-packages/airflow/example_dags/example_task_group.py                                                                1           0  1.25s           2026-08-30T19:57:55                      43
/home/mmirnezamina/de_final_project/airflowenv/lib/python3.10/site-packages/airflow/example_dags/example_sla_dag.py                                                                   1           0  1.22s           2026-08-30T19:57:59                      45
/home/mmirnezamina/de_final_project/airflowenv/lib/python3.10/site-packages/airflow/example_dags/example_latest_only.py                                                               1           0  1.01s           2026-08-30T19:58:23                      45
/home/mmirnezamina/de_final_project/airflow/dags/northwind_pipeline.py                                                                                                                1           0  0.93s           2026-08-30T19:57:27                      45
/home/mmirnezamina/de_final_project/airflowenv/lib/python3.10/site-packages/airflow/example_dags/example_skip_dag.py                                                                  1           0  0.91s           2026-08-30T19:58:01                      45
/home/mmirnezamina/de_final_project/airflowenv/lib/python3.10/site-packages/airflow/example_dags/example_short_circuit_operator.py                                                    1           0  0.82s           2026-08-30T19:58:03                      43
/home/mmirnezamina/de_final_project/airflowenv/lib/python3.10/site-packages/airflow/example_dags/example_inlet_event_extra.py                                                         2           0  0.81s           2026-08-30T19:58:26                      81
/home/mmirnezamina/de_final_project/airflowenv/lib/python3.10/site-packages/airflow/example_dags/example_sensors.py                                                                   1           0  0.72s           2026-08-30T19:58:08                      43
/home/mmirnezamina/de_final_project/airflowenv/lib/python3.10/site-packages/airflow/example_dags/example_task_group_decorator.py                                                      1           0  0.71s           2026-08-30T19:57:53                      43
/home/mmirnezamina/de_final_project/airflowenv/lib/python3.10/site-packages/airflow/example_dags/example_passing_params_via_test_command.py                                           1           0  0.71s           2026-08-30T19:58:13                      45
/home/mmirnezamina/de_final_project/airflowenv/lib/python3.10/site-packages/airflow/example_dags/example_outlet_event_extra.py                                                        3           0  0.71s           2026-08-30T19:58:18                     118
/home/mmirnezamina/de_final_project/airflowenv/lib/python3.10/site-packages/airflow/example_dags/example_params_ui_tutorial.py                                                        1           0  0.61s           2026-08-30T19:58:15                      43
/home/mmirnezamina/de_final_project/airflowenv/lib/python3.10/site-packages/airflow/example_dags/example_external_task_marker_dag.py                                                  2           0  0.61s           2026-08-30T19:58:28                      79
/home/mmirnezamina/de_final_project/airflowenv/lib/python3.10/site-packages/airflow/example_dags/example_params_trigger_ui.py                                                         1           0  0.51s           2026-08-30T19:58:16                      43
/home/mmirnezamina/de_final_project/airflowenv/lib/python3.10/site-packages/airflow/example_dags/example_xcom.py                                                                      1           0  0.51s           2026-08-30T19:57:46                      45
/home/mmirnezamina/de_final_project/airflowenv/lib/python3.10/site-packages/airflow/example_dags/example_python_decorator.py                                                          1           0  0.51s           2026-08-30T19:58:12                      43
/home/mmirnezamina/de_final_project/airflowenv/lib/python3.10/site-packages/airflow/example_dags/example_python_operator.py                                                           1           0  0.51s           2026-08-30T19:58:11                      43
/home/mmirnezamina/de_final_project/airflowenv/lib/python3.10/site-packages/airflow/example_dags/example_setup_teardown_taskflow.py                                                   1           0  0.51s           2026-08-30T19:58:06                      43
/home/mmirnezamina/de_final_project/airflowenv/lib/python3.10/site-packages/airflow/example_dags/example_xcomargs.py                                                                  2           0  0.51s           2026-08-30T19:57:45                      79
/home/mmirnezamina/de_final_project/airflowenv/lib/python3.10/site-packages/airflow/example_dags/tutorial_taskflow_api.py                                                             1           0  0.51s           2026-08-30T19:57:40                      43
/home/mmirnezamina/de_final_project/airflowenv/lib/python3.10/site-packages/airflow/example_dags/example_short_circuit_decorator.py                                                   1           0  0.41s           2026-08-30T19:58:04                      43
/home/mmirnezamina/de_final_project/airflowenv/lib/python3.10/site-packages/airflow/example_dags/example_workday_timetable.py                                                         1           0  0.41s           2026-08-30T19:57:48                      45
/home/mmirnezamina/de_final_project/airflowenv/lib/python3.10/site-packages/airflow/example_dags/example_time_delta_sensor_async.py                                                   1           0  0.41s           2026-08-30T19:57:51                      43
/home/mmirnezamina/de_final_project/airflowenv/lib/python3.10/site-packages/airflow/example_dags/tutorial.py                                                                          1           0  0.41s           2026-08-30T19:57:43                      45
/home/mmirnezamina/de_final_project/airflowenv/lib/python3.10/site-packages/airflow/example_dags/example_setup_teardown.py                                                            1           0  0.41s           2026-08-30T19:58:06                      43
/home/mmirnezamina/de_final_project/airflowenv/lib/python3.10/site-packages/airflow/example_dags/example_nested_branch_dag.py                                                         1           0  0.41s           2026-08-30T19:58:19                      45
/home/mmirnezamina/de_final_project/airflowenv/lib/python3.10/site-packages/airflow/example_dags/example_latest_only_with_trigger.py                                                  1           0  0.40s           2026-08-30T19:58:21                      45
/home/mmirnezamina/de_final_project/airflowenv/lib/python3.10/site-packages/airflow/example_dags/plugins/listener_plugin.py                                                           0           0  0.33s           2026-08-30T19:57:31                       3
/home/mmirnezamina/de_final_project/airflowenv/lib/python3.10/site-packages/airflow/example_dags/example_sensor_decorator.py                                                          1           0  0.32s           2026-08-30T19:58:09                      43
/home/mmirnezamina/de_final_project/airflowenv/lib/python3.10/site-packages/airflow/example_dags/example_trigger_target_dag.py                                                        1           0  0.31s           2026-08-30T19:57:48                      43
/home/mmirnezamina/de_final_project/airflowenv/lib/python3.10/site-packages/airflow/example_dags/example_trigger_controller_dag.py                                                    1           0  0.31s           2026-08-30T19:57:50                      45
/home/mmirnezamina/de_final_project/airflowenv/lib/python3.10/site-packages/airflow/example_dags/tutorial_dag.py                                                                      1           0  0.31s           2026-08-30T19:57:42                      43
/home/mmirnezamina/de_final_project/airflowenv/lib/python3.10/site-packages/airflow/example_dags/subdags/subdag.py                                                                    0           0  0.22s           2026-08-30T19:57:28                       3
/home/mmirnezamina/de_final_project/airflowenv/lib/python3.10/site-packages/airflow/example_dags/plugins/event_listener.py                                                            0           0  0.21s           2026-08-30T19:57:33                       3
/home/mmirnezamina/de_final_project/airflowenv/lib/python3.10/site-packages/airflow/example_dags/tutorial_taskflow_api_virtualenv.py                                                  0           0  0.21s           2026-08-30T19:57:39                       3
/home/mmirnezamina/de_final_project/airflowenv/lib/python3.10/site-packages/airflow/example_dags/plugins/workday.py                                                                   0           0  0.12s           2026-08-30T19:57:30                       3
/home/mmirnezamina/de_final_project/airflowenv/lib/python3.10/site-packages/airflow/example_dags/example_kubernetes_executor.py                                                       0           0  0.11s           2026-08-30T19:58:24                       3
/home/mmirnezamina/de_final_project/airflowenv/lib/python3.10/site-packages/airflow/example_dags/plugins/decreasing_priority_weight_strategy.py                                       0           0  0.11s           2026-08-30T19:57:34                       3
/home/mmirnezamina/de_final_project/airflowenv/lib/python3.10/site-packages/airflow/example_dags/example_local_kubernetes_executor.py                                                 0           0  0.10s           2026-08-30T19:58:19                       3
/home/mmirnezamina/de_final_project/airflowenv/lib/python3.10/site-packages/airflow/example_dags/tutorial_objectstorage.py                                                            0           1  0.10s           2026-08-30T19:57:41                       3
/home/mmirnezamina/de_final_project/airflowenv/lib/python3.10/site-packages/airflow/example_dags/example_branch_datetime_operator.py                                                  0           0                                                            0
/home/mmirnezamina/de_final_project/airflowenv/lib/python3.10/site-packages/airflow/example_dags/example_datasets.py                                                                  0           0                                                            0
/home/mmirnezamina/de_final_project/airflowenv/lib/python3.10/site-packages/airflow/example_dags/example_bash_decorator.py                                                            0           0                                                            0
/home/mmirnezamina/de_final_project/airflowenv/lib/python3.10/site-packages/airflow/example_dags/example_branch_day_of_week_operator.py                                               0           0                                                            0
/home/mmirnezamina/de_final_project/airflowenv/lib/python3.10/site-packages/airflow/example_dags/example_dynamic_task_mapping.py                                                      0           0                                                            0
/home/mmirnezamina/de_final_project/airflowenv/lib/python3.10/site-packages/airflow/example_dags/example_display_name.py                                                              0           0                                                            0
/home/mmirnezamina/de_final_project/airflowenv/lib/python3.10/site-packages/airflow/example_dags/example_dataset_alias.py                                                             0           0                                                            0
/home/mmirnezamina/de_final_project/airflowenv/lib/python3.10/site-packages/airflow/example_dags/example_branch_python_dop_operator_3.py                                              0           0                                                            0
/home/mmirnezamina/de_final_project/airflowenv/lib/python3.10/site-packages/airflow/example_dags/example_branch_operator.py                                                           0           0                                                            0
/home/mmirnezamina/de_final_project/airflowenv/lib/python3.10/site-packages/airflow/example_dags/example_branch_labels.py                                                             0           0                                                            0
/home/mmirnezamina/de_final_project/airflowenv/lib/python3.10/site-packages/airflow/example_dags/example_dynamic_task_mapping_with_no_taskflow_operators.py                           0           0                                                            0
/home/mmirnezamina/de_final_project/airflowenv/lib/python3.10/site-packages/airflow/example_dags/example_complex.py                                                                   0           0                                                            0
/home/mmirnezamina/de_final_project/airflowenv/lib/python3.10/site-packages/airflow/example_dags/example_dataset_alias_with_no_taskflow.py                                            0           0                                                            0
/home/mmirnezamina/de_final_project/airflowenv/lib/python3.10/site-packages/airflow/example_dags/example_dag_decorator.py                                                             0           0                                                            0
/home/mmirnezamina/de_final_project/airflowenv/lib/python3.10/site-packages/airflow/example_dags/example_bash_operator.py                                                             0           0                                                            0
/home/mmirnezamina/de_final_project/airflowenv/lib/python3.10/site-packages/airflow/example_dags/example_branch_operator_decorator.py                                                 0           0                                                            0
================================================================================
