[2026-08-30T23:13:51.789+0330] {processor.py:186} INFO - Started process (PID=13197) to work on /home/mmirnezamina/de_final_project/airflowenv/lib/python3.10/site-packages/airflow/example_dags/example_datasets.py
[2026-08-30T23:13:51.791+0330] {processor.py:914} INFO - Processing file /home/mmirnezamina/de_final_project/airflowenv/lib/python3.10/site-packages/airflow/example_dags/example_datasets.py for tasks to queue
[2026-08-30T23:13:51.794+0330] {logging_mixin.py:190} INFO - [2026-08-30T23:13:51.793+0330] {dagbag.py:588} INFO - Filling up the DagBag from /home/mmirnezamina/de_final_project/airflowenv/lib/python3.10/site-packages/airflow/example_dags/example_datasets.py
[2026-08-30T23:13:51.835+0330] {processor.py:925} INFO - DAG(s) 'dataset_produces_1', 'consume_1_and_2_with_dataset_expressions', 'dataset_consumes_1_never_scheduled', 'conditional_dataset_and_time_based_timetable', 'dataset_consumes_1', 'dataset_produces_2', 'dataset_consumes_unknown_never_scheduled', 'consume_1_or_2_with_dataset_expressions', 'dataset_consumes_1_and_2', 'consume_1_or_both_2_and_3_with_dataset_expressions' retrieved from /home/mmirnezamina/de_final_project/airflowenv/lib/python3.10/site-packages/airflow/example_dags/example_datasets.py
[2026-08-30T23:13:52.131+0330] {logging_mixin.py:190} INFO - [2026-08-30T23:13:52.128+0330] {override.py:1930} INFO - Created Permission View: can edit on DAG:dataset_produces_1
[2026-08-30T23:13:52.161+0330] {logging_mixin.py:190} INFO - [2026-08-30T23:13:52.160+0330] {override.py:1930} INFO - Created Permission View: can read on DAG:dataset_produces_1
[2026-08-30T23:13:52.187+0330] {logging_mixin.py:190} INFO - [2026-08-30T23:13:52.186+0330] {override.py:1930} INFO - Created Permission View: can delete on DAG:dataset_produces_1
[2026-08-30T23:13:52.217+0330] {logging_mixin.py:190} INFO - [2026-08-30T23:13:52.217+0330] {override.py:1930} INFO - Created Permission View: menu access on DAG Run:dataset_produces_1
[2026-08-30T23:13:52.239+0330] {logging_mixin.py:190} INFO - [2026-08-30T23:13:52.238+0330] {override.py:1930} INFO - Created Permission View: can create on DAG Run:dataset_produces_1
[2026-08-30T23:13:52.262+0330] {logging_mixin.py:190} INFO - [2026-08-30T23:13:52.261+0330] {override.py:1930} INFO - Created Permission View: can read on DAG Run:dataset_produces_1
[2026-08-30T23:13:52.284+0330] {logging_mixin.py:190} INFO - [2026-08-30T23:13:52.283+0330] {override.py:1930} INFO - Created Permission View: can delete on DAG Run:dataset_produces_1
[2026-08-30T23:13:52.329+0330] {logging_mixin.py:190} INFO - [2026-08-30T23:13:52.328+0330] {override.py:1930} INFO - Created Permission View: can edit on DAG:consume_1_and_2_with_dataset_expressions
[2026-08-30T23:13:52.357+0330] {logging_mixin.py:190} INFO - [2026-08-30T23:13:52.356+0330] {override.py:1930} INFO - Created Permission View: can read on DAG:consume_1_and_2_with_dataset_expressions
[2026-08-30T23:13:52.381+0330] {logging_mixin.py:190} INFO - [2026-08-30T23:13:52.381+0330] {override.py:1930} INFO - Created Permission View: can delete on DAG:consume_1_and_2_with_dataset_expressions
[2026-08-30T23:13:52.417+0330] {logging_mixin.py:190} INFO - [2026-08-30T23:13:52.416+0330] {override.py:1930} INFO - Created Permission View: menu access on DAG Run:consume_1_and_2_with_dataset_expressions
[2026-08-30T23:13:52.450+0330] {logging_mixin.py:190} INFO - [2026-08-30T23:13:52.448+0330] {override.py:1930} INFO - Created Permission View: can create on DAG Run:consume_1_and_2_with_dataset_expressions
[2026-08-30T23:13:52.476+0330] {logging_mixin.py:190} INFO - [2026-08-30T23:13:52.475+0330] {override.py:1930} INFO - Created Permission View: can read on DAG Run:consume_1_and_2_with_dataset_expressions
[2026-08-30T23:13:52.507+0330] {logging_mixin.py:190} INFO - [2026-08-30T23:13:52.505+0330] {override.py:1930} INFO - Created Permission View: can delete on DAG Run:consume_1_and_2_with_dataset_expressions
[2026-08-30T23:13:52.561+0330] {logging_mixin.py:190} INFO - [2026-08-30T23:13:52.560+0330] {override.py:1930} INFO - Created Permission View: can edit on DAG:dataset_consumes_1_never_scheduled
[2026-08-30T23:13:52.586+0330] {logging_mixin.py:190} INFO - [2026-08-30T23:13:52.585+0330] {override.py:1930} INFO - Created Permission View: can read on DAG:dataset_consumes_1_never_scheduled
[2026-08-30T23:13:52.615+0330] {logging_mixin.py:190} INFO - [2026-08-30T23:13:52.614+0330] {override.py:1930} INFO - Created Permission View: can delete on DAG:dataset_consumes_1_never_scheduled
[2026-08-30T23:13:52.650+0330] {logging_mixin.py:190} INFO - [2026-08-30T23:13:52.649+0330] {override.py:1930} INFO - Created Permission View: menu access on DAG Run:dataset_consumes_1_never_scheduled
[2026-08-30T23:13:52.676+0330] {logging_mixin.py:190} INFO - [2026-08-30T23:13:52.676+0330] {override.py:1930} INFO - Created Permission View: can create on DAG Run:dataset_consumes_1_never_scheduled
[2026-08-30T23:13:52.706+0330] {logging_mixin.py:190} INFO - [2026-08-30T23:13:52.704+0330] {override.py:1930} INFO - Created Permission View: can read on DAG Run:dataset_consumes_1_never_scheduled
[2026-08-30T23:13:52.736+0330] {logging_mixin.py:190} INFO - [2026-08-30T23:13:52.735+0330] {override.py:1930} INFO - Created Permission View: can delete on DAG Run:dataset_consumes_1_never_scheduled
[2026-08-30T23:13:52.790+0330] {logging_mixin.py:190} INFO - [2026-08-30T23:13:52.789+0330] {override.py:1930} INFO - Created Permission View: can edit on DAG:conditional_dataset_and_time_based_timetable
[2026-08-30T23:13:52.821+0330] {logging_mixin.py:190} INFO - [2026-08-30T23:13:52.820+0330] {override.py:1930} INFO - Created Permission View: can read on DAG:conditional_dataset_and_time_based_timetable
[2026-08-30T23:13:52.849+0330] {logging_mixin.py:190} INFO - [2026-08-30T23:13:52.848+0330] {override.py:1930} INFO - Created Permission View: can delete on DAG:conditional_dataset_and_time_based_timetable
[2026-08-30T23:13:52.885+0330] {logging_mixin.py:190} INFO - [2026-08-30T23:13:52.884+0330] {override.py:1930} INFO - Created Permission View: menu access on DAG Run:conditional_dataset_and_time_based_timetable
[2026-08-30T23:13:52.913+0330] {logging_mixin.py:190} INFO - [2026-08-30T23:13:52.912+0330] {override.py:1930} INFO - Created Permission View: can create on DAG Run:conditional_dataset_and_time_based_timetable
[2026-08-30T23:13:52.951+0330] {logging_mixin.py:190} INFO - [2026-08-30T23:13:52.950+0330] {override.py:1930} INFO - Created Permission View: can read on DAG Run:conditional_dataset_and_time_based_timetable
[2026-08-30T23:13:52.985+0330] {logging_mixin.py:190} INFO - [2026-08-30T23:13:52.984+0330] {override.py:1930} INFO - Created Permission View: can delete on DAG Run:conditional_dataset_and_time_based_timetable
[2026-08-30T23:13:53.040+0330] {logging_mixin.py:190} INFO - [2026-08-30T23:13:53.039+0330] {override.py:1930} INFO - Created Permission View: can edit on DAG:dataset_consumes_1
[2026-08-30T23:13:53.068+0330] {logging_mixin.py:190} INFO - [2026-08-30T23:13:53.067+0330] {override.py:1930} INFO - Created Permission View: can read on DAG:dataset_consumes_1
[2026-08-30T23:13:53.092+0330] {logging_mixin.py:190} INFO - [2026-08-30T23:13:53.091+0330] {override.py:1930} INFO - Created Permission View: can delete on DAG:dataset_consumes_1
[2026-08-30T23:13:53.122+0330] {logging_mixin.py:190} INFO - [2026-08-30T23:13:53.121+0330] {override.py:1930} INFO - Created Permission View: menu access on DAG Run:dataset_consumes_1
[2026-08-30T23:13:53.146+0330] {logging_mixin.py:190} INFO - [2026-08-30T23:13:53.145+0330] {override.py:1930} INFO - Created Permission View: can create on DAG Run:dataset_consumes_1
[2026-08-30T23:13:53.168+0330] {logging_mixin.py:190} INFO - [2026-08-30T23:13:53.167+0330] {override.py:1930} INFO - Created Permission View: can read on DAG Run:dataset_consumes_1
[2026-08-30T23:13:53.188+0330] {logging_mixin.py:190} INFO - [2026-08-30T23:13:53.187+0330] {override.py:1930} INFO - Created Permission View: can delete on DAG Run:dataset_consumes_1
[2026-08-30T23:13:53.227+0330] {logging_mixin.py:190} INFO - [2026-08-30T23:13:53.226+0330] {override.py:1930} INFO - Created Permission View: can edit on DAG:dataset_produces_2
[2026-08-30T23:13:53.247+0330] {logging_mixin.py:190} INFO - [2026-08-30T23:13:53.246+0330] {override.py:1930} INFO - Created Permission View: can read on DAG:dataset_produces_2
[2026-08-30T23:13:53.272+0330] {logging_mixin.py:190} INFO - [2026-08-30T23:13:53.271+0330] {override.py:1930} INFO - Created Permission View: can delete on DAG:dataset_produces_2
[2026-08-30T23:13:53.302+0330] {logging_mixin.py:190} INFO - [2026-08-30T23:13:53.302+0330] {override.py:1930} INFO - Created Permission View: menu access on DAG Run:dataset_produces_2
[2026-08-30T23:13:53.324+0330] {logging_mixin.py:190} INFO - [2026-08-30T23:13:53.323+0330] {override.py:1930} INFO - Created Permission View: can create on DAG Run:dataset_produces_2
[2026-08-30T23:13:53.344+0330] {logging_mixin.py:190} INFO - [2026-08-30T23:13:53.343+0330] {override.py:1930} INFO - Created Permission View: can read on DAG Run:dataset_produces_2
[2026-08-30T23:13:53.364+0330] {logging_mixin.py:190} INFO - [2026-08-30T23:13:53.364+0330] {override.py:1930} INFO - Created Permission View: can delete on DAG Run:dataset_produces_2
[2026-08-30T23:13:53.402+0330] {logging_mixin.py:190} INFO - [2026-08-30T23:13:53.401+0330] {override.py:1930} INFO - Created Permission View: can edit on DAG:dataset_consumes_unknown_never_scheduled
[2026-08-30T23:13:53.421+0330] {logging_mixin.py:190} INFO - [2026-08-30T23:13:53.420+0330] {override.py:1930} INFO - Created Permission View: can read on DAG:dataset_consumes_unknown_never_scheduled
[2026-08-30T23:13:53.442+0330] {logging_mixin.py:190} INFO - [2026-08-30T23:13:53.440+0330] {override.py:1930} INFO - Created Permission View: can delete on DAG:dataset_consumes_unknown_never_scheduled
[2026-08-30T23:13:53.477+0330] {logging_mixin.py:190} INFO - [2026-08-30T23:13:53.476+0330] {override.py:1930} INFO - Created Permission View: menu access on DAG Run:dataset_consumes_unknown_never_scheduled
[2026-08-30T23:13:53.504+0330] {logging_mixin.py:190} INFO - [2026-08-30T23:13:53.502+0330] {override.py:1930} INFO - Created Permission View: can create on DAG Run:dataset_consumes_unknown_never_scheduled
[2026-08-30T23:13:53.529+0330] {logging_mixin.py:190} INFO - [2026-08-30T23:13:53.528+0330] {override.py:1930} INFO - Created Permission View: can read on DAG Run:dataset_consumes_unknown_never_scheduled
[2026-08-30T23:13:53.556+0330] {logging_mixin.py:190} INFO - [2026-08-30T23:13:53.555+0330] {override.py:1930} INFO - Created Permission View: can delete on DAG Run:dataset_consumes_unknown_never_scheduled
[2026-08-30T23:13:53.605+0330] {logging_mixin.py:190} INFO - [2026-08-30T23:13:53.604+0330] {override.py:1930} INFO - Created Permission View: can edit on DAG:consume_1_or_2_with_dataset_expressions
[2026-08-30T23:13:53.631+0330] {logging_mixin.py:190} INFO - [2026-08-30T23:13:53.630+0330] {override.py:1930} INFO - Created Permission View: can read on DAG:consume_1_or_2_with_dataset_expressions
[2026-08-30T23:13:53.656+0330] {logging_mixin.py:190} INFO - [2026-08-30T23:13:53.656+0330] {override.py:1930} INFO - Created Permission View: can delete on DAG:consume_1_or_2_with_dataset_expressions
[2026-08-30T23:13:53.682+0330] {logging_mixin.py:190} INFO - [2026-08-30T23:13:53.681+0330] {override.py:1930} INFO - Created Permission View: menu access on DAG Run:consume_1_or_2_with_dataset_expressions
[2026-08-30T23:13:53.702+0330] {logging_mixin.py:190} INFO - [2026-08-30T23:13:53.701+0330] {override.py:1930} INFO - Created Permission View: can create on DAG Run:consume_1_or_2_with_dataset_expressions
[2026-08-30T23:13:53.724+0330] {logging_mixin.py:190} INFO - [2026-08-30T23:13:53.723+0330] {override.py:1930} INFO - Created Permission View: can read on DAG Run:consume_1_or_2_with_dataset_expressions
[2026-08-30T23:13:53.744+0330] {logging_mixin.py:190} INFO - [2026-08-30T23:13:53.744+0330] {override.py:1930} INFO - Created Permission View: can delete on DAG Run:consume_1_or_2_with_dataset_expressions
[2026-08-30T23:13:53.785+0330] {logging_mixin.py:190} INFO - [2026-08-30T23:13:53.784+0330] {override.py:1930} INFO - Created Permission View: can edit on DAG:dataset_consumes_1_and_2
[2026-08-30T23:13:53.817+0330] {logging_mixin.py:190} INFO - [2026-08-30T23:13:53.816+0330] {override.py:1930} INFO - Created Permission View: can read on DAG:dataset_consumes_1_and_2
[2026-08-30T23:13:53.840+0330] {logging_mixin.py:190} INFO - [2026-08-30T23:13:53.839+0330] {override.py:1930} INFO - Created Permission View: can delete on DAG:dataset_consumes_1_and_2
[2026-08-30T23:13:53.865+0330] {logging_mixin.py:190} INFO - [2026-08-30T23:13:53.864+0330] {override.py:1930} INFO - Created Permission View: menu access on DAG Run:dataset_consumes_1_and_2
[2026-08-30T23:13:53.890+0330] {logging_mixin.py:190} INFO - [2026-08-30T23:13:53.889+0330] {override.py:1930} INFO - Created Permission View: can create on DAG Run:dataset_consumes_1_and_2
[2026-08-30T23:13:53.914+0330] {logging_mixin.py:190} INFO - [2026-08-30T23:13:53.913+0330] {override.py:1930} INFO - Created Permission View: can read on DAG Run:dataset_consumes_1_and_2
[2026-08-30T23:13:53.936+0330] {logging_mixin.py:190} INFO - [2026-08-30T23:13:53.935+0330] {override.py:1930} INFO - Created Permission View: can delete on DAG Run:dataset_consumes_1_and_2
[2026-08-30T23:13:53.982+0330] {logging_mixin.py:190} INFO - [2026-08-30T23:13:53.981+0330] {override.py:1930} INFO - Created Permission View: can edit on DAG:consume_1_or_both_2_and_3_with_dataset_expressions
[2026-08-30T23:13:54.008+0330] {logging_mixin.py:190} INFO - [2026-08-30T23:13:54.007+0330] {override.py:1930} INFO - Created Permission View: can read on DAG:consume_1_or_both_2_and_3_with_dataset_expressions
[2026-08-30T23:13:54.031+0330] {logging_mixin.py:190} INFO - [2026-08-30T23:13:54.030+0330] {override.py:1930} INFO - Created Permission View: can delete on DAG:consume_1_or_both_2_and_3_with_dataset_expressions
[2026-08-30T23:13:54.058+0330] {logging_mixin.py:190} INFO - [2026-08-30T23:13:54.056+0330] {override.py:1930} INFO - Created Permission View: menu access on DAG Run:consume_1_or_both_2_and_3_with_dataset_expressions
[2026-08-30T23:13:54.085+0330] {logging_mixin.py:190} INFO - [2026-08-30T23:13:54.084+0330] {override.py:1930} INFO - Created Permission View: can create on DAG Run:consume_1_or_both_2_and_3_with_dataset_expressions
[2026-08-30T23:13:54.112+0330] {logging_mixin.py:190} INFO - [2026-08-30T23:13:54.111+0330] {override.py:1930} INFO - Created Permission View: can read on DAG Run:consume_1_or_both_2_and_3_with_dataset_expressions
[2026-08-30T23:13:54.135+0330] {logging_mixin.py:190} INFO - [2026-08-30T23:13:54.134+0330] {override.py:1930} INFO - Created Permission View: can delete on DAG Run:consume_1_or_both_2_and_3_with_dataset_expressions
[2026-08-30T23:13:54.136+0330] {logging_mixin.py:190} INFO - [2026-08-30T23:13:54.135+0330] {dag.py:3239} INFO - Sync 10 DAGs
[2026-08-30T23:13:54.176+0330] {logging_mixin.py:190} INFO - [2026-08-30T23:13:54.176+0330] {dag.py:3262} INFO - Creating ORM DAG for dataset_produces_2
[2026-08-30T23:13:54.178+0330] {logging_mixin.py:190} INFO - [2026-08-30T23:13:54.177+0330] {dag.py:3262} INFO - Creating ORM DAG for dataset_produces_1
[2026-08-30T23:13:54.179+0330] {logging_mixin.py:190} INFO - [2026-08-30T23:13:54.179+0330] {dag.py:3262} INFO - Creating ORM DAG for consume_1_or_2_with_dataset_expressions
[2026-08-30T23:13:54.181+0330] {logging_mixin.py:190} INFO - [2026-08-30T23:13:54.180+0330] {dag.py:3262} INFO - Creating ORM DAG for consume_1_and_2_with_dataset_expressions
[2026-08-30T23:13:54.183+0330] {logging_mixin.py:190} INFO - [2026-08-30T23:13:54.182+0330] {dag.py:3262} INFO - Creating ORM DAG for dataset_consumes_1
[2026-08-30T23:13:54.184+0330] {logging_mixin.py:190} INFO - [2026-08-30T23:13:54.184+0330] {dag.py:3262} INFO - Creating ORM DAG for dataset_consumes_unknown_never_scheduled
[2026-08-30T23:13:54.185+0330] {logging_mixin.py:190} INFO - [2026-08-30T23:13:54.185+0330] {dag.py:3262} INFO - Creating ORM DAG for consume_1_or_both_2_and_3_with_dataset_expressions
[2026-08-30T23:13:54.188+0330] {logging_mixin.py:190} INFO - [2026-08-30T23:13:54.187+0330] {dag.py:3262} INFO - Creating ORM DAG for dataset_consumes_1_never_scheduled
[2026-08-30T23:13:54.189+0330] {logging_mixin.py:190} INFO - [2026-08-30T23:13:54.189+0330] {dag.py:3262} INFO - Creating ORM DAG for conditional_dataset_and_time_based_timetable
[2026-08-30T23:13:54.190+0330] {logging_mixin.py:190} INFO - [2026-08-30T23:13:54.190+0330] {dag.py:3262} INFO - Creating ORM DAG for dataset_consumes_1_and_2
[2026-08-30T23:13:54.222+0330] {logging_mixin.py:190} INFO - [2026-08-30T23:13:54.221+0330] {dag.py:4180} INFO - Setting next_dagrun for conditional_dataset_and_time_based_timetable to 2026-08-26 01:00:00+00:00, run_after=2026-08-26 01:00:00+00:00
[2026-08-30T23:13:54.223+0330] {logging_mixin.py:190} INFO - [2026-08-30T23:13:54.223+0330] {dag.py:4180} INFO - Setting next_dagrun for consume_1_and_2_with_dataset_expressions to None, run_after=None
[2026-08-30T23:13:54.224+0330] {logging_mixin.py:190} INFO - [2026-08-30T23:13:54.224+0330] {dag.py:4180} INFO - Setting next_dagrun for consume_1_or_2_with_dataset_expressions to None, run_after=None
[2026-08-30T23:13:54.225+0330] {logging_mixin.py:190} INFO - [2026-08-30T23:13:54.225+0330] {dag.py:4180} INFO - Setting next_dagrun for consume_1_or_both_2_and_3_with_dataset_expressions to None, run_after=None
[2026-08-30T23:13:54.225+0330] {logging_mixin.py:190} INFO - [2026-08-30T23:13:54.225+0330] {dag.py:4180} INFO - Setting next_dagrun for dataset_consumes_1 to None, run_after=None
[2026-08-30T23:13:54.227+0330] {logging_mixin.py:190} INFO - [2026-08-30T23:13:54.226+0330] {dag.py:4180} INFO - Setting next_dagrun for dataset_consumes_1_and_2 to None, run_after=None
[2026-08-30T23:13:54.228+0330] {logging_mixin.py:190} INFO - [2026-08-30T23:13:54.228+0330] {dag.py:4180} INFO - Setting next_dagrun for dataset_consumes_1_never_scheduled to None, run_after=None
[2026-08-30T23:13:54.229+0330] {logging_mixin.py:190} INFO - [2026-08-30T23:13:54.229+0330] {dag.py:4180} INFO - Setting next_dagrun for dataset_consumes_unknown_never_scheduled to None, run_after=None
[2026-08-30T23:13:54.233+0330] {logging_mixin.py:190} INFO - [2026-08-30T23:13:54.233+0330] {dag.py:4180} INFO - Setting next_dagrun for dataset_produces_1 to 2026-08-29 00:00:00+00:00, run_after=2026-08-30 00:00:00+00:00
[2026-08-30T23:13:54.234+0330] {logging_mixin.py:190} INFO - [2026-08-30T23:13:54.234+0330] {dag.py:4180} INFO - Setting next_dagrun for dataset_produces_2 to None, run_after=None
[2026-08-30T23:13:54.365+0330] {processor.py:208} INFO - Processing /home/mmirnezamina/de_final_project/airflowenv/lib/python3.10/site-packages/airflow/example_dags/example_datasets.py took 2.600 seconds
[2026-08-30T23:14:24.551+0330] {processor.py:186} INFO - Started process (PID=13321) to work on /home/mmirnezamina/de_final_project/airflowenv/lib/python3.10/site-packages/airflow/example_dags/example_datasets.py
[2026-08-30T23:14:24.551+0330] {processor.py:914} INFO - Processing file /home/mmirnezamina/de_final_project/airflowenv/lib/python3.10/site-packages/airflow/example_dags/example_datasets.py for tasks to queue
[2026-08-30T23:14:24.553+0330] {logging_mixin.py:190} INFO - [2026-08-30T23:14:24.552+0330] {dagbag.py:588} INFO - Filling up the DagBag from /home/mmirnezamina/de_final_project/airflowenv/lib/python3.10/site-packages/airflow/example_dags/example_datasets.py
[2026-08-30T23:14:24.571+0330] {processor.py:925} INFO - DAG(s) 'consume_1_or_2_with_dataset_expressions', 'dataset_produces_2', 'consume_1_and_2_with_dataset_expressions', 'dataset_consumes_1_never_scheduled', 'dataset_produces_1', 'consume_1_or_both_2_and_3_with_dataset_expressions', 'dataset_consumes_1_and_2', 'dataset_consumes_unknown_never_scheduled', 'dataset_consumes_1', 'conditional_dataset_and_time_based_timetable' retrieved from /home/mmirnezamina/de_final_project/airflowenv/lib/python3.10/site-packages/airflow/example_dags/example_datasets.py
[2026-08-30T23:14:24.640+0330] {logging_mixin.py:190} INFO - [2026-08-30T23:14:24.639+0330] {dag.py:3239} INFO - Sync 10 DAGs
[2026-08-30T23:14:24.675+0330] {logging_mixin.py:190} INFO - [2026-08-30T23:14:24.675+0330] {dag.py:4180} INFO - Setting next_dagrun for conditional_dataset_and_time_based_timetable to 2026-08-26 01:00:00+00:00, run_after=2026-08-26 01:00:00+00:00
[2026-08-30T23:14:24.679+0330] {logging_mixin.py:190} INFO - [2026-08-30T23:14:24.679+0330] {dag.py:4180} INFO - Setting next_dagrun for consume_1_and_2_with_dataset_expressions to None, run_after=None
[2026-08-30T23:14:24.680+0330] {logging_mixin.py:190} INFO - [2026-08-30T23:14:24.680+0330] {dag.py:4180} INFO - Setting next_dagrun for consume_1_or_2_with_dataset_expressions to None, run_after=None
[2026-08-30T23:14:24.682+0330] {logging_mixin.py:190} INFO - [2026-08-30T23:14:24.682+0330] {dag.py:4180} INFO - Setting next_dagrun for consume_1_or_both_2_and_3_with_dataset_expressions to None, run_after=None
[2026-08-30T23:14:24.683+0330] {logging_mixin.py:190} INFO - [2026-08-30T23:14:24.683+0330] {dag.py:4180} INFO - Setting next_dagrun for dataset_consumes_1 to None, run_after=None
[2026-08-30T23:14:24.684+0330] {logging_mixin.py:190} INFO - [2026-08-30T23:14:24.684+0330] {dag.py:4180} INFO - Setting next_dagrun for dataset_consumes_1_and_2 to None, run_after=None
[2026-08-30T23:14:24.686+0330] {logging_mixin.py:190} INFO - [2026-08-30T23:14:24.685+0330] {dag.py:4180} INFO - Setting next_dagrun for dataset_consumes_1_never_scheduled to None, run_after=None
[2026-08-30T23:14:24.687+0330] {logging_mixin.py:190} INFO - [2026-08-30T23:14:24.687+0330] {dag.py:4180} INFO - Setting next_dagrun for dataset_consumes_unknown_never_scheduled to None, run_after=None
[2026-08-30T23:14:24.689+0330] {logging_mixin.py:190} INFO - [2026-08-30T23:14:24.689+0330] {dag.py:4180} INFO - Setting next_dagrun for dataset_produces_1 to 2026-08-29 00:00:00+00:00, run_after=2026-08-30 00:00:00+00:00
[2026-08-30T23:14:24.691+0330] {logging_mixin.py:190} INFO - [2026-08-30T23:14:24.690+0330] {dag.py:4180} INFO - Setting next_dagrun for dataset_produces_2 to None, run_after=None
[2026-08-30T23:14:24.734+0330] {processor.py:208} INFO - Processing /home/mmirnezamina/de_final_project/airflowenv/lib/python3.10/site-packages/airflow/example_dags/example_datasets.py took 0.192 seconds
[2026-08-30T23:14:55.625+0330] {processor.py:186} INFO - Started process (PID=13438) to work on /home/mmirnezamina/de_final_project/airflowenv/lib/python3.10/site-packages/airflow/example_dags/example_datasets.py
[2026-08-30T23:14:55.634+0330] {processor.py:914} INFO - Processing file /home/mmirnezamina/de_final_project/airflowenv/lib/python3.10/site-packages/airflow/example_dags/example_datasets.py for tasks to queue
[2026-08-30T23:14:55.646+0330] {logging_mixin.py:190} INFO - [2026-08-30T23:14:55.644+0330] {dagbag.py:588} INFO - Filling up the DagBag from /home/mmirnezamina/de_final_project/airflowenv/lib/python3.10/site-packages/airflow/example_dags/example_datasets.py
[2026-08-30T23:14:55.846+0330] {processor.py:925} INFO - DAG(s) 'dataset_consumes_1', 'consume_1_or_2_with_dataset_expressions', 'consume_1_and_2_with_dataset_expressions', 'dataset_produces_2', 'dataset_consumes_1_never_scheduled', 'dataset_consumes_unknown_never_scheduled', 'dataset_consumes_1_and_2', 'consume_1_or_both_2_and_3_with_dataset_expressions', 'conditional_dataset_and_time_based_timetable', 'dataset_produces_1' retrieved from /home/mmirnezamina/de_final_project/airflowenv/lib/python3.10/site-packages/airflow/example_dags/example_datasets.py
[2026-08-30T23:14:56.176+0330] {logging_mixin.py:190} INFO - [2026-08-30T23:14:56.165+0330] {dag.py:3239} INFO - Sync 10 DAGs
[2026-08-30T23:14:56.338+0330] {logging_mixin.py:190} INFO - [2026-08-30T23:14:56.337+0330] {dag.py:4180} INFO - Setting next_dagrun for conditional_dataset_and_time_based_timetable to 2026-08-26 01:00:00+00:00, run_after=2026-08-26 01:00:00+00:00
[2026-08-30T23:14:56.354+0330] {logging_mixin.py:190} INFO - [2026-08-30T23:14:56.353+0330] {dag.py:4180} INFO - Setting next_dagrun for consume_1_and_2_with_dataset_expressions to None, run_after=None
[2026-08-30T23:14:56.360+0330] {logging_mixin.py:190} INFO - [2026-08-30T23:14:56.360+0330] {dag.py:4180} INFO - Setting next_dagrun for consume_1_or_2_with_dataset_expressions to None, run_after=None
[2026-08-30T23:14:56.366+0330] {logging_mixin.py:190} INFO - [2026-08-30T23:14:56.365+0330] {dag.py:4180} INFO - Setting next_dagrun for consume_1_or_both_2_and_3_with_dataset_expressions to None, run_after=None
[2026-08-30T23:14:56.373+0330] {logging_mixin.py:190} INFO - [2026-08-30T23:14:56.372+0330] {dag.py:4180} INFO - Setting next_dagrun for dataset_consumes_1 to None, run_after=None
[2026-08-30T23:14:56.378+0330] {logging_mixin.py:190} INFO - [2026-08-30T23:14:56.377+0330] {dag.py:4180} INFO - Setting next_dagrun for dataset_consumes_1_and_2 to None, run_after=None
[2026-08-30T23:14:56.386+0330] {logging_mixin.py:190} INFO - [2026-08-30T23:14:56.385+0330] {dag.py:4180} INFO - Setting next_dagrun for dataset_consumes_1_never_scheduled to None, run_after=None
[2026-08-30T23:14:56.392+0330] {logging_mixin.py:190} INFO - [2026-08-30T23:14:56.391+0330] {dag.py:4180} INFO - Setting next_dagrun for dataset_consumes_unknown_never_scheduled to None, run_after=None
[2026-08-30T23:14:56.407+0330] {logging_mixin.py:190} INFO - [2026-08-30T23:14:56.406+0330] {dag.py:4180} INFO - Setting next_dagrun for dataset_produces_1 to 2026-08-29 00:00:00+00:00, run_after=2026-08-30 00:00:00+00:00
[2026-08-30T23:14:56.416+0330] {logging_mixin.py:190} INFO - [2026-08-30T23:14:56.415+0330] {dag.py:4180} INFO - Setting next_dagrun for dataset_produces_2 to None, run_after=None
[2026-08-30T23:14:56.594+0330] {processor.py:208} INFO - Processing /home/mmirnezamina/de_final_project/airflowenv/lib/python3.10/site-packages/airflow/example_dags/example_datasets.py took 1.051 seconds
[2026-08-30T23:15:26.761+0330] {processor.py:186} INFO - Started process (PID=13559) to work on /home/mmirnezamina/de_final_project/airflowenv/lib/python3.10/site-packages/airflow/example_dags/example_datasets.py
[2026-08-30T23:15:26.766+0330] {processor.py:914} INFO - Processing file /home/mmirnezamina/de_final_project/airflowenv/lib/python3.10/site-packages/airflow/example_dags/example_datasets.py for tasks to queue
[2026-08-30T23:15:26.770+0330] {logging_mixin.py:190} INFO - [2026-08-30T23:15:26.769+0330] {dagbag.py:588} INFO - Filling up the DagBag from /home/mmirnezamina/de_final_project/airflowenv/lib/python3.10/site-packages/airflow/example_dags/example_datasets.py
[2026-08-30T23:15:26.948+0330] {processor.py:925} INFO - DAG(s) 'consume_1_and_2_with_dataset_expressions', 'conditional_dataset_and_time_based_timetable', 'dataset_produces_2', 'dataset_consumes_1', 'dataset_consumes_unknown_never_scheduled', 'dataset_produces_1', 'consume_1_or_2_with_dataset_expressions', 'consume_1_or_both_2_and_3_with_dataset_expressions', 'dataset_consumes_1_never_scheduled', 'dataset_consumes_1_and_2' retrieved from /home/mmirnezamina/de_final_project/airflowenv/lib/python3.10/site-packages/airflow/example_dags/example_datasets.py
[2026-08-30T23:15:27.386+0330] {logging_mixin.py:190} INFO - [2026-08-30T23:15:27.384+0330] {dag.py:3239} INFO - Sync 10 DAGs
[2026-08-30T23:15:27.696+0330] {logging_mixin.py:190} INFO - [2026-08-30T23:15:27.694+0330] {dag.py:4180} INFO - Setting next_dagrun for conditional_dataset_and_time_based_timetable to 2026-08-26 01:00:00+00:00, run_after=2026-08-26 01:00:00+00:00
[2026-08-30T23:15:27.735+0330] {logging_mixin.py:190} INFO - [2026-08-30T23:15:27.732+0330] {dag.py:4180} INFO - Setting next_dagrun for consume_1_and_2_with_dataset_expressions to None, run_after=None
[2026-08-30T23:15:27.743+0330] {logging_mixin.py:190} INFO - [2026-08-30T23:15:27.742+0330] {dag.py:4180} INFO - Setting next_dagrun for consume_1_or_2_with_dataset_expressions to None, run_after=None
[2026-08-30T23:15:27.749+0330] {logging_mixin.py:190} INFO - [2026-08-30T23:15:27.749+0330] {dag.py:4180} INFO - Setting next_dagrun for consume_1_or_both_2_and_3_with_dataset_expressions to None, run_after=None
[2026-08-30T23:15:27.759+0330] {logging_mixin.py:190} INFO - [2026-08-30T23:15:27.758+0330] {dag.py:4180} INFO - Setting next_dagrun for dataset_consumes_1 to None, run_after=None
[2026-08-30T23:15:27.766+0330] {logging_mixin.py:190} INFO - [2026-08-30T23:15:27.765+0330] {dag.py:4180} INFO - Setting next_dagrun for dataset_consumes_1_and_2 to None, run_after=None
[2026-08-30T23:15:27.773+0330] {logging_mixin.py:190} INFO - [2026-08-30T23:15:27.772+0330] {dag.py:4180} INFO - Setting next_dagrun for dataset_consumes_1_never_scheduled to None, run_after=None
[2026-08-30T23:15:27.783+0330] {logging_mixin.py:190} INFO - [2026-08-30T23:15:27.780+0330] {dag.py:4180} INFO - Setting next_dagrun for dataset_consumes_unknown_never_scheduled to None, run_after=None
[2026-08-30T23:15:27.797+0330] {logging_mixin.py:190} INFO - [2026-08-30T23:15:27.796+0330] {dag.py:4180} INFO - Setting next_dagrun for dataset_produces_1 to 2026-08-29 00:00:00+00:00, run_after=2026-08-30 00:00:00+00:00
[2026-08-30T23:15:27.812+0330] {logging_mixin.py:190} INFO - [2026-08-30T23:15:27.811+0330] {dag.py:4180} INFO - Setting next_dagrun for dataset_produces_2 to None, run_after=None
[2026-08-30T23:15:28.233+0330] {processor.py:208} INFO - Processing /home/mmirnezamina/de_final_project/airflowenv/lib/python3.10/site-packages/airflow/example_dags/example_datasets.py took 1.538 seconds
[2026-08-30T23:15:58.444+0330] {processor.py:186} INFO - Started process (PID=13678) to work on /home/mmirnezamina/de_final_project/airflowenv/lib/python3.10/site-packages/airflow/example_dags/example_datasets.py
[2026-08-30T23:15:58.446+0330] {processor.py:914} INFO - Processing file /home/mmirnezamina/de_final_project/airflowenv/lib/python3.10/site-packages/airflow/example_dags/example_datasets.py for tasks to queue
[2026-08-30T23:15:58.448+0330] {logging_mixin.py:190} INFO - [2026-08-30T23:15:58.447+0330] {dagbag.py:588} INFO - Filling up the DagBag from /home/mmirnezamina/de_final_project/airflowenv/lib/python3.10/site-packages/airflow/example_dags/example_datasets.py
[2026-08-30T23:15:58.486+0330] {processor.py:925} INFO - DAG(s) 'dataset_consumes_unknown_never_scheduled', 'dataset_consumes_1_and_2', 'dataset_consumes_1_never_scheduled', 'dataset_produces_1', 'dataset_produces_2', 'conditional_dataset_and_time_based_timetable', 'consume_1_and_2_with_dataset_expressions', 'dataset_consumes_1', 'consume_1_or_both_2_and_3_with_dataset_expressions', 'consume_1_or_2_with_dataset_expressions' retrieved from /home/mmirnezamina/de_final_project/airflowenv/lib/python3.10/site-packages/airflow/example_dags/example_datasets.py
[2026-08-30T23:15:58.602+0330] {logging_mixin.py:190} INFO - [2026-08-30T23:15:58.602+0330] {dag.py:3239} INFO - Sync 10 DAGs
[2026-08-30T23:15:58.652+0330] {logging_mixin.py:190} INFO - [2026-08-30T23:15:58.651+0330] {dag.py:4180} INFO - Setting next_dagrun for conditional_dataset_and_time_based_timetable to 2026-08-26 01:00:00+00:00, run_after=2026-08-26 01:00:00+00:00
[2026-08-30T23:15:58.658+0330] {logging_mixin.py:190} INFO - [2026-08-30T23:15:58.657+0330] {dag.py:4180} INFO - Setting next_dagrun for consume_1_and_2_with_dataset_expressions to None, run_after=None
[2026-08-30T23:15:58.660+0330] {logging_mixin.py:190} INFO - [2026-08-30T23:15:58.660+0330] {dag.py:4180} INFO - Setting next_dagrun for consume_1_or_2_with_dataset_expressions to None, run_after=None
[2026-08-30T23:15:58.663+0330] {logging_mixin.py:190} INFO - [2026-08-30T23:15:58.662+0330] {dag.py:4180} INFO - Setting next_dagrun for consume_1_or_both_2_and_3_with_dataset_expressions to None, run_after=None
[2026-08-30T23:15:58.665+0330] {logging_mixin.py:190} INFO - [2026-08-30T23:15:58.665+0330] {dag.py:4180} INFO - Setting next_dagrun for dataset_consumes_1 to None, run_after=None
[2026-08-30T23:15:58.667+0330] {logging_mixin.py:190} INFO - [2026-08-30T23:15:58.667+0330] {dag.py:4180} INFO - Setting next_dagrun for dataset_consumes_1_and_2 to None, run_after=None
[2026-08-30T23:15:58.669+0330] {logging_mixin.py:190} INFO - [2026-08-30T23:15:58.669+0330] {dag.py:4180} INFO - Setting next_dagrun for dataset_consumes_1_never_scheduled to None, run_after=None
[2026-08-30T23:15:58.671+0330] {logging_mixin.py:190} INFO - [2026-08-30T23:15:58.671+0330] {dag.py:4180} INFO - Setting next_dagrun for dataset_consumes_unknown_never_scheduled to None, run_after=None
[2026-08-30T23:15:58.675+0330] {logging_mixin.py:190} INFO - [2026-08-30T23:15:58.674+0330] {dag.py:4180} INFO - Setting next_dagrun for dataset_produces_1 to 2026-08-29 00:00:00+00:00, run_after=2026-08-30 00:00:00+00:00
[2026-08-30T23:15:58.677+0330] {logging_mixin.py:190} INFO - [2026-08-30T23:15:58.676+0330] {dag.py:4180} INFO - Setting next_dagrun for dataset_produces_2 to None, run_after=None
[2026-08-30T23:15:58.748+0330] {processor.py:208} INFO - Processing /home/mmirnezamina/de_final_project/airflowenv/lib/python3.10/site-packages/airflow/example_dags/example_datasets.py took 0.326 seconds
[2026-08-30T23:16:28.975+0330] {processor.py:186} INFO - Started process (PID=13796) to work on /home/mmirnezamina/de_final_project/airflowenv/lib/python3.10/site-packages/airflow/example_dags/example_datasets.py
[2026-08-30T23:16:28.976+0330] {processor.py:914} INFO - Processing file /home/mmirnezamina/de_final_project/airflowenv/lib/python3.10/site-packages/airflow/example_dags/example_datasets.py for tasks to queue
[2026-08-30T23:16:28.978+0330] {logging_mixin.py:190} INFO - [2026-08-30T23:16:28.977+0330] {dagbag.py:588} INFO - Filling up the DagBag from /home/mmirnezamina/de_final_project/airflowenv/lib/python3.10/site-packages/airflow/example_dags/example_datasets.py
[2026-08-30T23:16:28.995+0330] {processor.py:925} INFO - DAG(s) 'consume_1_and_2_with_dataset_expressions', 'dataset_produces_2', 'dataset_consumes_unknown_never_scheduled', 'conditional_dataset_and_time_based_timetable', 'dataset_produces_1', 'consume_1_or_2_with_dataset_expressions', 'dataset_consumes_1', 'consume_1_or_both_2_and_3_with_dataset_expressions', 'dataset_consumes_1_never_scheduled', 'dataset_consumes_1_and_2' retrieved from /home/mmirnezamina/de_final_project/airflowenv/lib/python3.10/site-packages/airflow/example_dags/example_datasets.py
[2026-08-30T23:16:29.062+0330] {logging_mixin.py:190} INFO - [2026-08-30T23:16:29.062+0330] {dag.py:3239} INFO - Sync 10 DAGs
[2026-08-30T23:16:29.100+0330] {logging_mixin.py:190} INFO - [2026-08-30T23:16:29.100+0330] {dag.py:4180} INFO - Setting next_dagrun for conditional_dataset_and_time_based_timetable to 2026-08-26 01:00:00+00:00, run_after=2026-08-26 01:00:00+00:00
[2026-08-30T23:16:29.105+0330] {logging_mixin.py:190} INFO - [2026-08-30T23:16:29.105+0330] {dag.py:4180} INFO - Setting next_dagrun for consume_1_and_2_with_dataset_expressions to None, run_after=None
[2026-08-30T23:16:29.106+0330] {logging_mixin.py:190} INFO - [2026-08-30T23:16:29.106+0330] {dag.py:4180} INFO - Setting next_dagrun for consume_1_or_2_with_dataset_expressions to None, run_after=None
[2026-08-30T23:16:29.108+0330] {logging_mixin.py:190} INFO - [2026-08-30T23:16:29.108+0330] {dag.py:4180} INFO - Setting next_dagrun for consume_1_or_both_2_and_3_with_dataset_expressions to None, run_after=None
[2026-08-30T23:16:29.110+0330] {logging_mixin.py:190} INFO - [2026-08-30T23:16:29.110+0330] {dag.py:4180} INFO - Setting next_dagrun for dataset_consumes_1 to None, run_after=None
[2026-08-30T23:16:29.112+0330] {logging_mixin.py:190} INFO - [2026-08-30T23:16:29.111+0330] {dag.py:4180} INFO - Setting next_dagrun for dataset_consumes_1_and_2 to None, run_after=None
[2026-08-30T23:16:29.113+0330] {logging_mixin.py:190} INFO - [2026-08-30T23:16:29.113+0330] {dag.py:4180} INFO - Setting next_dagrun for dataset_consumes_1_never_scheduled to None, run_after=None
[2026-08-30T23:16:29.115+0330] {logging_mixin.py:190} INFO - [2026-08-30T23:16:29.114+0330] {dag.py:4180} INFO - Setting next_dagrun for dataset_consumes_unknown_never_scheduled to None, run_after=None
[2026-08-30T23:16:29.118+0330] {logging_mixin.py:190} INFO - [2026-08-30T23:16:29.118+0330] {dag.py:4180} INFO - Setting next_dagrun for dataset_produces_1 to 2026-08-29 00:00:00+00:00, run_after=2026-08-30 00:00:00+00:00
[2026-08-30T23:16:29.120+0330] {logging_mixin.py:190} INFO - [2026-08-30T23:16:29.120+0330] {dag.py:4180} INFO - Setting next_dagrun for dataset_produces_2 to None, run_after=None
[2026-08-30T23:16:29.171+0330] {processor.py:208} INFO - Processing /home/mmirnezamina/de_final_project/airflowenv/lib/python3.10/site-packages/airflow/example_dags/example_datasets.py took 0.207 seconds
[2026-08-30T23:16:59.204+0330] {processor.py:186} INFO - Started process (PID=13957) to work on /home/mmirnezamina/de_final_project/airflowenv/lib/python3.10/site-packages/airflow/example_dags/example_datasets.py
[2026-08-30T23:16:59.206+0330] {processor.py:914} INFO - Processing file /home/mmirnezamina/de_final_project/airflowenv/lib/python3.10/site-packages/airflow/example_dags/example_datasets.py for tasks to queue
[2026-08-30T23:16:59.207+0330] {logging_mixin.py:190} INFO - [2026-08-30T23:16:59.207+0330] {dagbag.py:588} INFO - Filling up the DagBag from /home/mmirnezamina/de_final_project/airflowenv/lib/python3.10/site-packages/airflow/example_dags/example_datasets.py
[2026-08-30T23:16:59.226+0330] {processor.py:925} INFO - DAG(s) 'dataset_consumes_1', 'consume_1_or_2_with_dataset_expressions', 'dataset_produces_2', 'conditional_dataset_and_time_based_timetable', 'dataset_consumes_unknown_never_scheduled', 'dataset_produces_1', 'dataset_consumes_1_never_scheduled', 'dataset_consumes_1_and_2', 'consume_1_and_2_with_dataset_expressions', 'consume_1_or_both_2_and_3_with_dataset_expressions' retrieved from /home/mmirnezamina/de_final_project/airflowenv/lib/python3.10/site-packages/airflow/example_dags/example_datasets.py
[2026-08-30T23:16:59.290+0330] {logging_mixin.py:190} INFO - [2026-08-30T23:16:59.290+0330] {dag.py:3239} INFO - Sync 10 DAGs
[2026-08-30T23:16:59.324+0330] {logging_mixin.py:190} INFO - [2026-08-30T23:16:59.324+0330] {dag.py:4180} INFO - Setting next_dagrun for conditional_dataset_and_time_based_timetable to 2026-08-26 01:00:00+00:00, run_after=2026-08-26 01:00:00+00:00
[2026-08-30T23:16:59.330+0330] {logging_mixin.py:190} INFO - [2026-08-30T23:16:59.330+0330] {dag.py:4180} INFO - Setting next_dagrun for consume_1_and_2_with_dataset_expressions to None, run_after=None
[2026-08-30T23:16:59.332+0330] {logging_mixin.py:190} INFO - [2026-08-30T23:16:59.332+0330] {dag.py:4180} INFO - Setting next_dagrun for consume_1_or_2_with_dataset_expressions to None, run_after=None
[2026-08-30T23:16:59.334+0330] {logging_mixin.py:190} INFO - [2026-08-30T23:16:59.334+0330] {dag.py:4180} INFO - Setting next_dagrun for consume_1_or_both_2_and_3_with_dataset_expressions to None, run_after=None
[2026-08-30T23:16:59.336+0330] {logging_mixin.py:190} INFO - [2026-08-30T23:16:59.336+0330] {dag.py:4180} INFO - Setting next_dagrun for dataset_consumes_1 to None, run_after=None
[2026-08-30T23:16:59.338+0330] {logging_mixin.py:190} INFO - [2026-08-30T23:16:59.338+0330] {dag.py:4180} INFO - Setting next_dagrun for dataset_consumes_1_and_2 to None, run_after=None
[2026-08-30T23:16:59.340+0330] {logging_mixin.py:190} INFO - [2026-08-30T23:16:59.340+0330] {dag.py:4180} INFO - Setting next_dagrun for dataset_consumes_1_never_scheduled to None, run_after=None
[2026-08-30T23:16:59.342+0330] {logging_mixin.py:190} INFO - [2026-08-30T23:16:59.341+0330] {dag.py:4180} INFO - Setting next_dagrun for dataset_consumes_unknown_never_scheduled to None, run_after=None
[2026-08-30T23:16:59.345+0330] {logging_mixin.py:190} INFO - [2026-08-30T23:16:59.345+0330] {dag.py:4180} INFO - Setting next_dagrun for dataset_produces_1 to 2026-08-29 00:00:00+00:00, run_after=2026-08-30 00:00:00+00:00
[2026-08-30T23:16:59.347+0330] {logging_mixin.py:190} INFO - [2026-08-30T23:16:59.347+0330] {dag.py:4180} INFO - Setting next_dagrun for dataset_produces_2 to None, run_after=None
[2026-08-30T23:16:59.412+0330] {processor.py:208} INFO - Processing /home/mmirnezamina/de_final_project/airflowenv/lib/python3.10/site-packages/airflow/example_dags/example_datasets.py took 0.218 seconds
[2026-08-30T23:17:29.502+0330] {processor.py:186} INFO - Started process (PID=14089) to work on /home/mmirnezamina/de_final_project/airflowenv/lib/python3.10/site-packages/airflow/example_dags/example_datasets.py
[2026-08-30T23:17:29.504+0330] {processor.py:914} INFO - Processing file /home/mmirnezamina/de_final_project/airflowenv/lib/python3.10/site-packages/airflow/example_dags/example_datasets.py for tasks to queue
[2026-08-30T23:17:29.510+0330] {logging_mixin.py:190} INFO - [2026-08-30T23:17:29.509+0330] {dagbag.py:588} INFO - Filling up the DagBag from /home/mmirnezamina/de_final_project/airflowenv/lib/python3.10/site-packages/airflow/example_dags/example_datasets.py
[2026-08-30T23:17:29.607+0330] {processor.py:925} INFO - DAG(s) 'dataset_consumes_unknown_never_scheduled', 'dataset_consumes_1', 'consume_1_or_both_2_and_3_with_dataset_expressions', 'conditional_dataset_and_time_based_timetable', 'dataset_consumes_1_never_scheduled', 'dataset_produces_1', 'dataset_produces_2', 'consume_1_and_2_with_dataset_expressions', 'consume_1_or_2_with_dataset_expressions', 'dataset_consumes_1_and_2' retrieved from /home/mmirnezamina/de_final_project/airflowenv/lib/python3.10/site-packages/airflow/example_dags/example_datasets.py
[2026-08-30T23:17:29.858+0330] {logging_mixin.py:190} INFO - [2026-08-30T23:17:29.857+0330] {dag.py:3239} INFO - Sync 10 DAGs
[2026-08-30T23:17:30.079+0330] {logging_mixin.py:190} INFO - [2026-08-30T23:17:30.077+0330] {dag.py:4180} INFO - Setting next_dagrun for conditional_dataset_and_time_based_timetable to 2026-08-26 01:00:00+00:00, run_after=2026-08-26 01:00:00+00:00
[2026-08-30T23:17:30.112+0330] {logging_mixin.py:190} INFO - [2026-08-30T23:17:30.111+0330] {dag.py:4180} INFO - Setting next_dagrun for consume_1_and_2_with_dataset_expressions to None, run_after=None
[2026-08-30T23:17:30.131+0330] {logging_mixin.py:190} INFO - [2026-08-30T23:17:30.130+0330] {dag.py:4180} INFO - Setting next_dagrun for consume_1_or_2_with_dataset_expressions to None, run_after=None
[2026-08-30T23:17:30.142+0330] {logging_mixin.py:190} INFO - [2026-08-30T23:17:30.141+0330] {dag.py:4180} INFO - Setting next_dagrun for consume_1_or_both_2_and_3_with_dataset_expressions to None, run_after=None
[2026-08-30T23:17:30.153+0330] {logging_mixin.py:190} INFO - [2026-08-30T23:17:30.152+0330] {dag.py:4180} INFO - Setting next_dagrun for dataset_consumes_1 to None, run_after=None
[2026-08-30T23:17:30.162+0330] {logging_mixin.py:190} INFO - [2026-08-30T23:17:30.160+0330] {dag.py:4180} INFO - Setting next_dagrun for dataset_consumes_1_and_2 to None, run_after=None
[2026-08-30T23:17:30.173+0330] {logging_mixin.py:190} INFO - [2026-08-30T23:17:30.172+0330] {dag.py:4180} INFO - Setting next_dagrun for dataset_consumes_1_never_scheduled to None, run_after=None
[2026-08-30T23:17:30.179+0330] {logging_mixin.py:190} INFO - [2026-08-30T23:17:30.178+0330] {dag.py:4180} INFO - Setting next_dagrun for dataset_consumes_unknown_never_scheduled to None, run_after=None
[2026-08-30T23:17:30.198+0330] {logging_mixin.py:190} INFO - [2026-08-30T23:17:30.197+0330] {dag.py:4180} INFO - Setting next_dagrun for dataset_produces_1 to 2026-08-29 00:00:00+00:00, run_after=2026-08-30 00:00:00+00:00
[2026-08-30T23:17:30.206+0330] {logging_mixin.py:190} INFO - [2026-08-30T23:17:30.205+0330] {dag.py:4180} INFO - Setting next_dagrun for dataset_produces_2 to None, run_after=None
[2026-08-30T23:17:30.398+0330] {processor.py:208} INFO - Processing /home/mmirnezamina/de_final_project/airflowenv/lib/python3.10/site-packages/airflow/example_dags/example_datasets.py took 0.935 seconds
[2026-08-30T23:18:00.489+0330] {processor.py:186} INFO - Started process (PID=14208) to work on /home/mmirnezamina/de_final_project/airflowenv/lib/python3.10/site-packages/airflow/example_dags/example_datasets.py
[2026-08-30T23:18:00.492+0330] {processor.py:914} INFO - Processing file /home/mmirnezamina/de_final_project/airflowenv/lib/python3.10/site-packages/airflow/example_dags/example_datasets.py for tasks to queue
[2026-08-30T23:18:00.493+0330] {logging_mixin.py:190} INFO - [2026-08-30T23:18:00.493+0330] {dagbag.py:588} INFO - Filling up the DagBag from /home/mmirnezamina/de_final_project/airflowenv/lib/python3.10/site-packages/airflow/example_dags/example_datasets.py
[2026-08-30T23:18:00.513+0330] {processor.py:925} INFO - DAG(s) 'dataset_consumes_1_and_2', 'consume_1_and_2_with_dataset_expressions', 'dataset_produces_1', 'dataset_consumes_unknown_never_scheduled', 'dataset_consumes_1', 'consume_1_or_2_with_dataset_expressions', 'dataset_produces_2', 'consume_1_or_both_2_and_3_with_dataset_expressions', 'dataset_consumes_1_never_scheduled', 'conditional_dataset_and_time_based_timetable' retrieved from /home/mmirnezamina/de_final_project/airflowenv/lib/python3.10/site-packages/airflow/example_dags/example_datasets.py
[2026-08-30T23:18:00.587+0330] {logging_mixin.py:190} INFO - [2026-08-30T23:18:00.586+0330] {dag.py:3239} INFO - Sync 10 DAGs
[2026-08-30T23:18:00.629+0330] {logging_mixin.py:190} INFO - [2026-08-30T23:18:00.629+0330] {dag.py:4180} INFO - Setting next_dagrun for conditional_dataset_and_time_based_timetable to 2026-08-26 01:00:00+00:00, run_after=2026-08-26 01:00:00+00:00
[2026-08-30T23:18:00.636+0330] {logging_mixin.py:190} INFO - [2026-08-30T23:18:00.635+0330] {dag.py:4180} INFO - Setting next_dagrun for consume_1_and_2_with_dataset_expressions to None, run_after=None
[2026-08-30T23:18:00.639+0330] {logging_mixin.py:190} INFO - [2026-08-30T23:18:00.639+0330] {dag.py:4180} INFO - Setting next_dagrun for consume_1_or_2_with_dataset_expressions to None, run_after=None
[2026-08-30T23:18:00.642+0330] {logging_mixin.py:190} INFO - [2026-08-30T23:18:00.642+0330] {dag.py:4180} INFO - Setting next_dagrun for consume_1_or_both_2_and_3_with_dataset_expressions to None, run_after=None
[2026-08-30T23:18:00.645+0330] {logging_mixin.py:190} INFO - [2026-08-30T23:18:00.644+0330] {dag.py:4180} INFO - Setting next_dagrun for dataset_consumes_1 to None, run_after=None
[2026-08-30T23:18:00.649+0330] {logging_mixin.py:190} INFO - [2026-08-30T23:18:00.648+0330] {dag.py:4180} INFO - Setting next_dagrun for dataset_consumes_1_and_2 to None, run_after=None
[2026-08-30T23:18:00.653+0330] {logging_mixin.py:190} INFO - [2026-08-30T23:18:00.653+0330] {dag.py:4180} INFO - Setting next_dagrun for dataset_consumes_1_never_scheduled to None, run_after=None
[2026-08-30T23:18:00.656+0330] {logging_mixin.py:190} INFO - [2026-08-30T23:18:00.655+0330] {dag.py:4180} INFO - Setting next_dagrun for dataset_consumes_unknown_never_scheduled to None, run_after=None
[2026-08-30T23:18:00.659+0330] {logging_mixin.py:190} INFO - [2026-08-30T23:18:00.658+0330] {dag.py:4180} INFO - Setting next_dagrun for dataset_produces_1 to 2026-08-29 00:00:00+00:00, run_after=2026-08-30 00:00:00+00:00
[2026-08-30T23:18:00.660+0330] {logging_mixin.py:190} INFO - [2026-08-30T23:18:00.660+0330] {dag.py:4180} INFO - Setting next_dagrun for dataset_produces_2 to None, run_after=None
[2026-08-30T23:18:00.755+0330] {processor.py:208} INFO - Processing /home/mmirnezamina/de_final_project/airflowenv/lib/python3.10/site-packages/airflow/example_dags/example_datasets.py took 0.276 seconds
[2026-08-30T23:18:30.816+0330] {processor.py:186} INFO - Started process (PID=14326) to work on /home/mmirnezamina/de_final_project/airflowenv/lib/python3.10/site-packages/airflow/example_dags/example_datasets.py
[2026-08-30T23:18:30.817+0330] {processor.py:914} INFO - Processing file /home/mmirnezamina/de_final_project/airflowenv/lib/python3.10/site-packages/airflow/example_dags/example_datasets.py for tasks to queue
[2026-08-30T23:18:30.818+0330] {logging_mixin.py:190} INFO - [2026-08-30T23:18:30.818+0330] {dagbag.py:588} INFO - Filling up the DagBag from /home/mmirnezamina/de_final_project/airflowenv/lib/python3.10/site-packages/airflow/example_dags/example_datasets.py
[2026-08-30T23:18:30.838+0330] {processor.py:925} INFO - DAG(s) 'conditional_dataset_and_time_based_timetable', 'dataset_produces_1', 'consume_1_and_2_with_dataset_expressions', 'dataset_consumes_1_never_scheduled', 'consume_1_or_2_with_dataset_expressions', 'dataset_consumes_1_and_2', 'consume_1_or_both_2_and_3_with_dataset_expressions', 'dataset_produces_2', 'dataset_consumes_unknown_never_scheduled', 'dataset_consumes_1' retrieved from /home/mmirnezamina/de_final_project/airflowenv/lib/python3.10/site-packages/airflow/example_dags/example_datasets.py
[2026-08-30T23:18:30.903+0330] {logging_mixin.py:190} INFO - [2026-08-30T23:18:30.903+0330] {dag.py:3239} INFO - Sync 10 DAGs
[2026-08-30T23:18:30.937+0330] {logging_mixin.py:190} INFO - [2026-08-30T23:18:30.937+0330] {dag.py:4180} INFO - Setting next_dagrun for conditional_dataset_and_time_based_timetable to 2026-08-26 01:00:00+00:00, run_after=2026-08-26 01:00:00+00:00
[2026-08-30T23:18:30.942+0330] {logging_mixin.py:190} INFO - [2026-08-30T23:18:30.942+0330] {dag.py:4180} INFO - Setting next_dagrun for consume_1_and_2_with_dataset_expressions to None, run_after=None
[2026-08-30T23:18:30.944+0330] {logging_mixin.py:190} INFO - [2026-08-30T23:18:30.944+0330] {dag.py:4180} INFO - Setting next_dagrun for consume_1_or_2_with_dataset_expressions to None, run_after=None
[2026-08-30T23:18:30.946+0330] {logging_mixin.py:190} INFO - [2026-08-30T23:18:30.946+0330] {dag.py:4180} INFO - Setting next_dagrun for consume_1_or_both_2_and_3_with_dataset_expressions to None, run_after=None
[2026-08-30T23:18:30.948+0330] {logging_mixin.py:190} INFO - [2026-08-30T23:18:30.948+0330] {dag.py:4180} INFO - Setting next_dagrun for dataset_consumes_1 to None, run_after=None
[2026-08-30T23:18:30.950+0330] {logging_mixin.py:190} INFO - [2026-08-30T23:18:30.950+0330] {dag.py:4180} INFO - Setting next_dagrun for dataset_consumes_1_and_2 to None, run_after=None
[2026-08-30T23:18:30.952+0330] {logging_mixin.py:190} INFO - [2026-08-30T23:18:30.951+0330] {dag.py:4180} INFO - Setting next_dagrun for dataset_consumes_1_never_scheduled to None, run_after=None
[2026-08-30T23:18:30.953+0330] {logging_mixin.py:190} INFO - [2026-08-30T23:18:30.953+0330] {dag.py:4180} INFO - Setting next_dagrun for dataset_consumes_unknown_never_scheduled to None, run_after=None
[2026-08-30T23:18:30.957+0330] {logging_mixin.py:190} INFO - [2026-08-30T23:18:30.957+0330] {dag.py:4180} INFO - Setting next_dagrun for dataset_produces_1 to 2026-08-29 00:00:00+00:00, run_after=2026-08-30 00:00:00+00:00
[2026-08-30T23:18:30.959+0330] {logging_mixin.py:190} INFO - [2026-08-30T23:18:30.959+0330] {dag.py:4180} INFO - Setting next_dagrun for dataset_produces_2 to None, run_after=None
[2026-08-30T23:18:31.011+0330] {processor.py:208} INFO - Processing /home/mmirnezamina/de_final_project/airflowenv/lib/python3.10/site-packages/airflow/example_dags/example_datasets.py took 0.204 seconds
[2026-08-30T23:19:01.224+0330] {processor.py:186} INFO - Started process (PID=14445) to work on /home/mmirnezamina/de_final_project/airflowenv/lib/python3.10/site-packages/airflow/example_dags/example_datasets.py
[2026-08-30T23:19:01.227+0330] {processor.py:914} INFO - Processing file /home/mmirnezamina/de_final_project/airflowenv/lib/python3.10/site-packages/airflow/example_dags/example_datasets.py for tasks to queue
[2026-08-30T23:19:01.228+0330] {logging_mixin.py:190} INFO - [2026-08-30T23:19:01.228+0330] {dagbag.py:588} INFO - Filling up the DagBag from /home/mmirnezamina/de_final_project/airflowenv/lib/python3.10/site-packages/airflow/example_dags/example_datasets.py
[2026-08-30T23:19:01.255+0330] {processor.py:925} INFO - DAG(s) 'dataset_produces_2', 'consume_1_and_2_with_dataset_expressions', 'dataset_consumes_1_never_scheduled', 'dataset_consumes_unknown_never_scheduled', 'dataset_consumes_1', 'dataset_produces_1', 'conditional_dataset_and_time_based_timetable', 'dataset_consumes_1_and_2', 'consume_1_or_both_2_and_3_with_dataset_expressions', 'consume_1_or_2_with_dataset_expressions' retrieved from /home/mmirnezamina/de_final_project/airflowenv/lib/python3.10/site-packages/airflow/example_dags/example_datasets.py
[2026-08-30T23:19:01.361+0330] {logging_mixin.py:190} INFO - [2026-08-30T23:19:01.361+0330] {dag.py:3239} INFO - Sync 10 DAGs
[2026-08-30T23:19:01.423+0330] {logging_mixin.py:190} INFO - [2026-08-30T23:19:01.422+0330] {dag.py:4180} INFO - Setting next_dagrun for conditional_dataset_and_time_based_timetable to 2026-08-26 01:00:00+00:00, run_after=2026-08-26 01:00:00+00:00
[2026-08-30T23:19:01.433+0330] {logging_mixin.py:190} INFO - [2026-08-30T23:19:01.433+0330] {dag.py:4180} INFO - Setting next_dagrun for consume_1_and_2_with_dataset_expressions to None, run_after=None
[2026-08-30T23:19:01.437+0330] {logging_mixin.py:190} INFO - [2026-08-30T23:19:01.436+0330] {dag.py:4180} INFO - Setting next_dagrun for consume_1_or_2_with_dataset_expressions to None, run_after=None
[2026-08-30T23:19:01.439+0330] {logging_mixin.py:190} INFO - [2026-08-30T23:19:01.439+0330] {dag.py:4180} INFO - Setting next_dagrun for consume_1_or_both_2_and_3_with_dataset_expressions to None, run_after=None
[2026-08-30T23:19:01.442+0330] {logging_mixin.py:190} INFO - [2026-08-30T23:19:01.442+0330] {dag.py:4180} INFO - Setting next_dagrun for dataset_consumes_1 to None, run_after=None
[2026-08-30T23:19:01.445+0330] {logging_mixin.py:190} INFO - [2026-08-30T23:19:01.445+0330] {dag.py:4180} INFO - Setting next_dagrun for dataset_consumes_1_and_2 to None, run_after=None
[2026-08-30T23:19:01.450+0330] {logging_mixin.py:190} INFO - [2026-08-30T23:19:01.449+0330] {dag.py:4180} INFO - Setting next_dagrun for dataset_consumes_1_never_scheduled to None, run_after=None
[2026-08-30T23:19:01.453+0330] {logging_mixin.py:190} INFO - [2026-08-30T23:19:01.453+0330] {dag.py:4180} INFO - Setting next_dagrun for dataset_consumes_unknown_never_scheduled to None, run_after=None
[2026-08-30T23:19:01.460+0330] {logging_mixin.py:190} INFO - [2026-08-30T23:19:01.459+0330] {dag.py:4180} INFO - Setting next_dagrun for dataset_produces_1 to 2026-08-29 00:00:00+00:00, run_after=2026-08-30 00:00:00+00:00
[2026-08-30T23:19:01.489+0330] {logging_mixin.py:190} INFO - [2026-08-30T23:19:01.488+0330] {dag.py:4180} INFO - Setting next_dagrun for dataset_produces_2 to None, run_after=None
[2026-08-30T23:19:01.586+0330] {processor.py:208} INFO - Processing /home/mmirnezamina/de_final_project/airflowenv/lib/python3.10/site-packages/airflow/example_dags/example_datasets.py took 0.375 seconds
[2026-08-30T23:19:31.732+0330] {processor.py:186} INFO - Started process (PID=14563) to work on /home/mmirnezamina/de_final_project/airflowenv/lib/python3.10/site-packages/airflow/example_dags/example_datasets.py
[2026-08-30T23:19:31.734+0330] {processor.py:914} INFO - Processing file /home/mmirnezamina/de_final_project/airflowenv/lib/python3.10/site-packages/airflow/example_dags/example_datasets.py for tasks to queue
[2026-08-30T23:19:31.735+0330] {logging_mixin.py:190} INFO - [2026-08-30T23:19:31.735+0330] {dagbag.py:588} INFO - Filling up the DagBag from /home/mmirnezamina/de_final_project/airflowenv/lib/python3.10/site-packages/airflow/example_dags/example_datasets.py
[2026-08-30T23:19:31.752+0330] {processor.py:925} INFO - DAG(s) 'dataset_consumes_unknown_never_scheduled', 'dataset_consumes_1_never_scheduled', 'dataset_consumes_1_and_2', 'consume_1_or_both_2_and_3_with_dataset_expressions', 'conditional_dataset_and_time_based_timetable', 'consume_1_and_2_with_dataset_expressions', 'dataset_produces_1', 'dataset_produces_2', 'consume_1_or_2_with_dataset_expressions', 'dataset_consumes_1' retrieved from /home/mmirnezamina/de_final_project/airflowenv/lib/python3.10/site-packages/airflow/example_dags/example_datasets.py
[2026-08-30T23:19:31.812+0330] {logging_mixin.py:190} INFO - [2026-08-30T23:19:31.812+0330] {dag.py:3239} INFO - Sync 10 DAGs
[2026-08-30T23:19:31.848+0330] {logging_mixin.py:190} INFO - [2026-08-30T23:19:31.847+0330] {dag.py:4180} INFO - Setting next_dagrun for conditional_dataset_and_time_based_timetable to 2026-08-26 01:00:00+00:00, run_after=2026-08-26 01:00:00+00:00
[2026-08-30T23:19:31.854+0330] {logging_mixin.py:190} INFO - [2026-08-30T23:19:31.854+0330] {dag.py:4180} INFO - Setting next_dagrun for consume_1_and_2_with_dataset_expressions to None, run_after=None
[2026-08-30T23:19:31.856+0330] {logging_mixin.py:190} INFO - [2026-08-30T23:19:31.855+0330] {dag.py:4180} INFO - Setting next_dagrun for consume_1_or_2_with_dataset_expressions to None, run_after=None
[2026-08-30T23:19:31.858+0330] {logging_mixin.py:190} INFO - [2026-08-30T23:19:31.858+0330] {dag.py:4180} INFO - Setting next_dagrun for consume_1_or_both_2_and_3_with_dataset_expressions to None, run_after=None
[2026-08-30T23:19:31.860+0330] {logging_mixin.py:190} INFO - [2026-08-30T23:19:31.860+0330] {dag.py:4180} INFO - Setting next_dagrun for dataset_consumes_1 to None, run_after=None
[2026-08-30T23:19:31.862+0330] {logging_mixin.py:190} INFO - [2026-08-30T23:19:31.861+0330] {dag.py:4180} INFO - Setting next_dagrun for dataset_consumes_1_and_2 to None, run_after=None
[2026-08-30T23:19:31.863+0330] {logging_mixin.py:190} INFO - [2026-08-30T23:19:31.863+0330] {dag.py:4180} INFO - Setting next_dagrun for dataset_consumes_1_never_scheduled to None, run_after=None
[2026-08-30T23:19:31.865+0330] {logging_mixin.py:190} INFO - [2026-08-30T23:19:31.865+0330] {dag.py:4180} INFO - Setting next_dagrun for dataset_consumes_unknown_never_scheduled to None, run_after=None
[2026-08-30T23:19:31.868+0330] {logging_mixin.py:190} INFO - [2026-08-30T23:19:31.868+0330] {dag.py:4180} INFO - Setting next_dagrun for dataset_produces_1 to 2026-08-29 00:00:00+00:00, run_after=2026-08-30 00:00:00+00:00
[2026-08-30T23:19:31.869+0330] {logging_mixin.py:190} INFO - [2026-08-30T23:19:31.869+0330] {dag.py:4180} INFO - Setting next_dagrun for dataset_produces_2 to None, run_after=None
[2026-08-30T23:19:31.914+0330] {processor.py:208} INFO - Processing /home/mmirnezamina/de_final_project/airflowenv/lib/python3.10/site-packages/airflow/example_dags/example_datasets.py took 0.190 seconds
[2026-08-30T23:20:02.290+0330] {processor.py:186} INFO - Started process (PID=14682) to work on /home/mmirnezamina/de_final_project/airflowenv/lib/python3.10/site-packages/airflow/example_dags/example_datasets.py
[2026-08-30T23:20:02.293+0330] {processor.py:914} INFO - Processing file /home/mmirnezamina/de_final_project/airflowenv/lib/python3.10/site-packages/airflow/example_dags/example_datasets.py for tasks to queue
[2026-08-30T23:20:02.294+0330] {logging_mixin.py:190} INFO - [2026-08-30T23:20:02.293+0330] {dagbag.py:588} INFO - Filling up the DagBag from /home/mmirnezamina/de_final_project/airflowenv/lib/python3.10/site-packages/airflow/example_dags/example_datasets.py
[2026-08-30T23:20:02.306+0330] {processor.py:925} INFO - DAG(s) 'dataset_produces_1', 'dataset_consumes_unknown_never_scheduled', 'dataset_consumes_1_and_2', 'consume_1_or_both_2_and_3_with_dataset_expressions', 'dataset_produces_2', 'dataset_consumes_1_never_scheduled', 'conditional_dataset_and_time_based_timetable', 'consume_1_or_2_with_dataset_expressions', 'dataset_consumes_1', 'consume_1_and_2_with_dataset_expressions' retrieved from /home/mmirnezamina/de_final_project/airflowenv/lib/python3.10/site-packages/airflow/example_dags/example_datasets.py
[2026-08-30T23:20:02.369+0330] {logging_mixin.py:190} INFO - [2026-08-30T23:20:02.369+0330] {dag.py:3239} INFO - Sync 10 DAGs
[2026-08-30T23:20:02.412+0330] {logging_mixin.py:190} INFO - [2026-08-30T23:20:02.412+0330] {dag.py:4180} INFO - Setting next_dagrun for conditional_dataset_and_time_based_timetable to 2026-08-26 01:00:00+00:00, run_after=2026-08-26 01:00:00+00:00
[2026-08-30T23:20:02.417+0330] {logging_mixin.py:190} INFO - [2026-08-30T23:20:02.417+0330] {dag.py:4180} INFO - Setting next_dagrun for consume_1_and_2_with_dataset_expressions to None, run_after=None
[2026-08-30T23:20:02.419+0330] {logging_mixin.py:190} INFO - [2026-08-30T23:20:02.419+0330] {dag.py:4180} INFO - Setting next_dagrun for consume_1_or_2_with_dataset_expressions to None, run_after=None
[2026-08-30T23:20:02.420+0330] {logging_mixin.py:190} INFO - [2026-08-30T23:20:02.420+0330] {dag.py:4180} INFO - Setting next_dagrun for consume_1_or_both_2_and_3_with_dataset_expressions to None, run_after=None
[2026-08-30T23:20:02.422+0330] {logging_mixin.py:190} INFO - [2026-08-30T23:20:02.422+0330] {dag.py:4180} INFO - Setting next_dagrun for dataset_consumes_1 to None, run_after=None
[2026-08-30T23:20:02.423+0330] {logging_mixin.py:190} INFO - [2026-08-30T23:20:02.423+0330] {dag.py:4180} INFO - Setting next_dagrun for dataset_consumes_1_and_2 to None, run_after=None
[2026-08-30T23:20:02.426+0330] {logging_mixin.py:190} INFO - [2026-08-30T23:20:02.425+0330] {dag.py:4180} INFO - Setting next_dagrun for dataset_consumes_1_never_scheduled to None, run_after=None
[2026-08-30T23:20:02.428+0330] {logging_mixin.py:190} INFO - [2026-08-30T23:20:02.427+0330] {dag.py:4180} INFO - Setting next_dagrun for dataset_consumes_unknown_never_scheduled to None, run_after=None
[2026-08-30T23:20:02.432+0330] {logging_mixin.py:190} INFO - [2026-08-30T23:20:02.431+0330] {dag.py:4180} INFO - Setting next_dagrun for dataset_produces_1 to 2026-08-29 00:00:00+00:00, run_after=2026-08-30 00:00:00+00:00
[2026-08-30T23:20:02.434+0330] {logging_mixin.py:190} INFO - [2026-08-30T23:20:02.434+0330] {dag.py:4180} INFO - Setting next_dagrun for dataset_produces_2 to None, run_after=None
[2026-08-30T23:20:02.481+0330] {processor.py:208} INFO - Processing /home/mmirnezamina/de_final_project/airflowenv/lib/python3.10/site-packages/airflow/example_dags/example_datasets.py took 0.198 seconds
[2026-08-30T23:20:32.768+0330] {processor.py:186} INFO - Started process (PID=14804) to work on /home/mmirnezamina/de_final_project/airflowenv/lib/python3.10/site-packages/airflow/example_dags/example_datasets.py
[2026-08-30T23:20:32.771+0330] {processor.py:914} INFO - Processing file /home/mmirnezamina/de_final_project/airflowenv/lib/python3.10/site-packages/airflow/example_dags/example_datasets.py for tasks to queue
[2026-08-30T23:20:32.772+0330] {logging_mixin.py:190} INFO - [2026-08-30T23:20:32.772+0330] {dagbag.py:588} INFO - Filling up the DagBag from /home/mmirnezamina/de_final_project/airflowenv/lib/python3.10/site-packages/airflow/example_dags/example_datasets.py
[2026-08-30T23:20:32.788+0330] {processor.py:925} INFO - DAG(s) 'consume_1_or_2_with_dataset_expressions', 'dataset_consumes_1', 'dataset_consumes_1_never_scheduled', 'dataset_consumes_1_and_2', 'consume_1_and_2_with_dataset_expressions', 'dataset_produces_2', 'consume_1_or_both_2_and_3_with_dataset_expressions', 'conditional_dataset_and_time_based_timetable', 'dataset_consumes_unknown_never_scheduled', 'dataset_produces_1' retrieved from /home/mmirnezamina/de_final_project/airflowenv/lib/python3.10/site-packages/airflow/example_dags/example_datasets.py
[2026-08-30T23:20:32.841+0330] {logging_mixin.py:190} INFO - [2026-08-30T23:20:32.841+0330] {dag.py:3239} INFO - Sync 10 DAGs
[2026-08-30T23:20:32.867+0330] {logging_mixin.py:190} INFO - [2026-08-30T23:20:32.867+0330] {dag.py:4180} INFO - Setting next_dagrun for conditional_dataset_and_time_based_timetable to 2026-08-26 01:00:00+00:00, run_after=2026-08-26 01:00:00+00:00
[2026-08-30T23:20:32.871+0330] {logging_mixin.py:190} INFO - [2026-08-30T23:20:32.870+0330] {dag.py:4180} INFO - Setting next_dagrun for consume_1_and_2_with_dataset_expressions to None, run_after=None
[2026-08-30T23:20:32.872+0330] {logging_mixin.py:190} INFO - [2026-08-30T23:20:32.872+0330] {dag.py:4180} INFO - Setting next_dagrun for consume_1_or_2_with_dataset_expressions to None, run_after=None
[2026-08-30T23:20:32.873+0330] {logging_mixin.py:190} INFO - [2026-08-30T23:20:32.873+0330] {dag.py:4180} INFO - Setting next_dagrun for consume_1_or_both_2_and_3_with_dataset_expressions to None, run_after=None
[2026-08-30T23:20:32.874+0330] {logging_mixin.py:190} INFO - [2026-08-30T23:20:32.874+0330] {dag.py:4180} INFO - Setting next_dagrun for dataset_consumes_1 to None, run_after=None
[2026-08-30T23:20:32.875+0330] {logging_mixin.py:190} INFO - [2026-08-30T23:20:32.875+0330] {dag.py:4180} INFO - Setting next_dagrun for dataset_consumes_1_and_2 to None, run_after=None
[2026-08-30T23:20:32.876+0330] {logging_mixin.py:190} INFO - [2026-08-30T23:20:32.876+0330] {dag.py:4180} INFO - Setting next_dagrun for dataset_consumes_1_never_scheduled to None, run_after=None
[2026-08-30T23:20:32.877+0330] {logging_mixin.py:190} INFO - [2026-08-30T23:20:32.877+0330] {dag.py:4180} INFO - Setting next_dagrun for dataset_consumes_unknown_never_scheduled to None, run_after=None
[2026-08-30T23:20:32.879+0330] {logging_mixin.py:190} INFO - [2026-08-30T23:20:32.879+0330] {dag.py:4180} INFO - Setting next_dagrun for dataset_produces_1 to 2026-08-29 00:00:00+00:00, run_after=2026-08-30 00:00:00+00:00
[2026-08-30T23:20:32.880+0330] {logging_mixin.py:190} INFO - [2026-08-30T23:20:32.880+0330] {dag.py:4180} INFO - Setting next_dagrun for dataset_produces_2 to None, run_after=None
[2026-08-30T23:20:32.913+0330] {processor.py:208} INFO - Processing /home/mmirnezamina/de_final_project/airflowenv/lib/python3.10/site-packages/airflow/example_dags/example_datasets.py took 0.152 seconds
[2026-08-30T23:21:03.182+0330] {processor.py:186} INFO - Started process (PID=14924) to work on /home/mmirnezamina/de_final_project/airflowenv/lib/python3.10/site-packages/airflow/example_dags/example_datasets.py
[2026-08-30T23:21:03.183+0330] {processor.py:914} INFO - Processing file /home/mmirnezamina/de_final_project/airflowenv/lib/python3.10/site-packages/airflow/example_dags/example_datasets.py for tasks to queue
[2026-08-30T23:21:03.184+0330] {logging_mixin.py:190} INFO - [2026-08-30T23:21:03.184+0330] {dagbag.py:588} INFO - Filling up the DagBag from /home/mmirnezamina/de_final_project/airflowenv/lib/python3.10/site-packages/airflow/example_dags/example_datasets.py
[2026-08-30T23:21:03.196+0330] {processor.py:925} INFO - DAG(s) 'dataset_produces_1', 'consume_1_or_2_with_dataset_expressions', 'dataset_consumes_unknown_never_scheduled', 'consume_1_and_2_with_dataset_expressions', 'conditional_dataset_and_time_based_timetable', 'dataset_consumes_1_and_2', 'dataset_produces_2', 'dataset_consumes_1_never_scheduled', 'dataset_consumes_1', 'consume_1_or_both_2_and_3_with_dataset_expressions' retrieved from /home/mmirnezamina/de_final_project/airflowenv/lib/python3.10/site-packages/airflow/example_dags/example_datasets.py
[2026-08-30T23:21:03.245+0330] {logging_mixin.py:190} INFO - [2026-08-30T23:21:03.245+0330] {dag.py:3239} INFO - Sync 10 DAGs
[2026-08-30T23:21:03.271+0330] {logging_mixin.py:190} INFO - [2026-08-30T23:21:03.270+0330] {dag.py:4180} INFO - Setting next_dagrun for conditional_dataset_and_time_based_timetable to 2026-08-26 01:00:00+00:00, run_after=2026-08-26 01:00:00+00:00
[2026-08-30T23:21:03.276+0330] {logging_mixin.py:190} INFO - [2026-08-30T23:21:03.275+0330] {dag.py:4180} INFO - Setting next_dagrun for consume_1_and_2_with_dataset_expressions to None, run_after=None
[2026-08-30T23:21:03.277+0330] {logging_mixin.py:190} INFO - [2026-08-30T23:21:03.277+0330] {dag.py:4180} INFO - Setting next_dagrun for consume_1_or_2_with_dataset_expressions to None, run_after=None
[2026-08-30T23:21:03.279+0330] {logging_mixin.py:190} INFO - [2026-08-30T23:21:03.278+0330] {dag.py:4180} INFO - Setting next_dagrun for consume_1_or_both_2_and_3_with_dataset_expressions to None, run_after=None
[2026-08-30T23:21:03.280+0330] {logging_mixin.py:190} INFO - [2026-08-30T23:21:03.280+0330] {dag.py:4180} INFO - Setting next_dagrun for dataset_consumes_1 to None, run_after=None
[2026-08-30T23:21:03.282+0330] {logging_mixin.py:190} INFO - [2026-08-30T23:21:03.281+0330] {dag.py:4180} INFO - Setting next_dagrun for dataset_consumes_1_and_2 to None, run_after=None
[2026-08-30T23:21:03.283+0330] {logging_mixin.py:190} INFO - [2026-08-30T23:21:03.283+0330] {dag.py:4180} INFO - Setting next_dagrun for dataset_consumes_1_never_scheduled to None, run_after=None
[2026-08-30T23:21:03.284+0330] {logging_mixin.py:190} INFO - [2026-08-30T23:21:03.284+0330] {dag.py:4180} INFO - Setting next_dagrun for dataset_consumes_unknown_never_scheduled to None, run_after=None
[2026-08-30T23:21:03.286+0330] {logging_mixin.py:190} INFO - [2026-08-30T23:21:03.286+0330] {dag.py:4180} INFO - Setting next_dagrun for dataset_produces_1 to 2026-08-29 00:00:00+00:00, run_after=2026-08-30 00:00:00+00:00
[2026-08-30T23:21:03.288+0330] {logging_mixin.py:190} INFO - [2026-08-30T23:21:03.287+0330] {dag.py:4180} INFO - Setting next_dagrun for dataset_produces_2 to None, run_after=None
[2026-08-30T23:21:03.328+0330] {processor.py:208} INFO - Processing /home/mmirnezamina/de_final_project/airflowenv/lib/python3.10/site-packages/airflow/example_dags/example_datasets.py took 0.154 seconds
[2026-08-30T23:21:33.962+0330] {processor.py:186} INFO - Started process (PID=15041) to work on /home/mmirnezamina/de_final_project/airflowenv/lib/python3.10/site-packages/airflow/example_dags/example_datasets.py
[2026-08-30T23:21:33.963+0330] {processor.py:914} INFO - Processing file /home/mmirnezamina/de_final_project/airflowenv/lib/python3.10/site-packages/airflow/example_dags/example_datasets.py for tasks to queue
[2026-08-30T23:21:33.964+0330] {logging_mixin.py:190} INFO - [2026-08-30T23:21:33.964+0330] {dagbag.py:588} INFO - Filling up the DagBag from /home/mmirnezamina/de_final_project/airflowenv/lib/python3.10/site-packages/airflow/example_dags/example_datasets.py
[2026-08-30T23:21:33.981+0330] {processor.py:925} INFO - DAG(s) 'dataset_produces_1', 'dataset_consumes_1_never_scheduled', 'dataset_consumes_1', 'consume_1_or_both_2_and_3_with_dataset_expressions', 'dataset_consumes_unknown_never_scheduled', 'dataset_produces_2', 'conditional_dataset_and_time_based_timetable', 'consume_1_and_2_with_dataset_expressions', 'consume_1_or_2_with_dataset_expressions', 'dataset_consumes_1_and_2' retrieved from /home/mmirnezamina/de_final_project/airflowenv/lib/python3.10/site-packages/airflow/example_dags/example_datasets.py
[2026-08-30T23:21:34.037+0330] {logging_mixin.py:190} INFO - [2026-08-30T23:21:34.037+0330] {dag.py:3239} INFO - Sync 10 DAGs
[2026-08-30T23:21:34.065+0330] {logging_mixin.py:190} INFO - [2026-08-30T23:21:34.065+0330] {dag.py:4180} INFO - Setting next_dagrun for conditional_dataset_and_time_based_timetable to 2026-08-26 01:00:00+00:00, run_after=2026-08-26 01:00:00+00:00
[2026-08-30T23:21:34.068+0330] {logging_mixin.py:190} INFO - [2026-08-30T23:21:34.068+0330] {dag.py:4180} INFO - Setting next_dagrun for consume_1_and_2_with_dataset_expressions to None, run_after=None
[2026-08-30T23:21:34.070+0330] {logging_mixin.py:190} INFO - [2026-08-30T23:21:34.069+0330] {dag.py:4180} INFO - Setting next_dagrun for consume_1_or_2_with_dataset_expressions to None, run_after=None
[2026-08-30T23:21:34.071+0330] {logging_mixin.py:190} INFO - [2026-08-30T23:21:34.071+0330] {dag.py:4180} INFO - Setting next_dagrun for consume_1_or_both_2_and_3_with_dataset_expressions to None, run_after=None
[2026-08-30T23:21:34.072+0330] {logging_mixin.py:190} INFO - [2026-08-30T23:21:34.072+0330] {dag.py:4180} INFO - Setting next_dagrun for dataset_consumes_1 to None, run_after=None
[2026-08-30T23:21:34.073+0330] {logging_mixin.py:190} INFO - [2026-08-30T23:21:34.073+0330] {dag.py:4180} INFO - Setting next_dagrun for dataset_consumes_1_and_2 to None, run_after=None
[2026-08-30T23:21:34.074+0330] {logging_mixin.py:190} INFO - [2026-08-30T23:21:34.074+0330] {dag.py:4180} INFO - Setting next_dagrun for dataset_consumes_1_never_scheduled to None, run_after=None
[2026-08-30T23:21:34.075+0330] {logging_mixin.py:190} INFO - [2026-08-30T23:21:34.075+0330] {dag.py:4180} INFO - Setting next_dagrun for dataset_consumes_unknown_never_scheduled to None, run_after=None
[2026-08-30T23:21:34.077+0330] {logging_mixin.py:190} INFO - [2026-08-30T23:21:34.077+0330] {dag.py:4180} INFO - Setting next_dagrun for dataset_produces_1 to 2026-08-29 00:00:00+00:00, run_after=2026-08-30 00:00:00+00:00
[2026-08-30T23:21:34.079+0330] {logging_mixin.py:190} INFO - [2026-08-30T23:21:34.078+0330] {dag.py:4180} INFO - Setting next_dagrun for dataset_produces_2 to None, run_after=None
[2026-08-30T23:21:34.120+0330] {processor.py:208} INFO - Processing /home/mmirnezamina/de_final_project/airflowenv/lib/python3.10/site-packages/airflow/example_dags/example_datasets.py took 0.169 seconds
[2026-08-30T23:22:04.958+0330] {processor.py:186} INFO - Started process (PID=15162) to work on /home/mmirnezamina/de_final_project/airflowenv/lib/python3.10/site-packages/airflow/example_dags/example_datasets.py
[2026-08-30T23:22:04.959+0330] {processor.py:914} INFO - Processing file /home/mmirnezamina/de_final_project/airflowenv/lib/python3.10/site-packages/airflow/example_dags/example_datasets.py for tasks to queue
[2026-08-30T23:22:04.960+0330] {logging_mixin.py:190} INFO - [2026-08-30T23:22:04.960+0330] {dagbag.py:588} INFO - Filling up the DagBag from /home/mmirnezamina/de_final_project/airflowenv/lib/python3.10/site-packages/airflow/example_dags/example_datasets.py
[2026-08-30T23:22:04.975+0330] {processor.py:925} INFO - DAG(s) 'dataset_consumes_1', 'consume_1_and_2_with_dataset_expressions', 'dataset_produces_2', 'dataset_consumes_unknown_never_scheduled', 'dataset_produces_1', 'dataset_consumes_1_never_scheduled', 'conditional_dataset_and_time_based_timetable', 'consume_1_or_both_2_and_3_with_dataset_expressions', 'consume_1_or_2_with_dataset_expressions', 'dataset_consumes_1_and_2' retrieved from /home/mmirnezamina/de_final_project/airflowenv/lib/python3.10/site-packages/airflow/example_dags/example_datasets.py
[2026-08-30T23:22:05.027+0330] {logging_mixin.py:190} INFO - [2026-08-30T23:22:05.026+0330] {dag.py:3239} INFO - Sync 10 DAGs
[2026-08-30T23:22:05.053+0330] {logging_mixin.py:190} INFO - [2026-08-30T23:22:05.052+0330] {dag.py:4180} INFO - Setting next_dagrun for conditional_dataset_and_time_based_timetable to 2026-08-26 01:00:00+00:00, run_after=2026-08-26 01:00:00+00:00
[2026-08-30T23:22:05.056+0330] {logging_mixin.py:190} INFO - [2026-08-30T23:22:05.056+0330] {dag.py:4180} INFO - Setting next_dagrun for consume_1_and_2_with_dataset_expressions to None, run_after=None
[2026-08-30T23:22:05.057+0330] {logging_mixin.py:190} INFO - [2026-08-30T23:22:05.057+0330] {dag.py:4180} INFO - Setting next_dagrun for consume_1_or_2_with_dataset_expressions to None, run_after=None
[2026-08-30T23:22:05.059+0330] {logging_mixin.py:190} INFO - [2026-08-30T23:22:05.058+0330] {dag.py:4180} INFO - Setting next_dagrun for consume_1_or_both_2_and_3_with_dataset_expressions to None, run_after=None
[2026-08-30T23:22:05.060+0330] {logging_mixin.py:190} INFO - [2026-08-30T23:22:05.059+0330] {dag.py:4180} INFO - Setting next_dagrun for dataset_consumes_1 to None, run_after=None
[2026-08-30T23:22:05.061+0330] {logging_mixin.py:190} INFO - [2026-08-30T23:22:05.061+0330] {dag.py:4180} INFO - Setting next_dagrun for dataset_consumes_1_and_2 to None, run_after=None
[2026-08-30T23:22:05.062+0330] {logging_mixin.py:190} INFO - [2026-08-30T23:22:05.062+0330] {dag.py:4180} INFO - Setting next_dagrun for dataset_consumes_1_never_scheduled to None, run_after=None
[2026-08-30T23:22:05.063+0330] {logging_mixin.py:190} INFO - [2026-08-30T23:22:05.063+0330] {dag.py:4180} INFO - Setting next_dagrun for dataset_consumes_unknown_never_scheduled to None, run_after=None
[2026-08-30T23:22:05.065+0330] {logging_mixin.py:190} INFO - [2026-08-30T23:22:05.065+0330] {dag.py:4180} INFO - Setting next_dagrun for dataset_produces_1 to 2026-08-29 00:00:00+00:00, run_after=2026-08-30 00:00:00+00:00
[2026-08-30T23:22:05.066+0330] {logging_mixin.py:190} INFO - [2026-08-30T23:22:05.066+0330] {dag.py:4180} INFO - Setting next_dagrun for dataset_produces_2 to None, run_after=None
[2026-08-30T23:22:05.102+0330] {processor.py:208} INFO - Processing /home/mmirnezamina/de_final_project/airflowenv/lib/python3.10/site-packages/airflow/example_dags/example_datasets.py took 0.152 seconds
[2026-08-30T23:22:35.652+0330] {processor.py:186} INFO - Started process (PID=15279) to work on /home/mmirnezamina/de_final_project/airflowenv/lib/python3.10/site-packages/airflow/example_dags/example_datasets.py
[2026-08-30T23:22:35.654+0330] {processor.py:914} INFO - Processing file /home/mmirnezamina/de_final_project/airflowenv/lib/python3.10/site-packages/airflow/example_dags/example_datasets.py for tasks to queue
[2026-08-30T23:22:35.655+0330] {logging_mixin.py:190} INFO - [2026-08-30T23:22:35.655+0330] {dagbag.py:588} INFO - Filling up the DagBag from /home/mmirnezamina/de_final_project/airflowenv/lib/python3.10/site-packages/airflow/example_dags/example_datasets.py
[2026-08-30T23:22:35.676+0330] {processor.py:925} INFO - DAG(s) 'consume_1_and_2_with_dataset_expressions', 'dataset_produces_1', 'conditional_dataset_and_time_based_timetable', 'dataset_consumes_1_never_scheduled', 'dataset_consumes_unknown_never_scheduled', 'dataset_consumes_1_and_2', 'dataset_produces_2', 'consume_1_or_both_2_and_3_with_dataset_expressions', 'consume_1_or_2_with_dataset_expressions', 'dataset_consumes_1' retrieved from /home/mmirnezamina/de_final_project/airflowenv/lib/python3.10/site-packages/airflow/example_dags/example_datasets.py
[2026-08-30T23:22:35.745+0330] {logging_mixin.py:190} INFO - [2026-08-30T23:22:35.745+0330] {dag.py:3239} INFO - Sync 10 DAGs
[2026-08-30T23:22:35.787+0330] {logging_mixin.py:190} INFO - [2026-08-30T23:22:35.787+0330] {dag.py:4180} INFO - Setting next_dagrun for conditional_dataset_and_time_based_timetable to 2026-08-26 01:00:00+00:00, run_after=2026-08-26 01:00:00+00:00
[2026-08-30T23:22:35.793+0330] {logging_mixin.py:190} INFO - [2026-08-30T23:22:35.793+0330] {dag.py:4180} INFO - Setting next_dagrun for consume_1_and_2_with_dataset_expressions to None, run_after=None
[2026-08-30T23:22:35.797+0330] {logging_mixin.py:190} INFO - [2026-08-30T23:22:35.796+0330] {dag.py:4180} INFO - Setting next_dagrun for consume_1_or_2_with_dataset_expressions to None, run_after=None
[2026-08-30T23:22:35.800+0330] {logging_mixin.py:190} INFO - [2026-08-30T23:22:35.799+0330] {dag.py:4180} INFO - Setting next_dagrun for consume_1_or_both_2_and_3_with_dataset_expressions to None, run_after=None
[2026-08-30T23:22:35.802+0330] {logging_mixin.py:190} INFO - [2026-08-30T23:22:35.802+0330] {dag.py:4180} INFO - Setting next_dagrun for dataset_consumes_1 to None, run_after=None
[2026-08-30T23:22:35.805+0330] {logging_mixin.py:190} INFO - [2026-08-30T23:22:35.804+0330] {dag.py:4180} INFO - Setting next_dagrun for dataset_consumes_1_and_2 to None, run_after=None
[2026-08-30T23:22:35.807+0330] {logging_mixin.py:190} INFO - [2026-08-30T23:22:35.807+0330] {dag.py:4180} INFO - Setting next_dagrun for dataset_consumes_1_never_scheduled to None, run_after=None
[2026-08-30T23:22:35.809+0330] {logging_mixin.py:190} INFO - [2026-08-30T23:22:35.809+0330] {dag.py:4180} INFO - Setting next_dagrun for dataset_consumes_unknown_never_scheduled to None, run_after=None
[2026-08-30T23:22:35.813+0330] {logging_mixin.py:190} INFO - [2026-08-30T23:22:35.813+0330] {dag.py:4180} INFO - Setting next_dagrun for dataset_produces_1 to 2026-08-29 00:00:00+00:00, run_after=2026-08-30 00:00:00+00:00
[2026-08-30T23:22:35.816+0330] {logging_mixin.py:190} INFO - [2026-08-30T23:22:35.815+0330] {dag.py:4180} INFO - Setting next_dagrun for dataset_produces_2 to None, run_after=None
[2026-08-30T23:22:35.888+0330] {processor.py:208} INFO - Processing /home/mmirnezamina/de_final_project/airflowenv/lib/python3.10/site-packages/airflow/example_dags/example_datasets.py took 0.245 seconds
[2026-08-30T23:23:06.037+0330] {processor.py:186} INFO - Started process (PID=15399) to work on /home/mmirnezamina/de_final_project/airflowenv/lib/python3.10/site-packages/airflow/example_dags/example_datasets.py
[2026-08-30T23:23:06.039+0330] {processor.py:914} INFO - Processing file /home/mmirnezamina/de_final_project/airflowenv/lib/python3.10/site-packages/airflow/example_dags/example_datasets.py for tasks to queue
[2026-08-30T23:23:06.042+0330] {logging_mixin.py:190} INFO - [2026-08-30T23:23:06.041+0330] {dagbag.py:588} INFO - Filling up the DagBag from /home/mmirnezamina/de_final_project/airflowenv/lib/python3.10/site-packages/airflow/example_dags/example_datasets.py
[2026-08-30T23:23:06.081+0330] {processor.py:925} INFO - DAG(s) 'consume_1_and_2_with_dataset_expressions', 'dataset_consumes_1', 'conditional_dataset_and_time_based_timetable', 'dataset_consumes_1_and_2', 'dataset_produces_2', 'consume_1_or_both_2_and_3_with_dataset_expressions', 'dataset_consumes_unknown_never_scheduled', 'dataset_consumes_1_never_scheduled', 'dataset_produces_1', 'consume_1_or_2_with_dataset_expressions' retrieved from /home/mmirnezamina/de_final_project/airflowenv/lib/python3.10/site-packages/airflow/example_dags/example_datasets.py
[2026-08-30T23:23:06.266+0330] {logging_mixin.py:190} INFO - [2026-08-30T23:23:06.266+0330] {dag.py:3239} INFO - Sync 10 DAGs
[2026-08-30T23:23:06.342+0330] {logging_mixin.py:190} INFO - [2026-08-30T23:23:06.342+0330] {dag.py:4180} INFO - Setting next_dagrun for conditional_dataset_and_time_based_timetable to 2026-08-26 01:00:00+00:00, run_after=2026-08-26 01:00:00+00:00
[2026-08-30T23:23:06.350+0330] {logging_mixin.py:190} INFO - [2026-08-30T23:23:06.350+0330] {dag.py:4180} INFO - Setting next_dagrun for consume_1_and_2_with_dataset_expressions to None, run_after=None
[2026-08-30T23:23:06.354+0330] {logging_mixin.py:190} INFO - [2026-08-30T23:23:06.353+0330] {dag.py:4180} INFO - Setting next_dagrun for consume_1_or_2_with_dataset_expressions to None, run_after=None
[2026-08-30T23:23:06.357+0330] {logging_mixin.py:190} INFO - [2026-08-30T23:23:06.356+0330] {dag.py:4180} INFO - Setting next_dagrun for consume_1_or_both_2_and_3_with_dataset_expressions to None, run_after=None
[2026-08-30T23:23:06.360+0330] {logging_mixin.py:190} INFO - [2026-08-30T23:23:06.360+0330] {dag.py:4180} INFO - Setting next_dagrun for dataset_consumes_1 to None, run_after=None
[2026-08-30T23:23:06.363+0330] {logging_mixin.py:190} INFO - [2026-08-30T23:23:06.363+0330] {dag.py:4180} INFO - Setting next_dagrun for dataset_consumes_1_and_2 to None, run_after=None
[2026-08-30T23:23:06.366+0330] {logging_mixin.py:190} INFO - [2026-08-30T23:23:06.366+0330] {dag.py:4180} INFO - Setting next_dagrun for dataset_consumes_1_never_scheduled to None, run_after=None
[2026-08-30T23:23:06.369+0330] {logging_mixin.py:190} INFO - [2026-08-30T23:23:06.369+0330] {dag.py:4180} INFO - Setting next_dagrun for dataset_consumes_unknown_never_scheduled to None, run_after=None
[2026-08-30T23:23:06.375+0330] {logging_mixin.py:190} INFO - [2026-08-30T23:23:06.374+0330] {dag.py:4180} INFO - Setting next_dagrun for dataset_produces_1 to 2026-08-29 00:00:00+00:00, run_after=2026-08-30 00:00:00+00:00
[2026-08-30T23:23:06.378+0330] {logging_mixin.py:190} INFO - [2026-08-30T23:23:06.378+0330] {dag.py:4180} INFO - Setting next_dagrun for dataset_produces_2 to None, run_after=None
[2026-08-30T23:23:06.485+0330] {processor.py:208} INFO - Processing /home/mmirnezamina/de_final_project/airflowenv/lib/python3.10/site-packages/airflow/example_dags/example_datasets.py took 0.476 seconds
[2026-08-30T23:23:36.554+0330] {processor.py:186} INFO - Started process (PID=15520) to work on /home/mmirnezamina/de_final_project/airflowenv/lib/python3.10/site-packages/airflow/example_dags/example_datasets.py
[2026-08-30T23:23:36.555+0330] {processor.py:914} INFO - Processing file /home/mmirnezamina/de_final_project/airflowenv/lib/python3.10/site-packages/airflow/example_dags/example_datasets.py for tasks to queue
[2026-08-30T23:23:36.556+0330] {logging_mixin.py:190} INFO - [2026-08-30T23:23:36.556+0330] {dagbag.py:588} INFO - Filling up the DagBag from /home/mmirnezamina/de_final_project/airflowenv/lib/python3.10/site-packages/airflow/example_dags/example_datasets.py
[2026-08-30T23:23:36.569+0330] {processor.py:925} INFO - DAG(s) 'consume_1_or_both_2_and_3_with_dataset_expressions', 'conditional_dataset_and_time_based_timetable', 'consume_1_and_2_with_dataset_expressions', 'consume_1_or_2_with_dataset_expressions', 'dataset_consumes_1_never_scheduled', 'dataset_consumes_unknown_never_scheduled', 'dataset_produces_1', 'dataset_consumes_1', 'dataset_consumes_1_and_2', 'dataset_produces_2' retrieved from /home/mmirnezamina/de_final_project/airflowenv/lib/python3.10/site-packages/airflow/example_dags/example_datasets.py
[2026-08-30T23:23:36.626+0330] {logging_mixin.py:190} INFO - [2026-08-30T23:23:36.625+0330] {dag.py:3239} INFO - Sync 10 DAGs
[2026-08-30T23:23:36.653+0330] {logging_mixin.py:190} INFO - [2026-08-30T23:23:36.653+0330] {dag.py:4180} INFO - Setting next_dagrun for conditional_dataset_and_time_based_timetable to 2026-08-26 01:00:00+00:00, run_after=2026-08-26 01:00:00+00:00
[2026-08-30T23:23:36.657+0330] {logging_mixin.py:190} INFO - [2026-08-30T23:23:36.657+0330] {dag.py:4180} INFO - Setting next_dagrun for consume_1_and_2_with_dataset_expressions to None, run_after=None
[2026-08-30T23:23:36.658+0330] {logging_mixin.py:190} INFO - [2026-08-30T23:23:36.658+0330] {dag.py:4180} INFO - Setting next_dagrun for consume_1_or_2_with_dataset_expressions to None, run_after=None
[2026-08-30T23:23:36.660+0330] {logging_mixin.py:190} INFO - [2026-08-30T23:23:36.659+0330] {dag.py:4180} INFO - Setting next_dagrun for consume_1_or_both_2_and_3_with_dataset_expressions to None, run_after=None
[2026-08-30T23:23:36.661+0330] {logging_mixin.py:190} INFO - [2026-08-30T23:23:36.660+0330] {dag.py:4180} INFO - Setting next_dagrun for dataset_consumes_1 to None, run_after=None
[2026-08-30T23:23:36.662+0330] {logging_mixin.py:190} INFO - [2026-08-30T23:23:36.662+0330] {dag.py:4180} INFO - Setting next_dagrun for dataset_consumes_1_and_2 to None, run_after=None
[2026-08-30T23:23:36.663+0330] {logging_mixin.py:190} INFO - [2026-08-30T23:23:36.663+0330] {dag.py:4180} INFO - Setting next_dagrun for dataset_consumes_1_never_scheduled to None, run_after=None
[2026-08-30T23:23:36.665+0330] {logging_mixin.py:190} INFO - [2026-08-30T23:23:36.664+0330] {dag.py:4180} INFO - Setting next_dagrun for dataset_consumes_unknown_never_scheduled to None, run_after=None
[2026-08-30T23:23:36.667+0330] {logging_mixin.py:190} INFO - [2026-08-30T23:23:36.667+0330] {dag.py:4180} INFO - Setting next_dagrun for dataset_produces_1 to 2026-08-29 00:00:00+00:00, run_after=2026-08-30 00:00:00+00:00
[2026-08-30T23:23:36.668+0330] {logging_mixin.py:190} INFO - [2026-08-30T23:23:36.668+0330] {dag.py:4180} INFO - Setting next_dagrun for dataset_produces_2 to None, run_after=None
[2026-08-30T23:23:36.709+0330] {processor.py:208} INFO - Processing /home/mmirnezamina/de_final_project/airflowenv/lib/python3.10/site-packages/airflow/example_dags/example_datasets.py took 0.163 seconds
[2026-08-30T23:24:06.781+0330] {processor.py:186} INFO - Started process (PID=15638) to work on /home/mmirnezamina/de_final_project/airflowenv/lib/python3.10/site-packages/airflow/example_dags/example_datasets.py
[2026-08-30T23:24:06.782+0330] {processor.py:914} INFO - Processing file /home/mmirnezamina/de_final_project/airflowenv/lib/python3.10/site-packages/airflow/example_dags/example_datasets.py for tasks to queue
[2026-08-30T23:24:06.784+0330] {logging_mixin.py:190} INFO - [2026-08-30T23:24:06.783+0330] {dagbag.py:588} INFO - Filling up the DagBag from /home/mmirnezamina/de_final_project/airflowenv/lib/python3.10/site-packages/airflow/example_dags/example_datasets.py
[2026-08-30T23:24:06.796+0330] {processor.py:925} INFO - DAG(s) 'dataset_consumes_1_and_2', 'consume_1_or_both_2_and_3_with_dataset_expressions', 'consume_1_or_2_with_dataset_expressions', 'conditional_dataset_and_time_based_timetable', 'dataset_consumes_1_never_scheduled', 'consume_1_and_2_with_dataset_expressions', 'dataset_consumes_1', 'dataset_consumes_unknown_never_scheduled', 'dataset_produces_2', 'dataset_produces_1' retrieved from /home/mmirnezamina/de_final_project/airflowenv/lib/python3.10/site-packages/airflow/example_dags/example_datasets.py
[2026-08-30T23:24:06.845+0330] {logging_mixin.py:190} INFO - [2026-08-30T23:24:06.844+0330] {dag.py:3239} INFO - Sync 10 DAGs
[2026-08-30T23:24:06.868+0330] {logging_mixin.py:190} INFO - [2026-08-30T23:24:06.867+0330] {dag.py:4180} INFO - Setting next_dagrun for conditional_dataset_and_time_based_timetable to 2026-08-26 01:00:00+00:00, run_after=2026-08-26 01:00:00+00:00
[2026-08-30T23:24:06.871+0330] {logging_mixin.py:190} INFO - [2026-08-30T23:24:06.870+0330] {dag.py:4180} INFO - Setting next_dagrun for consume_1_and_2_with_dataset_expressions to None, run_after=None
[2026-08-30T23:24:06.872+0330] {logging_mixin.py:190} INFO - [2026-08-30T23:24:06.872+0330] {dag.py:4180} INFO - Setting next_dagrun for consume_1_or_2_with_dataset_expressions to None, run_after=None
[2026-08-30T23:24:06.873+0330] {logging_mixin.py:190} INFO - [2026-08-30T23:24:06.873+0330] {dag.py:4180} INFO - Setting next_dagrun for consume_1_or_both_2_and_3_with_dataset_expressions to None, run_after=None
[2026-08-30T23:24:06.874+0330] {logging_mixin.py:190} INFO - [2026-08-30T23:24:06.874+0330] {dag.py:4180} INFO - Setting next_dagrun for dataset_consumes_1 to None, run_after=None
[2026-08-30T23:24:06.875+0330] {logging_mixin.py:190} INFO - [2026-08-30T23:24:06.875+0330] {dag.py:4180} INFO - Setting next_dagrun for dataset_consumes_1_and_2 to None, run_after=None
[2026-08-30T23:24:06.876+0330] {logging_mixin.py:190} INFO - [2026-08-30T23:24:06.876+0330] {dag.py:4180} INFO - Setting next_dagrun for dataset_consumes_1_never_scheduled to None, run_after=None
[2026-08-30T23:24:06.877+0330] {logging_mixin.py:190} INFO - [2026-08-30T23:24:06.877+0330] {dag.py:4180} INFO - Setting next_dagrun for dataset_consumes_unknown_never_scheduled to None, run_after=None
[2026-08-30T23:24:06.879+0330] {logging_mixin.py:190} INFO - [2026-08-30T23:24:06.879+0330] {dag.py:4180} INFO - Setting next_dagrun for dataset_produces_1 to 2026-08-29 00:00:00+00:00, run_after=2026-08-30 00:00:00+00:00
[2026-08-30T23:24:06.880+0330] {logging_mixin.py:190} INFO - [2026-08-30T23:24:06.880+0330] {dag.py:4180} INFO - Setting next_dagrun for dataset_produces_2 to None, run_after=None
[2026-08-30T23:24:06.914+0330] {processor.py:208} INFO - Processing /home/mmirnezamina/de_final_project/airflowenv/lib/python3.10/site-packages/airflow/example_dags/example_datasets.py took 0.139 seconds
[2026-08-30T23:24:36.975+0330] {processor.py:186} INFO - Started process (PID=15755) to work on /home/mmirnezamina/de_final_project/airflowenv/lib/python3.10/site-packages/airflow/example_dags/example_datasets.py
[2026-08-30T23:24:36.976+0330] {processor.py:914} INFO - Processing file /home/mmirnezamina/de_final_project/airflowenv/lib/python3.10/site-packages/airflow/example_dags/example_datasets.py for tasks to queue
[2026-08-30T23:24:36.978+0330] {logging_mixin.py:190} INFO - [2026-08-30T23:24:36.977+0330] {dagbag.py:588} INFO - Filling up the DagBag from /home/mmirnezamina/de_final_project/airflowenv/lib/python3.10/site-packages/airflow/example_dags/example_datasets.py
[2026-08-30T23:24:37.001+0330] {processor.py:925} INFO - DAG(s) 'dataset_consumes_unknown_never_scheduled', 'dataset_consumes_1_never_scheduled', 'dataset_consumes_1', 'dataset_consumes_1_and_2', 'consume_1_or_2_with_dataset_expressions', 'consume_1_and_2_with_dataset_expressions', 'dataset_produces_2', 'dataset_produces_1', 'consume_1_or_both_2_and_3_with_dataset_expressions', 'conditional_dataset_and_time_based_timetable' retrieved from /home/mmirnezamina/de_final_project/airflowenv/lib/python3.10/site-packages/airflow/example_dags/example_datasets.py
[2026-08-30T23:24:37.069+0330] {logging_mixin.py:190} INFO - [2026-08-30T23:24:37.069+0330] {dag.py:3239} INFO - Sync 10 DAGs
[2026-08-30T23:24:37.100+0330] {logging_mixin.py:190} INFO - [2026-08-30T23:24:37.099+0330] {dag.py:4180} INFO - Setting next_dagrun for conditional_dataset_and_time_based_timetable to 2026-08-26 01:00:00+00:00, run_after=2026-08-26 01:00:00+00:00
[2026-08-30T23:24:37.104+0330] {logging_mixin.py:190} INFO - [2026-08-30T23:24:37.104+0330] {dag.py:4180} INFO - Setting next_dagrun for consume_1_and_2_with_dataset_expressions to None, run_after=None
[2026-08-30T23:24:37.106+0330] {logging_mixin.py:190} INFO - [2026-08-30T23:24:37.106+0330] {dag.py:4180} INFO - Setting next_dagrun for consume_1_or_2_with_dataset_expressions to None, run_after=None
[2026-08-30T23:24:37.108+0330] {logging_mixin.py:190} INFO - [2026-08-30T23:24:37.108+0330] {dag.py:4180} INFO - Setting next_dagrun for consume_1_or_both_2_and_3_with_dataset_expressions to None, run_after=None
[2026-08-30T23:24:37.110+0330] {logging_mixin.py:190} INFO - [2026-08-30T23:24:37.110+0330] {dag.py:4180} INFO - Setting next_dagrun for dataset_consumes_1 to None, run_after=None
[2026-08-30T23:24:37.112+0330] {logging_mixin.py:190} INFO - [2026-08-30T23:24:37.111+0330] {dag.py:4180} INFO - Setting next_dagrun for dataset_consumes_1_and_2 to None, run_after=None
[2026-08-30T23:24:37.113+0330] {logging_mixin.py:190} INFO - [2026-08-30T23:24:37.113+0330] {dag.py:4180} INFO - Setting next_dagrun for dataset_consumes_1_never_scheduled to None, run_after=None
[2026-08-30T23:24:37.114+0330] {logging_mixin.py:190} INFO - [2026-08-30T23:24:37.114+0330] {dag.py:4180} INFO - Setting next_dagrun for dataset_consumes_unknown_never_scheduled to None, run_after=None
[2026-08-30T23:24:37.117+0330] {logging_mixin.py:190} INFO - [2026-08-30T23:24:37.117+0330] {dag.py:4180} INFO - Setting next_dagrun for dataset_produces_1 to 2026-08-29 00:00:00+00:00, run_after=2026-08-30 00:00:00+00:00
[2026-08-30T23:24:37.119+0330] {logging_mixin.py:190} INFO - [2026-08-30T23:24:37.119+0330] {dag.py:4180} INFO - Setting next_dagrun for dataset_produces_2 to None, run_after=None
[2026-08-30T23:24:37.183+0330] {processor.py:208} INFO - Processing /home/mmirnezamina/de_final_project/airflowenv/lib/python3.10/site-packages/airflow/example_dags/example_datasets.py took 0.219 seconds
[2026-08-30T23:25:07.316+0330] {processor.py:186} INFO - Started process (PID=15898) to work on /home/mmirnezamina/de_final_project/airflowenv/lib/python3.10/site-packages/airflow/example_dags/example_datasets.py
[2026-08-30T23:25:07.317+0330] {processor.py:914} INFO - Processing file /home/mmirnezamina/de_final_project/airflowenv/lib/python3.10/site-packages/airflow/example_dags/example_datasets.py for tasks to queue
[2026-08-30T23:25:07.318+0330] {logging_mixin.py:190} INFO - [2026-08-30T23:25:07.318+0330] {dagbag.py:588} INFO - Filling up the DagBag from /home/mmirnezamina/de_final_project/airflowenv/lib/python3.10/site-packages/airflow/example_dags/example_datasets.py
[2026-08-30T23:25:07.336+0330] {processor.py:925} INFO - DAG(s) 'dataset_consumes_1', 'dataset_consumes_unknown_never_scheduled', 'dataset_consumes_1_and_2', 'dataset_consumes_1_never_scheduled', 'dataset_produces_1', 'dataset_produces_2', 'consume_1_or_both_2_and_3_with_dataset_expressions', 'conditional_dataset_and_time_based_timetable', 'consume_1_or_2_with_dataset_expressions', 'consume_1_and_2_with_dataset_expressions' retrieved from /home/mmirnezamina/de_final_project/airflowenv/lib/python3.10/site-packages/airflow/example_dags/example_datasets.py
[2026-08-30T23:25:07.401+0330] {logging_mixin.py:190} INFO - [2026-08-30T23:25:07.400+0330] {dag.py:3239} INFO - Sync 10 DAGs
[2026-08-30T23:25:07.440+0330] {logging_mixin.py:190} INFO - [2026-08-30T23:25:07.439+0330] {dag.py:4180} INFO - Setting next_dagrun for conditional_dataset_and_time_based_timetable to 2026-08-26 01:00:00+00:00, run_after=2026-08-26 01:00:00+00:00
[2026-08-30T23:25:07.445+0330] {logging_mixin.py:190} INFO - [2026-08-30T23:25:07.444+0330] {dag.py:4180} INFO - Setting next_dagrun for consume_1_and_2_with_dataset_expressions to None, run_after=None
[2026-08-30T23:25:07.447+0330] {logging_mixin.py:190} INFO - [2026-08-30T23:25:07.446+0330] {dag.py:4180} INFO - Setting next_dagrun for consume_1_or_2_with_dataset_expressions to None, run_after=None
[2026-08-30T23:25:07.448+0330] {logging_mixin.py:190} INFO - [2026-08-30T23:25:07.448+0330] {dag.py:4180} INFO - Setting next_dagrun for consume_1_or_both_2_and_3_with_dataset_expressions to None, run_after=None
[2026-08-30T23:25:07.450+0330] {logging_mixin.py:190} INFO - [2026-08-30T23:25:07.450+0330] {dag.py:4180} INFO - Setting next_dagrun for dataset_consumes_1 to None, run_after=None
[2026-08-30T23:25:07.451+0330] {logging_mixin.py:190} INFO - [2026-08-30T23:25:07.451+0330] {dag.py:4180} INFO - Setting next_dagrun for dataset_consumes_1_and_2 to None, run_after=None
[2026-08-30T23:25:07.453+0330] {logging_mixin.py:190} INFO - [2026-08-30T23:25:07.453+0330] {dag.py:4180} INFO - Setting next_dagrun for dataset_consumes_1_never_scheduled to None, run_after=None
[2026-08-30T23:25:07.454+0330] {logging_mixin.py:190} INFO - [2026-08-30T23:25:07.454+0330] {dag.py:4180} INFO - Setting next_dagrun for dataset_consumes_unknown_never_scheduled to None, run_after=None
[2026-08-30T23:25:07.457+0330] {logging_mixin.py:190} INFO - [2026-08-30T23:25:07.457+0330] {dag.py:4180} INFO - Setting next_dagrun for dataset_produces_1 to 2026-08-29 00:00:00+00:00, run_after=2026-08-30 00:00:00+00:00
[2026-08-30T23:25:07.459+0330] {logging_mixin.py:190} INFO - [2026-08-30T23:25:07.458+0330] {dag.py:4180} INFO - Setting next_dagrun for dataset_produces_2 to None, run_after=None
[2026-08-30T23:25:07.508+0330] {processor.py:208} INFO - Processing /home/mmirnezamina/de_final_project/airflowenv/lib/python3.10/site-packages/airflow/example_dags/example_datasets.py took 0.202 seconds
[2026-08-30T23:25:37.770+0330] {processor.py:186} INFO - Started process (PID=16037) to work on /home/mmirnezamina/de_final_project/airflowenv/lib/python3.10/site-packages/airflow/example_dags/example_datasets.py
[2026-08-30T23:25:37.771+0330] {processor.py:914} INFO - Processing file /home/mmirnezamina/de_final_project/airflowenv/lib/python3.10/site-packages/airflow/example_dags/example_datasets.py for tasks to queue
[2026-08-30T23:25:37.773+0330] {logging_mixin.py:190} INFO - [2026-08-30T23:25:37.772+0330] {dagbag.py:588} INFO - Filling up the DagBag from /home/mmirnezamina/de_final_project/airflowenv/lib/python3.10/site-packages/airflow/example_dags/example_datasets.py
[2026-08-30T23:25:37.792+0330] {processor.py:925} INFO - DAG(s) 'dataset_consumes_1', 'conditional_dataset_and_time_based_timetable', 'dataset_consumes_unknown_never_scheduled', 'dataset_consumes_1_never_scheduled', 'dataset_consumes_1_and_2', 'dataset_produces_2', 'consume_1_or_2_with_dataset_expressions', 'consume_1_and_2_with_dataset_expressions', 'consume_1_or_both_2_and_3_with_dataset_expressions', 'dataset_produces_1' retrieved from /home/mmirnezamina/de_final_project/airflowenv/lib/python3.10/site-packages/airflow/example_dags/example_datasets.py
[2026-08-30T23:25:37.864+0330] {logging_mixin.py:190} INFO - [2026-08-30T23:25:37.863+0330] {dag.py:3239} INFO - Sync 10 DAGs
[2026-08-30T23:25:37.901+0330] {logging_mixin.py:190} INFO - [2026-08-30T23:25:37.900+0330] {dag.py:4180} INFO - Setting next_dagrun for conditional_dataset_and_time_based_timetable to 2026-08-26 01:00:00+00:00, run_after=2026-08-26 01:00:00+00:00
[2026-08-30T23:25:37.907+0330] {logging_mixin.py:190} INFO - [2026-08-30T23:25:37.907+0330] {dag.py:4180} INFO - Setting next_dagrun for consume_1_and_2_with_dataset_expressions to None, run_after=None
[2026-08-30T23:25:37.910+0330] {logging_mixin.py:190} INFO - [2026-08-30T23:25:37.909+0330] {dag.py:4180} INFO - Setting next_dagrun for consume_1_or_2_with_dataset_expressions to None, run_after=None
[2026-08-30T23:25:37.911+0330] {logging_mixin.py:190} INFO - [2026-08-30T23:25:37.911+0330] {dag.py:4180} INFO - Setting next_dagrun for consume_1_or_both_2_and_3_with_dataset_expressions to None, run_after=None
[2026-08-30T23:25:37.913+0330] {logging_mixin.py:190} INFO - [2026-08-30T23:25:37.913+0330] {dag.py:4180} INFO - Setting next_dagrun for dataset_consumes_1 to None, run_after=None
[2026-08-30T23:25:37.914+0330] {logging_mixin.py:190} INFO - [2026-08-30T23:25:37.914+0330] {dag.py:4180} INFO - Setting next_dagrun for dataset_consumes_1_and_2 to None, run_after=None
[2026-08-30T23:25:37.917+0330] {logging_mixin.py:190} INFO - [2026-08-30T23:25:37.916+0330] {dag.py:4180} INFO - Setting next_dagrun for dataset_consumes_1_never_scheduled to None, run_after=None
[2026-08-30T23:25:37.920+0330] {logging_mixin.py:190} INFO - [2026-08-30T23:25:37.919+0330] {dag.py:4180} INFO - Setting next_dagrun for dataset_consumes_unknown_never_scheduled to None, run_after=None
[2026-08-30T23:25:37.924+0330] {logging_mixin.py:190} INFO - [2026-08-30T23:25:37.924+0330] {dag.py:4180} INFO - Setting next_dagrun for dataset_produces_1 to 2026-08-29 00:00:00+00:00, run_after=2026-08-30 00:00:00+00:00
[2026-08-30T23:25:37.927+0330] {logging_mixin.py:190} INFO - [2026-08-30T23:25:37.926+0330] {dag.py:4180} INFO - Setting next_dagrun for dataset_produces_2 to None, run_after=None
[2026-08-30T23:25:37.993+0330] {processor.py:208} INFO - Processing /home/mmirnezamina/de_final_project/airflowenv/lib/python3.10/site-packages/airflow/example_dags/example_datasets.py took 0.233 seconds
[2026-08-30T23:26:08.155+0330] {processor.py:186} INFO - Started process (PID=16155) to work on /home/mmirnezamina/de_final_project/airflowenv/lib/python3.10/site-packages/airflow/example_dags/example_datasets.py
[2026-08-30T23:26:08.156+0330] {processor.py:914} INFO - Processing file /home/mmirnezamina/de_final_project/airflowenv/lib/python3.10/site-packages/airflow/example_dags/example_datasets.py for tasks to queue
[2026-08-30T23:26:08.157+0330] {logging_mixin.py:190} INFO - [2026-08-30T23:26:08.157+0330] {dagbag.py:588} INFO - Filling up the DagBag from /home/mmirnezamina/de_final_project/airflowenv/lib/python3.10/site-packages/airflow/example_dags/example_datasets.py
[2026-08-30T23:26:08.178+0330] {processor.py:925} INFO - DAG(s) 'dataset_consumes_1_and_2', 'dataset_produces_1', 'dataset_consumes_1_never_scheduled', 'consume_1_or_both_2_and_3_with_dataset_expressions', 'dataset_produces_2', 'conditional_dataset_and_time_based_timetable', 'dataset_consumes_1', 'dataset_consumes_unknown_never_scheduled', 'consume_1_and_2_with_dataset_expressions', 'consume_1_or_2_with_dataset_expressions' retrieved from /home/mmirnezamina/de_final_project/airflowenv/lib/python3.10/site-packages/airflow/example_dags/example_datasets.py
[2026-08-30T23:26:08.254+0330] {logging_mixin.py:190} INFO - [2026-08-30T23:26:08.253+0330] {dag.py:3239} INFO - Sync 10 DAGs
[2026-08-30T23:26:08.296+0330] {logging_mixin.py:190} INFO - [2026-08-30T23:26:08.295+0330] {dag.py:4180} INFO - Setting next_dagrun for conditional_dataset_and_time_based_timetable to 2026-08-26 01:00:00+00:00, run_after=2026-08-26 01:00:00+00:00
[2026-08-30T23:26:08.300+0330] {logging_mixin.py:190} INFO - [2026-08-30T23:26:08.300+0330] {dag.py:4180} INFO - Setting next_dagrun for consume_1_and_2_with_dataset_expressions to None, run_after=None
[2026-08-30T23:26:08.302+0330] {logging_mixin.py:190} INFO - [2026-08-30T23:26:08.302+0330] {dag.py:4180} INFO - Setting next_dagrun for consume_1_or_2_with_dataset_expressions to None, run_after=None
[2026-08-30T23:26:08.304+0330] {logging_mixin.py:190} INFO - [2026-08-30T23:26:08.304+0330] {dag.py:4180} INFO - Setting next_dagrun for consume_1_or_both_2_and_3_with_dataset_expressions to None, run_after=None
[2026-08-30T23:26:08.305+0330] {logging_mixin.py:190} INFO - [2026-08-30T23:26:08.305+0330] {dag.py:4180} INFO - Setting next_dagrun for dataset_consumes_1 to None, run_after=None
[2026-08-30T23:26:08.307+0330] {logging_mixin.py:190} INFO - [2026-08-30T23:26:08.307+0330] {dag.py:4180} INFO - Setting next_dagrun for dataset_consumes_1_and_2 to None, run_after=None
[2026-08-30T23:26:08.308+0330] {logging_mixin.py:190} INFO - [2026-08-30T23:26:08.308+0330] {dag.py:4180} INFO - Setting next_dagrun for dataset_consumes_1_never_scheduled to None, run_after=None
[2026-08-30T23:26:08.310+0330] {logging_mixin.py:190} INFO - [2026-08-30T23:26:08.310+0330] {dag.py:4180} INFO - Setting next_dagrun for dataset_consumes_unknown_never_scheduled to None, run_after=None
[2026-08-30T23:26:08.314+0330] {logging_mixin.py:190} INFO - [2026-08-30T23:26:08.313+0330] {dag.py:4180} INFO - Setting next_dagrun for dataset_produces_1 to 2026-08-29 00:00:00+00:00, run_after=2026-08-30 00:00:00+00:00
[2026-08-30T23:26:08.315+0330] {logging_mixin.py:190} INFO - [2026-08-30T23:26:08.315+0330] {dag.py:4180} INFO - Setting next_dagrun for dataset_produces_2 to None, run_after=None
[2026-08-30T23:26:08.367+0330] {processor.py:208} INFO - Processing /home/mmirnezamina/de_final_project/airflowenv/lib/python3.10/site-packages/airflow/example_dags/example_datasets.py took 0.223 seconds
[2026-08-30T23:26:38.416+0330] {processor.py:186} INFO - Started process (PID=16274) to work on /home/mmirnezamina/de_final_project/airflowenv/lib/python3.10/site-packages/airflow/example_dags/example_datasets.py
[2026-08-30T23:26:38.418+0330] {processor.py:914} INFO - Processing file /home/mmirnezamina/de_final_project/airflowenv/lib/python3.10/site-packages/airflow/example_dags/example_datasets.py for tasks to queue
[2026-08-30T23:26:38.420+0330] {logging_mixin.py:190} INFO - [2026-08-30T23:26:38.420+0330] {dagbag.py:588} INFO - Filling up the DagBag from /home/mmirnezamina/de_final_project/airflowenv/lib/python3.10/site-packages/airflow/example_dags/example_datasets.py
[2026-08-30T23:26:38.433+0330] {processor.py:925} INFO - DAG(s) 'dataset_consumes_1_never_scheduled', 'dataset_consumes_unknown_never_scheduled', 'dataset_produces_1', 'conditional_dataset_and_time_based_timetable', 'dataset_consumes_1_and_2', 'dataset_produces_2', 'consume_1_and_2_with_dataset_expressions', 'consume_1_or_both_2_and_3_with_dataset_expressions', 'dataset_consumes_1', 'consume_1_or_2_with_dataset_expressions' retrieved from /home/mmirnezamina/de_final_project/airflowenv/lib/python3.10/site-packages/airflow/example_dags/example_datasets.py
[2026-08-30T23:26:38.492+0330] {logging_mixin.py:190} INFO - [2026-08-30T23:26:38.492+0330] {dag.py:3239} INFO - Sync 10 DAGs
[2026-08-30T23:26:38.519+0330] {logging_mixin.py:190} INFO - [2026-08-30T23:26:38.519+0330] {dag.py:4180} INFO - Setting next_dagrun for conditional_dataset_and_time_based_timetable to 2026-08-26 01:00:00+00:00, run_after=2026-08-26 01:00:00+00:00
[2026-08-30T23:26:38.523+0330] {logging_mixin.py:190} INFO - [2026-08-30T23:26:38.522+0330] {dag.py:4180} INFO - Setting next_dagrun for consume_1_and_2_with_dataset_expressions to None, run_after=None
[2026-08-30T23:26:38.524+0330] {logging_mixin.py:190} INFO - [2026-08-30T23:26:38.524+0330] {dag.py:4180} INFO - Setting next_dagrun for consume_1_or_2_with_dataset_expressions to None, run_after=None
[2026-08-30T23:26:38.525+0330] {logging_mixin.py:190} INFO - [2026-08-30T23:26:38.525+0330] {dag.py:4180} INFO - Setting next_dagrun for consume_1_or_both_2_and_3_with_dataset_expressions to None, run_after=None
[2026-08-30T23:26:38.527+0330] {logging_mixin.py:190} INFO - [2026-08-30T23:26:38.526+0330] {dag.py:4180} INFO - Setting next_dagrun for dataset_consumes_1 to None, run_after=None
[2026-08-30T23:26:38.528+0330] {logging_mixin.py:190} INFO - [2026-08-30T23:26:38.528+0330] {dag.py:4180} INFO - Setting next_dagrun for dataset_consumes_1_and_2 to None, run_after=None
[2026-08-30T23:26:38.529+0330] {logging_mixin.py:190} INFO - [2026-08-30T23:26:38.529+0330] {dag.py:4180} INFO - Setting next_dagrun for dataset_consumes_1_never_scheduled to None, run_after=None
[2026-08-30T23:26:38.530+0330] {logging_mixin.py:190} INFO - [2026-08-30T23:26:38.530+0330] {dag.py:4180} INFO - Setting next_dagrun for dataset_consumes_unknown_never_scheduled to None, run_after=None
[2026-08-30T23:26:38.533+0330] {logging_mixin.py:190} INFO - [2026-08-30T23:26:38.532+0330] {dag.py:4180} INFO - Setting next_dagrun for dataset_produces_1 to 2026-08-29 00:00:00+00:00, run_after=2026-08-30 00:00:00+00:00
[2026-08-30T23:26:38.534+0330] {logging_mixin.py:190} INFO - [2026-08-30T23:26:38.534+0330] {dag.py:4180} INFO - Setting next_dagrun for dataset_produces_2 to None, run_after=None
[2026-08-30T23:26:38.576+0330] {processor.py:208} INFO - Processing /home/mmirnezamina/de_final_project/airflowenv/lib/python3.10/site-packages/airflow/example_dags/example_datasets.py took 0.168 seconds
[2026-08-30T23:28:32.901+0330] {processor.py:186} INFO - Started process (PID=16499) to work on /home/mmirnezamina/de_final_project/airflowenv/lib/python3.10/site-packages/airflow/example_dags/example_datasets.py
[2026-08-30T23:28:32.903+0330] {processor.py:914} INFO - Processing file /home/mmirnezamina/de_final_project/airflowenv/lib/python3.10/site-packages/airflow/example_dags/example_datasets.py for tasks to queue
[2026-08-30T23:28:32.907+0330] {logging_mixin.py:190} INFO - [2026-08-30T23:28:32.906+0330] {dagbag.py:588} INFO - Filling up the DagBag from /home/mmirnezamina/de_final_project/airflowenv/lib/python3.10/site-packages/airflow/example_dags/example_datasets.py
[2026-08-30T23:28:32.938+0330] {processor.py:925} INFO - DAG(s) 'consume_1_or_2_with_dataset_expressions', 'conditional_dataset_and_time_based_timetable', 'dataset_produces_2', 'dataset_consumes_1_never_scheduled', 'dataset_consumes_1_and_2', 'dataset_produces_1', 'consume_1_and_2_with_dataset_expressions', 'dataset_consumes_unknown_never_scheduled', 'dataset_consumes_1', 'consume_1_or_both_2_and_3_with_dataset_expressions' retrieved from /home/mmirnezamina/de_final_project/airflowenv/lib/python3.10/site-packages/airflow/example_dags/example_datasets.py
[2026-08-30T23:28:33.086+0330] {logging_mixin.py:190} INFO - [2026-08-30T23:28:33.084+0330] {override.py:1930} INFO - Created Permission View: can delete on DAG:consume_1_or_2_with_dataset_expressions
[2026-08-30T23:28:33.114+0330] {logging_mixin.py:190} INFO - [2026-08-30T23:28:33.113+0330] {override.py:1930} INFO - Created Permission View: can read on DAG:consume_1_or_2_with_dataset_expressions
[2026-08-30T23:28:33.132+0330] {logging_mixin.py:190} INFO - [2026-08-30T23:28:33.132+0330] {override.py:1930} INFO - Created Permission View: can edit on DAG:consume_1_or_2_with_dataset_expressions
[2026-08-30T23:28:33.164+0330] {logging_mixin.py:190} INFO - [2026-08-30T23:28:33.164+0330] {override.py:1930} INFO - Created Permission View: can create on DAG Run:consume_1_or_2_with_dataset_expressions
[2026-08-30T23:28:33.182+0330] {logging_mixin.py:190} INFO - [2026-08-30T23:28:33.181+0330] {override.py:1930} INFO - Created Permission View: can delete on DAG Run:consume_1_or_2_with_dataset_expressions
[2026-08-30T23:28:33.199+0330] {logging_mixin.py:190} INFO - [2026-08-30T23:28:33.199+0330] {override.py:1930} INFO - Created Permission View: can read on DAG Run:consume_1_or_2_with_dataset_expressions
[2026-08-30T23:28:33.220+0330] {logging_mixin.py:190} INFO - [2026-08-30T23:28:33.220+0330] {override.py:1930} INFO - Created Permission View: menu access on DAG Run:consume_1_or_2_with_dataset_expressions
[2026-08-30T23:28:33.259+0330] {logging_mixin.py:190} INFO - [2026-08-30T23:28:33.258+0330] {override.py:1930} INFO - Created Permission View: can delete on DAG:conditional_dataset_and_time_based_timetable
[2026-08-30T23:28:33.280+0330] {logging_mixin.py:190} INFO - [2026-08-30T23:28:33.279+0330] {override.py:1930} INFO - Created Permission View: can read on DAG:conditional_dataset_and_time_based_timetable
[2026-08-30T23:28:33.298+0330] {logging_mixin.py:190} INFO - [2026-08-30T23:28:33.297+0330] {override.py:1930} INFO - Created Permission View: can edit on DAG:conditional_dataset_and_time_based_timetable
[2026-08-30T23:28:33.328+0330] {logging_mixin.py:190} INFO - [2026-08-30T23:28:33.328+0330] {override.py:1930} INFO - Created Permission View: can create on DAG Run:conditional_dataset_and_time_based_timetable
[2026-08-30T23:28:33.346+0330] {logging_mixin.py:190} INFO - [2026-08-30T23:28:33.346+0330] {override.py:1930} INFO - Created Permission View: can delete on DAG Run:conditional_dataset_and_time_based_timetable
[2026-08-30T23:28:33.364+0330] {logging_mixin.py:190} INFO - [2026-08-30T23:28:33.364+0330] {override.py:1930} INFO - Created Permission View: can read on DAG Run:conditional_dataset_and_time_based_timetable
[2026-08-30T23:28:33.381+0330] {logging_mixin.py:190} INFO - [2026-08-30T23:28:33.381+0330] {override.py:1930} INFO - Created Permission View: menu access on DAG Run:conditional_dataset_and_time_based_timetable
[2026-08-30T23:28:33.425+0330] {logging_mixin.py:190} INFO - [2026-08-30T23:28:33.424+0330] {override.py:1930} INFO - Created Permission View: can delete on DAG:dataset_produces_2
[2026-08-30T23:28:33.444+0330] {logging_mixin.py:190} INFO - [2026-08-30T23:28:33.444+0330] {override.py:1930} INFO - Created Permission View: can read on DAG:dataset_produces_2
[2026-08-30T23:28:33.465+0330] {logging_mixin.py:190} INFO - [2026-08-30T23:28:33.464+0330] {override.py:1930} INFO - Created Permission View: can edit on DAG:dataset_produces_2
[2026-08-30T23:28:33.504+0330] {logging_mixin.py:190} INFO - [2026-08-30T23:28:33.503+0330] {override.py:1930} INFO - Created Permission View: can create on DAG Run:dataset_produces_2
[2026-08-30T23:28:33.523+0330] {logging_mixin.py:190} INFO - [2026-08-30T23:28:33.522+0330] {override.py:1930} INFO - Created Permission View: can delete on DAG Run:dataset_produces_2
[2026-08-30T23:28:33.544+0330] {logging_mixin.py:190} INFO - [2026-08-30T23:28:33.543+0330] {override.py:1930} INFO - Created Permission View: can read on DAG Run:dataset_produces_2
[2026-08-30T23:28:33.568+0330] {logging_mixin.py:190} INFO - [2026-08-30T23:28:33.568+0330] {override.py:1930} INFO - Created Permission View: menu access on DAG Run:dataset_produces_2
[2026-08-30T23:28:33.616+0330] {logging_mixin.py:190} INFO - [2026-08-30T23:28:33.616+0330] {override.py:1930} INFO - Created Permission View: can delete on DAG:dataset_consumes_1_never_scheduled
[2026-08-30T23:28:33.639+0330] {logging_mixin.py:190} INFO - [2026-08-30T23:28:33.638+0330] {override.py:1930} INFO - Created Permission View: can read on DAG:dataset_consumes_1_never_scheduled
[2026-08-30T23:28:33.665+0330] {logging_mixin.py:190} INFO - [2026-08-30T23:28:33.664+0330] {override.py:1930} INFO - Created Permission View: can edit on DAG:dataset_consumes_1_never_scheduled
[2026-08-30T23:28:33.703+0330] {logging_mixin.py:190} INFO - [2026-08-30T23:28:33.703+0330] {override.py:1930} INFO - Created Permission View: can create on DAG Run:dataset_consumes_1_never_scheduled
[2026-08-30T23:28:33.726+0330] {logging_mixin.py:190} INFO - [2026-08-30T23:28:33.725+0330] {override.py:1930} INFO - Created Permission View: can delete on DAG Run:dataset_consumes_1_never_scheduled
[2026-08-30T23:28:33.744+0330] {logging_mixin.py:190} INFO - [2026-08-30T23:28:33.744+0330] {override.py:1930} INFO - Created Permission View: can read on DAG Run:dataset_consumes_1_never_scheduled
[2026-08-30T23:28:33.763+0330] {logging_mixin.py:190} INFO - [2026-08-30T23:28:33.762+0330] {override.py:1930} INFO - Created Permission View: menu access on DAG Run:dataset_consumes_1_never_scheduled
[2026-08-30T23:28:33.808+0330] {logging_mixin.py:190} INFO - [2026-08-30T23:28:33.807+0330] {override.py:1930} INFO - Created Permission View: can delete on DAG:dataset_consumes_1_and_2
[2026-08-30T23:28:33.826+0330] {logging_mixin.py:190} INFO - [2026-08-30T23:28:33.826+0330] {override.py:1930} INFO - Created Permission View: can read on DAG:dataset_consumes_1_and_2
[2026-08-30T23:28:33.846+0330] {logging_mixin.py:190} INFO - [2026-08-30T23:28:33.845+0330] {override.py:1930} INFO - Created Permission View: can edit on DAG:dataset_consumes_1_and_2
[2026-08-30T23:28:33.878+0330] {logging_mixin.py:190} INFO - [2026-08-30T23:28:33.878+0330] {override.py:1930} INFO - Created Permission View: can create on DAG Run:dataset_consumes_1_and_2
[2026-08-30T23:28:33.897+0330] {logging_mixin.py:190} INFO - [2026-08-30T23:28:33.896+0330] {override.py:1930} INFO - Created Permission View: can delete on DAG Run:dataset_consumes_1_and_2
[2026-08-30T23:28:33.916+0330] {logging_mixin.py:190} INFO - [2026-08-30T23:28:33.916+0330] {override.py:1930} INFO - Created Permission View: can read on DAG Run:dataset_consumes_1_and_2
[2026-08-30T23:28:33.936+0330] {logging_mixin.py:190} INFO - [2026-08-30T23:28:33.935+0330] {override.py:1930} INFO - Created Permission View: menu access on DAG Run:dataset_consumes_1_and_2
[2026-08-30T23:28:33.976+0330] {logging_mixin.py:190} INFO - [2026-08-30T23:28:33.976+0330] {override.py:1930} INFO - Created Permission View: can delete on DAG:dataset_produces_1
[2026-08-30T23:28:33.995+0330] {logging_mixin.py:190} INFO - [2026-08-30T23:28:33.994+0330] {override.py:1930} INFO - Created Permission View: can read on DAG:dataset_produces_1
[2026-08-30T23:28:34.014+0330] {logging_mixin.py:190} INFO - [2026-08-30T23:28:34.013+0330] {override.py:1930} INFO - Created Permission View: can edit on DAG:dataset_produces_1
[2026-08-30T23:28:34.046+0330] {logging_mixin.py:190} INFO - [2026-08-30T23:28:34.045+0330] {override.py:1930} INFO - Created Permission View: can create on DAG Run:dataset_produces_1
[2026-08-30T23:28:34.065+0330] {logging_mixin.py:190} INFO - [2026-08-30T23:28:34.064+0330] {override.py:1930} INFO - Created Permission View: can delete on DAG Run:dataset_produces_1
[2026-08-30T23:28:34.084+0330] {logging_mixin.py:190} INFO - [2026-08-30T23:28:34.083+0330] {override.py:1930} INFO - Created Permission View: can read on DAG Run:dataset_produces_1
[2026-08-30T23:28:34.110+0330] {logging_mixin.py:190} INFO - [2026-08-30T23:28:34.109+0330] {override.py:1930} INFO - Created Permission View: menu access on DAG Run:dataset_produces_1
[2026-08-30T23:28:34.148+0330] {logging_mixin.py:190} INFO - [2026-08-30T23:28:34.148+0330] {override.py:1930} INFO - Created Permission View: can delete on DAG:consume_1_and_2_with_dataset_expressions
[2026-08-30T23:28:34.166+0330] {logging_mixin.py:190} INFO - [2026-08-30T23:28:34.165+0330] {override.py:1930} INFO - Created Permission View: can read on DAG:consume_1_and_2_with_dataset_expressions
[2026-08-30T23:28:34.183+0330] {logging_mixin.py:190} INFO - [2026-08-30T23:28:34.182+0330] {override.py:1930} INFO - Created Permission View: can edit on DAG:consume_1_and_2_with_dataset_expressions
[2026-08-30T23:28:34.214+0330] {logging_mixin.py:190} INFO - [2026-08-30T23:28:34.213+0330] {override.py:1930} INFO - Created Permission View: can create on DAG Run:consume_1_and_2_with_dataset_expressions
[2026-08-30T23:28:34.240+0330] {logging_mixin.py:190} INFO - [2026-08-30T23:28:34.239+0330] {override.py:1930} INFO - Created Permission View: can delete on DAG Run:consume_1_and_2_with_dataset_expressions
[2026-08-30T23:28:34.258+0330] {logging_mixin.py:190} INFO - [2026-08-30T23:28:34.258+0330] {override.py:1930} INFO - Created Permission View: can read on DAG Run:consume_1_and_2_with_dataset_expressions
[2026-08-30T23:28:34.278+0330] {logging_mixin.py:190} INFO - [2026-08-30T23:28:34.277+0330] {override.py:1930} INFO - Created Permission View: menu access on DAG Run:consume_1_and_2_with_dataset_expressions
[2026-08-30T23:28:34.320+0330] {logging_mixin.py:190} INFO - [2026-08-30T23:28:34.319+0330] {override.py:1930} INFO - Created Permission View: can delete on DAG:dataset_consumes_unknown_never_scheduled
[2026-08-30T23:28:34.339+0330] {logging_mixin.py:190} INFO - [2026-08-30T23:28:34.338+0330] {override.py:1930} INFO - Created Permission View: can read on DAG:dataset_consumes_unknown_never_scheduled
[2026-08-30T23:28:34.358+0330] {logging_mixin.py:190} INFO - [2026-08-30T23:28:34.357+0330] {override.py:1930} INFO - Created Permission View: can edit on DAG:dataset_consumes_unknown_never_scheduled
[2026-08-30T23:28:34.390+0330] {logging_mixin.py:190} INFO - [2026-08-30T23:28:34.390+0330] {override.py:1930} INFO - Created Permission View: can create on DAG Run:dataset_consumes_unknown_never_scheduled
[2026-08-30T23:28:34.409+0330] {logging_mixin.py:190} INFO - [2026-08-30T23:28:34.408+0330] {override.py:1930} INFO - Created Permission View: can delete on DAG Run:dataset_consumes_unknown_never_scheduled
[2026-08-30T23:28:34.428+0330] {logging_mixin.py:190} INFO - [2026-08-30T23:28:34.427+0330] {override.py:1930} INFO - Created Permission View: can read on DAG Run:dataset_consumes_unknown_never_scheduled
[2026-08-30T23:28:34.446+0330] {logging_mixin.py:190} INFO - [2026-08-30T23:28:34.445+0330] {override.py:1930} INFO - Created Permission View: menu access on DAG Run:dataset_consumes_unknown_never_scheduled
[2026-08-30T23:28:34.486+0330] {logging_mixin.py:190} INFO - [2026-08-30T23:28:34.486+0330] {override.py:1930} INFO - Created Permission View: can delete on DAG:dataset_consumes_1
[2026-08-30T23:28:34.505+0330] {logging_mixin.py:190} INFO - [2026-08-30T23:28:34.504+0330] {override.py:1930} INFO - Created Permission View: can read on DAG:dataset_consumes_1
[2026-08-30T23:28:34.526+0330] {logging_mixin.py:190} INFO - [2026-08-30T23:28:34.525+0330] {override.py:1930} INFO - Created Permission View: can edit on DAG:dataset_consumes_1
[2026-08-30T23:28:34.559+0330] {logging_mixin.py:190} INFO - [2026-08-30T23:28:34.559+0330] {override.py:1930} INFO - Created Permission View: can create on DAG Run:dataset_consumes_1
[2026-08-30T23:28:34.577+0330] {logging_mixin.py:190} INFO - [2026-08-30T23:28:34.577+0330] {override.py:1930} INFO - Created Permission View: can delete on DAG Run:dataset_consumes_1
[2026-08-30T23:28:34.606+0330] {logging_mixin.py:190} INFO - [2026-08-30T23:28:34.606+0330] {override.py:1930} INFO - Created Permission View: can read on DAG Run:dataset_consumes_1
[2026-08-30T23:28:34.624+0330] {logging_mixin.py:190} INFO - [2026-08-30T23:28:34.623+0330] {override.py:1930} INFO - Created Permission View: menu access on DAG Run:dataset_consumes_1
[2026-08-30T23:28:34.664+0330] {logging_mixin.py:190} INFO - [2026-08-30T23:28:34.664+0330] {override.py:1930} INFO - Created Permission View: can delete on DAG:consume_1_or_both_2_and_3_with_dataset_expressions
[2026-08-30T23:28:34.682+0330] {logging_mixin.py:190} INFO - [2026-08-30T23:28:34.682+0330] {override.py:1930} INFO - Created Permission View: can read on DAG:consume_1_or_both_2_and_3_with_dataset_expressions
[2026-08-30T23:28:34.700+0330] {logging_mixin.py:190} INFO - [2026-08-30T23:28:34.699+0330] {override.py:1930} INFO - Created Permission View: can edit on DAG:consume_1_or_both_2_and_3_with_dataset_expressions
[2026-08-30T23:28:34.731+0330] {logging_mixin.py:190} INFO - [2026-08-30T23:28:34.731+0330] {override.py:1930} INFO - Created Permission View: can create on DAG Run:consume_1_or_both_2_and_3_with_dataset_expressions
[2026-08-30T23:28:34.750+0330] {logging_mixin.py:190} INFO - [2026-08-30T23:28:34.750+0330] {override.py:1930} INFO - Created Permission View: can delete on DAG Run:consume_1_or_both_2_and_3_with_dataset_expressions
[2026-08-30T23:28:34.771+0330] {logging_mixin.py:190} INFO - [2026-08-30T23:28:34.771+0330] {override.py:1930} INFO - Created Permission View: can read on DAG Run:consume_1_or_both_2_and_3_with_dataset_expressions
[2026-08-30T23:28:34.793+0330] {logging_mixin.py:190} INFO - [2026-08-30T23:28:34.792+0330] {override.py:1930} INFO - Created Permission View: menu access on DAG Run:consume_1_or_both_2_and_3_with_dataset_expressions
[2026-08-30T23:28:34.793+0330] {logging_mixin.py:190} INFO - [2026-08-30T23:28:34.793+0330] {dag.py:3239} INFO - Sync 10 DAGs
[2026-08-30T23:28:34.818+0330] {logging_mixin.py:190} INFO - [2026-08-30T23:28:34.818+0330] {dag.py:3262} INFO - Creating ORM DAG for consume_1_or_2_with_dataset_expressions
[2026-08-30T23:28:34.820+0330] {logging_mixin.py:190} INFO - [2026-08-30T23:28:34.820+0330] {dag.py:3262} INFO - Creating ORM DAG for dataset_consumes_1_and_2
[2026-08-30T23:28:34.821+0330] {logging_mixin.py:190} INFO - [2026-08-30T23:28:34.821+0330] {dag.py:3262} INFO - Creating ORM DAG for dataset_produces_1
[2026-08-30T23:28:34.822+0330] {logging_mixin.py:190} INFO - [2026-08-30T23:28:34.822+0330] {dag.py:3262} INFO - Creating ORM DAG for consume_1_and_2_with_dataset_expressions
[2026-08-30T23:28:34.822+0330] {logging_mixin.py:190} INFO - [2026-08-30T23:28:34.822+0330] {dag.py:3262} INFO - Creating ORM DAG for dataset_consumes_1_never_scheduled
[2026-08-30T23:28:34.823+0330] {logging_mixin.py:190} INFO - [2026-08-30T23:28:34.823+0330] {dag.py:3262} INFO - Creating ORM DAG for dataset_consumes_1
[2026-08-30T23:28:34.824+0330] {logging_mixin.py:190} INFO - [2026-08-30T23:28:34.824+0330] {dag.py:3262} INFO - Creating ORM DAG for dataset_produces_2
[2026-08-30T23:28:34.826+0330] {logging_mixin.py:190} INFO - [2026-08-30T23:28:34.826+0330] {dag.py:3262} INFO - Creating ORM DAG for consume_1_or_both_2_and_3_with_dataset_expressions
[2026-08-30T23:28:34.827+0330] {logging_mixin.py:190} INFO - [2026-08-30T23:28:34.827+0330] {dag.py:3262} INFO - Creating ORM DAG for dataset_consumes_unknown_never_scheduled
[2026-08-30T23:28:34.829+0330] {logging_mixin.py:190} INFO - [2026-08-30T23:28:34.829+0330] {dag.py:3262} INFO - Creating ORM DAG for conditional_dataset_and_time_based_timetable
[2026-08-30T23:28:34.847+0330] {logging_mixin.py:190} INFO - [2026-08-30T23:28:34.846+0330] {dag.py:4180} INFO - Setting next_dagrun for conditional_dataset_and_time_based_timetable to 2026-08-26 01:00:00+00:00, run_after=2026-08-26 01:00:00+00:00
[2026-08-30T23:28:34.850+0330] {logging_mixin.py:190} INFO - [2026-08-30T23:28:34.850+0330] {dag.py:4180} INFO - Setting next_dagrun for consume_1_and_2_with_dataset_expressions to None, run_after=None
[2026-08-30T23:28:34.851+0330] {logging_mixin.py:190} INFO - [2026-08-30T23:28:34.850+0330] {dag.py:4180} INFO - Setting next_dagrun for consume_1_or_2_with_dataset_expressions to None, run_after=None
[2026-08-30T23:28:34.852+0330] {logging_mixin.py:190} INFO - [2026-08-30T23:28:34.851+0330] {dag.py:4180} INFO - Setting next_dagrun for consume_1_or_both_2_and_3_with_dataset_expressions to None, run_after=None
[2026-08-30T23:28:34.852+0330] {logging_mixin.py:190} INFO - [2026-08-30T23:28:34.852+0330] {dag.py:4180} INFO - Setting next_dagrun for dataset_consumes_1 to None, run_after=None
[2026-08-30T23:28:34.854+0330] {logging_mixin.py:190} INFO - [2026-08-30T23:28:34.853+0330] {dag.py:4180} INFO - Setting next_dagrun for dataset_consumes_1_and_2 to None, run_after=None
[2026-08-30T23:28:34.855+0330] {logging_mixin.py:190} INFO - [2026-08-30T23:28:34.855+0330] {dag.py:4180} INFO - Setting next_dagrun for dataset_consumes_1_never_scheduled to None, run_after=None
[2026-08-30T23:28:34.856+0330] {logging_mixin.py:190} INFO - [2026-08-30T23:28:34.856+0330] {dag.py:4180} INFO - Setting next_dagrun for dataset_consumes_unknown_never_scheduled to None, run_after=None
[2026-08-30T23:28:34.860+0330] {logging_mixin.py:190} INFO - [2026-08-30T23:28:34.860+0330] {dag.py:4180} INFO - Setting next_dagrun for dataset_produces_1 to 2026-08-29 00:00:00+00:00, run_after=2026-08-30 00:00:00+00:00
[2026-08-30T23:28:34.861+0330] {logging_mixin.py:190} INFO - [2026-08-30T23:28:34.861+0330] {dag.py:4180} INFO - Setting next_dagrun for dataset_produces_2 to None, run_after=None
[2026-08-30T23:28:34.932+0330] {processor.py:208} INFO - Processing /home/mmirnezamina/de_final_project/airflowenv/lib/python3.10/site-packages/airflow/example_dags/example_datasets.py took 2.045 seconds
